entry,at,order
"The player ""drak @ 5Zglli3yOZ"" stand up with the stack of 310.47.",2026-03-20T04:52:09.802Z,177398232980200
"""Daveo da rula @ hL2HOafVVY"" shows a 7♣, 10♦.",2026-03-20T04:52:07.454Z,177398232745400
"-- ending hand #254 --",2026-03-20T04:52:06.054Z,177398232605402
"""Daveo da rula @ hL2HOafVVY"" collected 12.00 from pot",2026-03-20T04:52:06.054Z,177398232605401
"Uncalled bet of 12.00 returned to ""Daveo da rula @ hL2HOafVVY""",2026-03-20T04:52:06.054Z,177398232605400
"""drak @ 5Zglli3yOZ"" folds",2026-03-20T04:52:05.228Z,177398232522800
"""Daveo da rula @ hL2HOafVVY"" raises to 13.00",2026-03-20T04:52:03.097Z,177398232309700
"""drak @ 5Zglli3yOZ"" bets 1.00",2026-03-20T04:51:57.623Z,177398231762300
"River: 8♥, K♠, 5♠, 6♣ [A♣]",2026-03-20T04:51:57.112Z,177398231711200
"""Daveo da rula @ hL2HOafVVY"" calls 1.00",2026-03-20T04:51:56.260Z,177398231626000
"""drak @ 5Zglli3yOZ"" bets 1.00",2026-03-20T04:51:54.131Z,177398231413100
"Turn: 8♥, K♠, 5♠ [6♣]",2026-03-20T04:51:52.957Z,177398231295700
"""Daveo da rula @ hL2HOafVVY"" checks",2026-03-20T04:51:52.150Z,177398231215000
"""drak @ 5Zglli3yOZ"" checks",2026-03-20T04:51:50.771Z,177398231077100
"Flop:  [8♥, K♠, 5♠]",2026-03-20T04:51:50.185Z,177398231018500
"""drak @ 5Zglli3yOZ"" calls 4.00",2026-03-20T04:51:49.371Z,177398230937100
"""Daveo da rula @ hL2HOafVVY"" raises to 4.00",2026-03-20T04:51:46.300Z,177398230630000
"""drak @ 5Zglli3yOZ"" posts a big blind of 1.00",2026-03-20T04:51:44.305Z,177398230430505
"""Daveo da rula @ hL2HOafVVY"" posts a small blind of 0.50",2026-03-20T04:51:44.305Z,177398230430504
"Player stacks: #2 ""Daveo da rula @ hL2HOafVVY"" (196.87) | #6 ""drak @ 5Zglli3yOZ"" (316.47)",2026-03-20T04:51:44.305Z,177398230430501
"-- starting hand #254 (id: 5ahpeliggjvi)  No Limit Texas Hold'em (dealer: ""Daveo da rula @ hL2HOafVVY"") --",2026-03-20T04:51:44.305Z,177398230430500
"-- ending hand #253 --",2026-03-20T04:51:41.354Z,177398230135402
"""Daveo da rula @ hL2HOafVVY"" collected 1.00 from pot",2026-03-20T04:51:41.354Z,177398230135401
"Uncalled bet of 0.50 returned to ""Daveo da rula @ hL2HOafVVY""",2026-03-20T04:51:41.354Z,177398230135400
"""drak @ 5Zglli3yOZ"" folds",2026-03-20T04:51:40.518Z,177398230051800
"""Daveo da rula @ hL2HOafVVY"" posts a big blind of 1.00",2026-03-20T04:51:24.978Z,177398228497805
"""drak @ 5Zglli3yOZ"" posts a small blind of 0.50",2026-03-20T04:51:24.978Z,177398228497804
"Player stacks: #2 ""Daveo da rula @ hL2HOafVVY"" (196.37) | #6 ""drak @ 5Zglli3yOZ"" (316.97)",2026-03-20T04:51:24.978Z,177398228497801
"-- starting hand #253 (id: 9ebdx2i8sgqc)  No Limit Texas Hold'em (dealer: ""drak @ 5Zglli3yOZ"") --",2026-03-20T04:51:24.978Z,177398228497800
"""Daveo da rula @ hL2HOafVVY"" shows a 6♦, 7♦.",2026-03-20T04:51:22.662Z,177398228266200
"-- ending hand #252 --",2026-03-20T04:51:21.344Z,177398228134402
"""Daveo da rula @ hL2HOafVVY"" collected 20.00 from pot",2026-03-20T04:51:21.344Z,177398228134401
"Uncalled bet of 20.00 returned to ""Daveo da rula @ hL2HOafVVY""",2026-03-20T04:51:21.344Z,177398228134400
"""drak @ 5Zglli3yOZ"" folds",2026-03-20T04:51:20.529Z,177398228052900
"""Daveo da rula @ hL2HOafVVY"" bets 20.00",2026-03-20T04:51:19.671Z,177398227967100
"""drak @ 5Zglli3yOZ"" checks",2026-03-20T04:51:15.872Z,177398227587200
"Turn: 8♥, 9♦, Q♣ [Q♦]",2026-03-20T04:51:15.369Z,177398227536900
"""drak @ 5Zglli3yOZ"" calls 6.00",2026-03-20T04:51:14.543Z,177398227454300
"""Daveo da rula @ hL2HOafVVY"" bets 6.00",2026-03-20T04:51:13.220Z,177398227322000
"""drak @ 5Zglli3yOZ"" checks",2026-03-20T04:51:09.364Z,177398226936400
"Flop:  [8♥, 9♦, Q♣]",2026-03-20T04:51:08.659Z,177398226865900
"""drak @ 5Zglli3yOZ"" calls 4.00",2026-03-20T04:51:07.844Z,177398226784400
"""Daveo da rula @ hL2HOafVVY"" raises to 4.00",2026-03-20T04:51:06.904Z,177398226690400
"""drak @ 5Zglli3yOZ"" posts a big blind of 1.00",2026-03-20T04:51:04.963Z,177398226496305
"""Daveo da rula @ hL2HOafVVY"" posts a small blind of 0.50",2026-03-20T04:51:04.963Z,177398226496304
"Player stacks: #2 ""Daveo da rula @ hL2HOafVVY"" (186.37) | #6 ""drak @ 5Zglli3yOZ"" (326.97)",2026-03-20T04:51:04.963Z,177398226496301
"-- starting hand #252 (id: njczo0grdfca)  No Limit Texas Hold'em (dealer: ""Daveo da rula @ hL2HOafVVY"") --",2026-03-20T04:51:04.963Z,177398226496300
"-- ending hand #251 --",2026-03-20T04:51:02.054Z,177398226205402
"""Daveo da rula @ hL2HOafVVY"" collected 1.00 from pot",2026-03-20T04:51:02.054Z,177398226205401
"Uncalled bet of 0.50 returned to ""Daveo da rula @ hL2HOafVVY""",2026-03-20T04:51:02.054Z,177398226205400
"""drak @ 5Zglli3yOZ"" folds",2026-03-20T04:51:01.214Z,177398226121400
"""Daveo da rula @ hL2HOafVVY"" posts a big blind of 1.00",2026-03-20T04:51:00.333Z,177398226033305
"""drak @ 5Zglli3yOZ"" posts a small blind of 0.50",2026-03-20T04:51:00.333Z,177398226033304
"Player stacks: #2 ""Daveo da rula @ hL2HOafVVY"" (185.87) | #6 ""drak @ 5Zglli3yOZ"" (327.47)",2026-03-20T04:51:00.333Z,177398226033301
"-- starting hand #251 (id: lebq2q4t3irs)  No Limit Texas Hold'em (dealer: ""drak @ 5Zglli3yOZ"") --",2026-03-20T04:51:00.333Z,177398226033300
"""drak @ 5Zglli3yOZ"" shows a 2♠.",2026-03-20T04:50:58.850Z,177398225885000
"""drak @ 5Zglli3yOZ"" shows a 5♠.",2026-03-20T04:50:57.720Z,177398225772000
"-- ending hand #250 --",2026-03-20T04:50:56.712Z,177398225671202
"""drak @ 5Zglli3yOZ"" collected 20.00 from pot",2026-03-20T04:50:56.712Z,177398225671201
"Uncalled bet of 8.00 returned to ""drak @ 5Zglli3yOZ""",2026-03-20T04:50:56.712Z,177398225671200
"""Daveo da rula @ hL2HOafVVY"" folds",2026-03-20T04:50:55.900Z,177398225590000
"""drak @ 5Zglli3yOZ"" bets 8.00",2026-03-20T04:50:54.679Z,177398225467900
"River: K♥, 5♦, 8♣, K♣ [3♦]",2026-03-20T04:50:52.138Z,177398225213800
"""Daveo da rula @ hL2HOafVVY"" checks",2026-03-20T04:50:51.331Z,177398225133100
"""drak @ 5Zglli3yOZ"" checks",2026-03-20T04:50:50.385Z,177398225038500
"Turn: K♥, 5♦, 8♣ [K♣]",2026-03-20T04:50:49.604Z,177398224960400
"""drak @ 5Zglli3yOZ"" calls 6.00",2026-03-20T04:50:48.759Z,177398224875900
"""Daveo da rula @ hL2HOafVVY"" bets 6.00",2026-03-20T04:50:47.621Z,177398224762100
"""drak @ 5Zglli3yOZ"" checks",2026-03-20T04:50:44.556Z,177398224455600
"Flop:  [K♥, 5♦, 8♣]",2026-03-20T04:50:43.501Z,177398224350100
"""drak @ 5Zglli3yOZ"" calls 4.00",2026-03-20T04:50:42.684Z,177398224268400
"""Daveo da rula @ hL2HOafVVY"" raises to 4.00",2026-03-20T04:50:41.821Z,177398224182100
"""drak @ 5Zglli3yOZ"" posts a big blind of 1.00",2026-03-20T04:50:39.794Z,177398223979405
"""Daveo da rula @ hL2HOafVVY"" posts a small blind of 0.50",2026-03-20T04:50:39.794Z,177398223979404
"Player stacks: #2 ""Daveo da rula @ hL2HOafVVY"" (195.87) | #6 ""drak @ 5Zglli3yOZ"" (317.47)",2026-03-20T04:50:39.794Z,177398223979401
"-- starting hand #250 (id: o2tlrddge6f3)  No Limit Texas Hold'em (dealer: ""Daveo da rula @ hL2HOafVVY"") --",2026-03-20T04:50:39.794Z,177398223979400
"""Daveo da rula @ hL2HOafVVY"" shows a 5♣, 4♠.",2026-03-20T04:50:36.917Z,177398223691700
"-- ending hand #249 --",2026-03-20T04:50:36.131Z,177398223613102
"""Daveo da rula @ hL2HOafVVY"" collected 1.00 from pot",2026-03-20T04:50:36.131Z,177398223613101
"Uncalled bet of 0.50 returned to ""Daveo da rula @ hL2HOafVVY""",2026-03-20T04:50:36.131Z,177398223613100
"""drak @ 5Zglli3yOZ"" folds",2026-03-20T04:50:35.292Z,177398223529200
"""Daveo da rula @ hL2HOafVVY"" posts a big blind of 1.00",2026-03-20T04:50:34.452Z,177398223445205
"""drak @ 5Zglli3yOZ"" posts a small blind of 0.50",2026-03-20T04:50:34.452Z,177398223445204
"Player stacks: #2 ""Daveo da rula @ hL2HOafVVY"" (195.37) | #6 ""drak @ 5Zglli3yOZ"" (317.97)",2026-03-20T04:50:34.452Z,177398223445201
"-- starting hand #249 (id: 48m0iiwgc5n2)  No Limit Texas Hold'em (dealer: ""drak @ 5Zglli3yOZ"") --",2026-03-20T04:50:34.452Z,177398223445200
"""Daveo da rula @ hL2HOafVVY"" shows a 9♦, 5♥.",2026-03-20T04:50:32.180Z,177398223218000
"-- ending hand #248 --",2026-03-20T04:50:30.830Z,177398223083002
"""Daveo da rula @ hL2HOafVVY"" collected 8.00 from pot",2026-03-20T04:50:30.830Z,177398223083001
"Uncalled bet of 6.00 returned to ""Daveo da rula @ hL2HOafVVY""",2026-03-20T04:50:30.830Z,177398223083000
"""drak @ 5Zglli3yOZ"" folds",2026-03-20T04:50:29.988Z,177398222998800
"""Daveo da rula @ hL2HOafVVY"" bets 6.00",2026-03-20T04:50:29.150Z,177398222915000
"""drak @ 5Zglli3yOZ"" checks",2026-03-20T04:50:25.976Z,177398222597600
"Flop:  [Q♠, A♦, J♦]",2026-03-20T04:50:25.025Z,177398222502500
"""drak @ 5Zglli3yOZ"" calls 4.00",2026-03-20T04:50:24.157Z,177398222415700
"""Daveo da rula @ hL2HOafVVY"" raises to 4.00",2026-03-20T04:50:22.970Z,177398222297000
"""drak @ 5Zglli3yOZ"" posts a big blind of 1.00",2026-03-20T04:50:20.748Z,177398222074805
"""Daveo da rula @ hL2HOafVVY"" posts a small blind of 0.50",2026-03-20T04:50:20.748Z,177398222074804
"Player stacks: #2 ""Daveo da rula @ hL2HOafVVY"" (191.37) | #6 ""drak @ 5Zglli3yOZ"" (321.97)",2026-03-20T04:50:20.748Z,177398222074801
"-- starting hand #248 (id: pvtzqsmgqq2b)  No Limit Texas Hold'em (dealer: ""Daveo da rula @ hL2HOafVVY"") --",2026-03-20T04:50:20.748Z,177398222074800
"""Daveo da rula @ hL2HOafVVY"" shows a 2♦, 8♥.",2026-03-20T04:50:17.917Z,177398221791700
"""drak @ 5Zglli3yOZ"" shows a 10♦, 10♠.",2026-03-20T04:50:17.175Z,177398221717500
"-- ending hand #247 --",2026-03-20T04:50:16.421Z,177398221642102
"""drak @ 5Zglli3yOZ"" collected 2.00 from pot",2026-03-20T04:50:16.421Z,177398221642101
"Uncalled bet of 4.00 returned to ""drak @ 5Zglli3yOZ""",2026-03-20T04:50:16.421Z,177398221642100
"""Daveo da rula @ hL2HOafVVY"" folds",2026-03-20T04:50:15.560Z,177398221556000
"""drak @ 5Zglli3yOZ"" raises to 5.00",2026-03-20T04:50:14.499Z,177398221449900
"""Daveo da rula @ hL2HOafVVY"" posts a big blind of 1.00",2026-03-20T04:50:09.817Z,177398220981705
"""drak @ 5Zglli3yOZ"" posts a small blind of 0.50",2026-03-20T04:50:09.817Z,177398220981704
"Player stacks: #2 ""Daveo da rula @ hL2HOafVVY"" (192.37) | #6 ""drak @ 5Zglli3yOZ"" (320.97)",2026-03-20T04:50:09.817Z,177398220981701
"-- starting hand #247 (id: tmisukcuobdm)  No Limit Texas Hold'em (dealer: ""drak @ 5Zglli3yOZ"") --",2026-03-20T04:50:09.817Z,177398220981700
"""Daveo da rula @ hL2HOafVVY"" shows a 5♠, 10♦.",2026-03-20T04:50:06.683Z,177398220668300
"""drak @ 5Zglli3yOZ"" shows a J♠, J♥.",2026-03-20T04:50:05.692Z,177398220569200
"-- ending hand #246 --",2026-03-20T04:50:05.408Z,177398220540802
"""drak @ 5Zglli3yOZ"" collected 1.00 from pot",2026-03-20T04:50:05.408Z,177398220540801
"Uncalled bet of 0.50 returned to ""drak @ 5Zglli3yOZ""",2026-03-20T04:50:05.408Z,177398220540800
"""Daveo da rula @ hL2HOafVVY"" folds",2026-03-20T04:50:04.525Z,177398220452500
"""drak @ 5Zglli3yOZ"" posts a big blind of 1.00",2026-03-20T04:50:03.299Z,177398220329905
"""Daveo da rula @ hL2HOafVVY"" posts a small blind of 0.50",2026-03-20T04:50:03.299Z,177398220329904
"Player stacks: #2 ""Daveo da rula @ hL2HOafVVY"" (192.87) | #6 ""drak @ 5Zglli3yOZ"" (320.47)",2026-03-20T04:50:03.299Z,177398220329901
"-- starting hand #246 (id: olq9pfws8e6y)  No Limit Texas Hold'em (dealer: ""Daveo da rula @ hL2HOafVVY"") --",2026-03-20T04:50:03.299Z,177398220329900
"-- ending hand #245 --",2026-03-20T04:50:00.344Z,177398220034402
"""Daveo da rula @ hL2HOafVVY"" collected 1.00 from pot",2026-03-20T04:50:00.344Z,177398220034401
"Uncalled bet of 0.50 returned to ""Daveo da rula @ hL2HOafVVY""",2026-03-20T04:50:00.344Z,177398220034400
"""drak @ 5Zglli3yOZ"" folds",2026-03-20T04:49:59.512Z,177398219951200
"""Daveo da rula @ hL2HOafVVY"" posts a big blind of 1.00",2026-03-20T04:49:52.906Z,177398219290605
"""drak @ 5Zglli3yOZ"" posts a small blind of 0.50",2026-03-20T04:49:52.906Z,177398219290604
"Player stacks: #2 ""Daveo da rula @ hL2HOafVVY"" (192.37) | #6 ""drak @ 5Zglli3yOZ"" (320.97)",2026-03-20T04:49:52.906Z,177398219290601
"-- starting hand #245 (id: vdyvesjr4vj3)  No Limit Texas Hold'em (dealer: ""drak @ 5Zglli3yOZ"") --",2026-03-20T04:49:52.906Z,177398219290600
"-- ending hand #244 --",2026-03-20T04:49:49.848Z,177398218984803
"""drak @ 5Zglli3yOZ"" collected 30.00 from pot with Two Pair, Q's & 8's (combination: J♥, 8♠, 8♥, Q♥, Q♠)",2026-03-20T04:49:49.848Z,177398218984802
"""drak @ 5Zglli3yOZ"" shows a 8♠, Q♥.",2026-03-20T04:49:49.848Z,177398218984801
"""Daveo da rula @ hL2HOafVVY"" shows a J♦, A♣.",2026-03-20T04:49:49.848Z,177398218984800
"""Daveo da rula @ hL2HOafVVY"" checks",2026-03-20T04:49:49.011Z,177398218901100
"""drak @ 5Zglli3yOZ"" checks",2026-03-20T04:49:48.039Z,177398218803900
"River: J♥, 10♣, 3♠, 8♥ [Q♠]",2026-03-20T04:49:47.046Z,177398218704600
"""drak @ 5Zglli3yOZ"" calls 12.00",2026-03-20T04:49:46.228Z,177398218622800
"""Daveo da rula @ hL2HOafVVY"" raises to 12.00",2026-03-20T04:49:43.623Z,177398218362300
"""drak @ 5Zglli3yOZ"" bets 4.50",2026-03-20T04:49:39.900Z,177398217990000
"Turn: J♥, 10♣, 3♠ [8♥]",2026-03-20T04:49:38.407Z,177398217840700
"""Daveo da rula @ hL2HOafVVY"" checks",2026-03-20T04:49:37.542Z,177398217754200
"""drak @ 5Zglli3yOZ"" checks",2026-03-20T04:49:35.983Z,177398217598300
"Flop:  [J♥, 10♣, 3♠]",2026-03-20T04:49:35.304Z,177398217530400
"""drak @ 5Zglli3yOZ"" calls 3.00",2026-03-20T04:49:34.442Z,177398217444200
"""Daveo da rula @ hL2HOafVVY"" raises to 3.00",2026-03-20T04:49:33.583Z,177398217358300
"""drak @ 5Zglli3yOZ"" posts a big blind of 1.00",2026-03-20T04:49:31.804Z,177398217180405
"""Daveo da rula @ hL2HOafVVY"" posts a small blind of 0.50",2026-03-20T04:49:31.804Z,177398217180404
"Player stacks: #2 ""Daveo da rula @ hL2HOafVVY"" (207.37) | #6 ""drak @ 5Zglli3yOZ"" (305.97)",2026-03-20T04:49:31.804Z,177398217180401
"-- starting hand #244 (id: qmhlnrybu1bk)  No Limit Texas Hold'em (dealer: ""Daveo da rula @ hL2HOafVVY"") --",2026-03-20T04:49:31.804Z,177398217180400
"""Daveo da rula @ hL2HOafVVY"" shows a 6♣, J♥.",2026-03-20T04:49:29.525Z,177398216952500
"""drak @ 5Zglli3yOZ"" shows a Q♦, K♦.",2026-03-20T04:49:28.128Z,177398216812800
"-- ending hand #243 --",2026-03-20T04:49:27.500Z,177398216750002
"""drak @ 5Zglli3yOZ"" collected 2.00 from pot",2026-03-20T04:49:27.500Z,177398216750001
"Uncalled bet of 2.00 returned to ""drak @ 5Zglli3yOZ""",2026-03-20T04:49:27.500Z,177398216750000
"""Daveo da rula @ hL2HOafVVY"" folds",2026-03-20T04:49:26.663Z,177398216666300
"""drak @ 5Zglli3yOZ"" raises to 3.00",2026-03-20T04:49:25.084Z,177398216508400
"""Daveo da rula @ hL2HOafVVY"" posts a big blind of 1.00",2026-03-20T04:49:23.298Z,177398216329806
"""drak @ 5Zglli3yOZ"" posts a small blind of 0.50",2026-03-20T04:49:23.298Z,177398216329805
"Player stacks: #2 ""Daveo da rula @ hL2HOafVVY"" (208.37) | #6 ""drak @ 5Zglli3yOZ"" (304.97)",2026-03-20T04:49:23.298Z,177398216329802
"-- starting hand #243 (id: 2bh6hkicbijt)  No Limit Texas Hold'em (dealer: ""drak @ 5Zglli3yOZ"") --",2026-03-20T04:49:23.298Z,177398216329801
"The player ""Eating @ 3GZqeC-ZoC"" quits the game with a stack of 69.59.",2026-03-20T04:49:23.298Z,177398216329800
"-- ending hand #242 --",2026-03-20T04:49:20.386Z,177398216038602
"""drak @ 5Zglli3yOZ"" collected 10.00 from pot",2026-03-20T04:49:20.386Z,177398216038601
"Uncalled bet of 5.00 returned to ""drak @ 5Zglli3yOZ""",2026-03-20T04:49:20.386Z,177398216038600
"""Daveo da rula @ hL2HOafVVY"" folds",2026-03-20T04:49:19.536Z,177398215953600
"""drak @ 5Zglli3yOZ"" bets 5.00",2026-03-20T04:49:17.408Z,177398215740800
"Turn: 10♦, 3♣, J♥ [4♥]",2026-03-20T04:49:15.916Z,177398215591600
"""Daveo da rula @ hL2HOafVVY"" checks",2026-03-20T04:49:15.095Z,177398215509500
"""drak @ 5Zglli3yOZ"" checks",2026-03-20T04:49:13.699Z,177398215369900
"Flop:  [10♦, 3♣, J♥]",2026-03-20T04:49:12.381Z,177398215238100
"""drak @ 5Zglli3yOZ"" calls 5.00",2026-03-20T04:49:11.571Z,177398215157100
"""Daveo da rula @ hL2HOafVVY"" raises to 5.00",2026-03-20T04:49:10.464Z,177398215046400
"""drak @ 5Zglli3yOZ"" calls 1.00",2026-03-20T04:49:07.508Z,177398214750800
"""Eating @ 3GZqeC-ZoC"" folds",2026-03-20T04:49:05.892Z,177398214589200
"""Daveo da rula @ hL2HOafVVY"" posts a big blind of 1.00",2026-03-20T04:49:02.075Z,177398214207506
"""drak @ 5Zglli3yOZ"" posts a small blind of 0.50",2026-03-20T04:49:02.075Z,177398214207505
"Player stacks: #2 ""Daveo da rula @ hL2HOafVVY"" (213.37) | #3 ""Eating @ 3GZqeC-ZoC"" (69.59) | #6 ""drak @ 5Zglli3yOZ"" (299.97)",2026-03-20T04:49:02.075Z,177398214207501
"-- starting hand #242 (id: t5cmkwynkqgz)  No Limit Texas Hold'em (dealer: ""Eating @ 3GZqeC-ZoC"") --",2026-03-20T04:49:02.075Z,177398214207500
"""Daveo da rula @ hL2HOafVVY"" shows a 5♠.",2026-03-20T04:49:00.885Z,177398214088500
"-- ending hand #241 --",2026-03-20T04:48:58.454Z,177398213845402
"""Daveo da rula @ hL2HOafVVY"" collected 23.00 from pot",2026-03-20T04:48:58.454Z,177398213845401
"Uncalled bet of 23.00 returned to ""Daveo da rula @ hL2HOafVVY""",2026-03-20T04:48:58.454Z,177398213845400
"""drak @ 5Zglli3yOZ"" folds",2026-03-20T04:48:57.647Z,177398213764700
"""Daveo da rula @ hL2HOafVVY"" raises to 28.75",2026-03-20T04:48:53.075Z,177398213307500
"""drak @ 5Zglli3yOZ"" bets 5.75",2026-03-20T04:48:49.067Z,177398212906700
"Turn: 6♦, 2♦, 4♥ [3♥]",2026-03-20T04:48:47.179Z,177398212717900
"""Daveo da rula @ hL2HOafVVY"" checks",2026-03-20T04:48:46.365Z,177398212636500
"""drak @ 5Zglli3yOZ"" checks",2026-03-20T04:48:45.028Z,177398212502800
"Flop:  [6♦, 2♦, 4♥]",2026-03-20T04:48:43.943Z,177398212394300
"""drak @ 5Zglli3yOZ"" calls 5.50",2026-03-20T04:48:43.131Z,177398212313100
"""Eating @ 3GZqeC-ZoC"" folds",2026-03-20T04:48:42.105Z,177398212210500
"""Daveo da rula @ hL2HOafVVY"" raises to 5.50",2026-03-20T04:48:38.457Z,177398211845700
"""drak @ 5Zglli3yOZ"" posts a big blind of 1.00",2026-03-20T04:48:36.013Z,177398211601306
"""Eating @ 3GZqeC-ZoC"" posts a small blind of 0.50",2026-03-20T04:48:36.013Z,177398211601305
"Player stacks: #2 ""Daveo da rula @ hL2HOafVVY"" (201.62) | #3 ""Eating @ 3GZqeC-ZoC"" (70.09) | #6 ""drak @ 5Zglli3yOZ"" (311.22)",2026-03-20T04:48:36.013Z,177398211601301
"-- starting hand #241 (id: jmohgmmd9rvj)  No Limit Texas Hold'em (dealer: ""Daveo da rula @ hL2HOafVVY"") --",2026-03-20T04:48:36.013Z,177398211601300
"""Daveo da rula @ hL2HOafVVY"" shows a 4♥, 7♣.",2026-03-20T04:48:32.895Z,177398211289500
"-- ending hand #240 --",2026-03-20T04:48:32.403Z,177398211240302
"""Daveo da rula @ hL2HOafVVY"" collected 2.00 from pot",2026-03-20T04:48:32.403Z,177398211240301
"Uncalled bet of 4.00 returned to ""Daveo da rula @ hL2HOafVVY""",2026-03-20T04:48:32.403Z,177398211240300
"""Eating @ 3GZqeC-ZoC"" folds",2026-03-20T04:48:31.596Z,177398211159600
"""Daveo da rula @ hL2HOafVVY"" raises to 5.00",2026-03-20T04:48:29.816Z,177398210981600
"""drak @ 5Zglli3yOZ"" folds",2026-03-20T04:48:26.785Z,177398210678500
"""Eating @ 3GZqeC-ZoC"" posts a big blind of 1.00",2026-03-20T04:48:24.165Z,177398210416507
"""Daveo da rula @ hL2HOafVVY"" posts a small blind of 0.50",2026-03-20T04:48:24.165Z,177398210416506
"Player stacks: #2 ""Daveo da rula @ hL2HOafVVY"" (200.62) | #3 ""Eating @ 3GZqeC-ZoC"" (71.09) | #6 ""drak @ 5Zglli3yOZ"" (311.22)",2026-03-20T04:48:24.165Z,177398210416502
"-- starting hand #240 (id: wkqxggmh1jyd)  No Limit Texas Hold'em (dead button) --",2026-03-20T04:48:24.165Z,177398210416501
"The player ""Triangle5 @ zn7jYkqxSJ"" stand up with the stack of 108.24.",2026-03-20T04:48:24.165Z,177398210416500
"""Daveo da rula @ hL2HOafVVY"" shows a 7♠, 3♦.",2026-03-20T04:48:21.885Z,177398210188500
"-- ending hand #239 --",2026-03-20T04:48:20.532Z,177398210053202
"""Daveo da rula @ hL2HOafVVY"" collected 11.00 from pot",2026-03-20T04:48:20.532Z,177398210053201
"Uncalled bet of 8.25 returned to ""Daveo da rula @ hL2HOafVVY""",2026-03-20T04:48:20.532Z,177398210053200
"""drak @ 5Zglli3yOZ"" folds",2026-03-20T04:48:19.708Z,177398209970800
"""Daveo da rula @ hL2HOafVVY"" bets 8.25",2026-03-20T04:48:17.911Z,177398209791100
"Flop:  [4♥, 4♠, K♠]",2026-03-20T04:48:14.105Z,177398209410500
"""Triangle5 @ zn7jYkqxSJ"" folds",2026-03-20T04:48:13.291Z,177398209329100
"""drak @ 5Zglli3yOZ"" calls 5.00",2026-03-20T04:48:10.909Z,177398209090900
"""Daveo da rula @ hL2HOafVVY"" raises to 5.00",2026-03-20T04:48:09.470Z,177398208947000
"""Triangle5 @ zn7jYkqxSJ"" calls 1.00",2026-03-20T04:48:06.910Z,177398208691000
"""drak @ 5Zglli3yOZ"" calls 1.00",2026-03-20T04:48:02.988Z,177398208298800
"""Eating @ 3GZqeC-ZoC"" folds",2026-03-20T04:47:59.639Z,177398207963900
"""Daveo da rula @ hL2HOafVVY"" posts a big blind of 1.00",2026-03-20T04:47:57.910Z,177398207791007
"""Triangle5 @ zn7jYkqxSJ"" posts a small blind of 0.50",2026-03-20T04:47:57.910Z,177398207791006
"Player stacks: #2 ""Daveo da rula @ hL2HOafVVY"" (194.62) | #3 ""Eating @ 3GZqeC-ZoC"" (71.09) | #6 ""drak @ 5Zglli3yOZ"" (316.22) | #9 ""Triangle5 @ zn7jYkqxSJ"" (109.24)",2026-03-20T04:47:57.910Z,177398207791001
"-- starting hand #239 (id: vkhye3zd1ma4)  No Limit Texas Hold'em (dealer: ""drak @ 5Zglli3yOZ"") --",2026-03-20T04:47:57.910Z,177398207791000
"-- ending hand #238 --",2026-03-20T04:47:54.909Z,177398207490902
"""Daveo da rula @ hL2HOafVVY"" collected 2.50 from pot",2026-03-20T04:47:54.909Z,177398207490901
"Uncalled bet of 3.50 returned to ""Daveo da rula @ hL2HOafVVY""",2026-03-20T04:47:54.909Z,177398207490900
"""Triangle5 @ zn7jYkqxSJ"" folds",2026-03-20T04:47:54.032Z,177398207403200
"""drak @ 5Zglli3yOZ"" folds",2026-03-20T04:47:51.220Z,177398207122000
"""Eating @ 3GZqeC-ZoC"" folds",2026-03-20T04:47:50.341Z,177398207034100
"""Daveo da rula @ hL2HOafVVY"" raises to 4.50",2026-03-20T04:47:41.296Z,177398206129600
"""Triangle5 @ zn7jYkqxSJ"" posts a big blind of 1.00",2026-03-20T04:47:39.101Z,177398205910107
"""drak @ 5Zglli3yOZ"" posts a small blind of 0.50",2026-03-20T04:47:39.101Z,177398205910106
"Player stacks: #2 ""Daveo da rula @ hL2HOafVVY"" (193.12) | #3 ""Eating @ 3GZqeC-ZoC"" (71.09) | #6 ""drak @ 5Zglli3yOZ"" (316.72) | #9 ""Triangle5 @ zn7jYkqxSJ"" (110.24)",2026-03-20T04:47:39.101Z,177398205910101
"-- starting hand #238 (id: jecgnykmek1m)  No Limit Texas Hold'em (dealer: ""Eating @ 3GZqeC-ZoC"") --",2026-03-20T04:47:39.101Z,177398205910100
"-- ending hand #237 --",2026-03-20T04:47:36.191Z,177398205619102
"""Daveo da rula @ hL2HOafVVY"" collected 31.24 from pot",2026-03-20T04:47:36.191Z,177398205619101
"Uncalled bet of 23.43 returned to ""Daveo da rula @ hL2HOafVVY""",2026-03-20T04:47:36.191Z,177398205619100
"""drak @ 5Zglli3yOZ"" folds",2026-03-20T04:47:35.377Z,177398205537700
"""Daveo da rula @ hL2HOafVVY"" bets 23.43",2026-03-20T04:47:22.136Z,177398204213600
"""drak @ 5Zglli3yOZ"" checks",2026-03-20T04:47:18.198Z,177398203819800
"Turn: K♣, Q♥, J♠ [9♣]",2026-03-20T04:47:17.386Z,177398203738600
"""drak @ 5Zglli3yOZ"" calls 9.37",2026-03-20T04:47:16.568Z,177398203656800
"""Daveo da rula @ hL2HOafVVY"" bets 9.37",2026-03-20T04:47:14.508Z,177398203450800
"""drak @ 5Zglli3yOZ"" checks",2026-03-20T04:47:10.956Z,177398203095600
"Flop:  [K♣, Q♥, J♠]",2026-03-20T04:47:09.344Z,177398202934400
"""Triangle5 @ zn7jYkqxSJ"" folds",2026-03-20T04:47:08.485Z,177398202848500
"""drak @ 5Zglli3yOZ"" calls 5.50",2026-03-20T04:47:04.180Z,177398202418000
"""Eating @ 3GZqeC-ZoC"" folds",2026-03-20T04:47:02.970Z,177398202297000
"""Daveo da rula @ hL2HOafVVY"" raises to 5.50",2026-03-20T04:47:01.291Z,177398202129100
"""Triangle5 @ zn7jYkqxSJ"" calls 1.00",2026-03-20T04:46:58.685Z,177398201868500
"""drak @ 5Zglli3yOZ"" posts a big blind of 1.00",2026-03-20T04:46:55.519Z,177398201551907
"""Eating @ 3GZqeC-ZoC"" posts a small blind of 0.50",2026-03-20T04:46:55.519Z,177398201551906
"Player stacks: #2 ""Daveo da rula @ hL2HOafVVY"" (176.75) | #3 ""Eating @ 3GZqeC-ZoC"" (71.59) | #6 ""drak @ 5Zglli3yOZ"" (331.59) | #9 ""Triangle5 @ zn7jYkqxSJ"" (111.24)",2026-03-20T04:46:55.519Z,177398201551901
"-- starting hand #237 (id: rohckdrqm3mq)  No Limit Texas Hold'em (dealer: ""Daveo da rula @ hL2HOafVVY"") --",2026-03-20T04:46:55.519Z,177398201551900
"""Daveo da rula @ hL2HOafVVY"" shows a 6♥, 5♦.",2026-03-20T04:46:53.116Z,177398201311600
"-- ending hand #236 --",2026-03-20T04:46:51.864Z,177398201186402
"""Daveo da rula @ hL2HOafVVY"" collected 3.00 from pot",2026-03-20T04:46:51.864Z,177398201186401
"Uncalled bet of 4.00 returned to ""Daveo da rula @ hL2HOafVVY""",2026-03-20T04:46:51.864Z,177398201186400
"""Triangle5 @ zn7jYkqxSJ"" folds",2026-03-20T04:46:51.006Z,177398201100600
"""Eating @ 3GZqeC-ZoC"" folds",2026-03-20T04:46:38.848Z,177398199884800
"""Daveo da rula @ hL2HOafVVY"" raises to 5.00",2026-03-20T04:46:33.890Z,177398199389000
"""Triangle5 @ zn7jYkqxSJ"" calls 1.00",2026-03-20T04:46:31.371Z,177398199137100
"""drak @ 5Zglli3yOZ"" folds",2026-03-20T04:46:29.201Z,177398198920100
"""Eating @ 3GZqeC-ZoC"" posts a big blind of 1.00",2026-03-20T04:46:27.832Z,177398198783207
"""Daveo da rula @ hL2HOafVVY"" posts a small blind of 0.50",2026-03-20T04:46:27.832Z,177398198783206
"Player stacks: #2 ""Daveo da rula @ hL2HOafVVY"" (174.75) | #3 ""Eating @ 3GZqeC-ZoC"" (72.59) | #6 ""drak @ 5Zglli3yOZ"" (331.59) | #9 ""Triangle5 @ zn7jYkqxSJ"" (112.24)",2026-03-20T04:46:27.832Z,177398198783201
"-- starting hand #236 (id: hg2erahj1yzs)  No Limit Texas Hold'em (dealer: ""Triangle5 @ zn7jYkqxSJ"") --",2026-03-20T04:46:27.832Z,177398198783200
"-- ending hand #235 --",2026-03-20T04:46:24.886Z,177398198488602
"""drak @ 5Zglli3yOZ"" collected 7.50 from pot",2026-03-20T04:46:24.886Z,177398198488601
"Uncalled bet of 7.50 returned to ""drak @ 5Zglli3yOZ""",2026-03-20T04:46:24.886Z,177398198488600
"""Eating @ 3GZqeC-ZoC"" folds",2026-03-20T04:46:24.033Z,177398198403300
"""Daveo da rula @ hL2HOafVVY"" folds",2026-03-20T04:46:20.434Z,177398198043400
"""Triangle5 @ zn7jYkqxSJ"" folds",2026-03-20T04:46:19.347Z,177398197934700
"""drak @ 5Zglli3yOZ"" raises to 10.50",2026-03-20T04:46:18.413Z,177398197841300
"""Eating @ 3GZqeC-ZoC"" raises to 3.00",2026-03-20T04:46:15.468Z,177398197546800
"""Daveo da rula @ hL2HOafVVY"" posts a big blind of 1.00",2026-03-20T04:46:10.693Z,177398197069307
"""Triangle5 @ zn7jYkqxSJ"" posts a small blind of 0.50",2026-03-20T04:46:10.693Z,177398197069306
"Player stacks: #2 ""Daveo da rula @ hL2HOafVVY"" (175.75) | #3 ""Eating @ 3GZqeC-ZoC"" (75.59) | #6 ""drak @ 5Zglli3yOZ"" (327.09) | #9 ""Triangle5 @ zn7jYkqxSJ"" (112.74)",2026-03-20T04:46:10.693Z,177398197069301
"-- starting hand #235 (id: zuztlicxm3zt)  No Limit Texas Hold'em (dealer: ""drak @ 5Zglli3yOZ"") --",2026-03-20T04:46:10.693Z,177398197069300
"-- ending hand #234 --",2026-03-20T04:46:07.681Z,177398196768102
"""Triangle5 @ zn7jYkqxSJ"" collected 12.50 from pot with Two Pair, 9's & 8's (combination: J♠, 8♦, 8♠, 9♣, 9♠)",2026-03-20T04:46:07.681Z,177398196768101
"""Triangle5 @ zn7jYkqxSJ"" shows a 9♣, 9♠.",2026-03-20T04:46:07.681Z,177398196768100
"""Eating @ 3GZqeC-ZoC"" checks",2026-03-20T04:46:06.828Z,177398196682800
"""Triangle5 @ zn7jYkqxSJ"" checks",2026-03-20T04:46:03.731Z,177398196373100
"River: 5♥, 10♦, 8♦, 8♠ [J♠]",2026-03-20T04:46:02.150Z,177398196215000
"""Triangle5 @ zn7jYkqxSJ"" calls 3.00",2026-03-20T04:46:01.314Z,177398196131400
"""Eating @ 3GZqeC-ZoC"" bets 3.00",2026-03-20T04:46:00.079Z,177398196007900
"""Triangle5 @ zn7jYkqxSJ"" checks",2026-03-20T04:45:57.450Z,177398195745000
"Turn: 5♥, 10♦, 8♦ [8♠]",2026-03-20T04:45:55.865Z,177398195586500
"""Eating @ 3GZqeC-ZoC"" checks",2026-03-20T04:45:55.060Z,177398195506000
"""Triangle5 @ zn7jYkqxSJ"" checks",2026-03-20T04:45:48.891Z,177398194889100
"Flop:  [5♥, 10♦, 8♦]",2026-03-20T04:45:47.517Z,177398194751700
"""Triangle5 @ zn7jYkqxSJ"" calls 3.00",2026-03-20T04:45:46.670Z,177398194667000
"""drak @ 5Zglli3yOZ"" folds",2026-03-20T04:45:44.452Z,177398194445200
"""Eating @ 3GZqeC-ZoC"" raises to 3.00",2026-03-20T04:45:40.586Z,177398194058600
"""Daveo da rula @ hL2HOafVVY"" folds",2026-03-20T04:45:36.524Z,177398193652400
"""Triangle5 @ zn7jYkqxSJ"" posts a big blind of 1.00",2026-03-20T04:45:35.373Z,177398193537307
"""drak @ 5Zglli3yOZ"" posts a small blind of 0.50",2026-03-20T04:45:35.373Z,177398193537306
"Player stacks: #2 ""Daveo da rula @ hL2HOafVVY"" (175.75) | #3 ""Eating @ 3GZqeC-ZoC"" (81.59) | #6 ""drak @ 5Zglli3yOZ"" (327.59) | #9 ""Triangle5 @ zn7jYkqxSJ"" (106.24)",2026-03-20T04:45:35.373Z,177398193537301
"-- starting hand #234 (id: tjyxzonqmfrw)  No Limit Texas Hold'em (dealer: ""Eating @ 3GZqeC-ZoC"") --",2026-03-20T04:45:35.373Z,177398193537300
"""Daveo da rula @ hL2HOafVVY"" shows a 4♥, 5♥.",2026-03-20T04:45:33.369Z,177398193336900
"-- ending hand #233 --",2026-03-20T04:45:31.654Z,177398193165402
"""drak @ 5Zglli3yOZ"" collected 215.54 from pot with Flush, K High (combination: 2♥, 6♥, J♥, Q♥, K♥)",2026-03-20T04:45:31.654Z,177398193165401
"""drak @ 5Zglli3yOZ"" shows a Q♦, K♥.",2026-03-20T04:45:31.654Z,177398193165400
"""Daveo da rula @ hL2HOafVVY"" calls 64.66",2026-03-20T04:45:30.833Z,177398193083300
"""drak @ 5Zglli3yOZ"" bets 64.66",2026-03-20T04:45:25.308Z,177398192530800
"River: 2♥, K♣, 6♥, Q♥ [J♥]",2026-03-20T04:45:21.057Z,177398192105700
"""drak @ 5Zglli3yOZ"" calls 28.74",2026-03-20T04:45:20.216Z,177398192021600
"""Daveo da rula @ hL2HOafVVY"" bets 28.74",2026-03-20T04:45:18.695Z,177398191869500
"""drak @ 5Zglli3yOZ"" checks",2026-03-20T04:45:14.105Z,177398191410500
"Turn: 2♥, K♣, 6♥ [Q♥]",2026-03-20T04:45:12.545Z,177398191254500
"""drak @ 5Zglli3yOZ"" calls 8.62",2026-03-20T04:45:11.700Z,177398191170000
"""Daveo da rula @ hL2HOafVVY"" bets 8.62",2026-03-20T04:45:10.153Z,177398191015300
"""drak @ 5Zglli3yOZ"" checks",2026-03-20T04:45:06.842Z,177398190684200
"Flop:  [2♥, K♣, 6♥]",2026-03-20T04:45:05.339Z,177398190533900
"""drak @ 5Zglli3yOZ"" calls 5.50",2026-03-20T04:45:04.499Z,177398190449900
"""Eating @ 3GZqeC-ZoC"" folds",2026-03-20T04:45:02.847Z,177398190284700
"""Daveo da rula @ hL2HOafVVY"" raises to 5.50",2026-03-20T04:44:51.597Z,177398189159700
"""Triangle5 @ zn7jYkqxSJ"" folds",2026-03-20T04:44:48.690Z,177398188869000
"""drak @ 5Zglli3yOZ"" posts a big blind of 1.00",2026-03-20T04:44:45.900Z,177398188590007
"""Eating @ 3GZqeC-ZoC"" posts a small blind of 0.50",2026-03-20T04:44:45.900Z,177398188590006
"Player stacks: #2 ""Daveo da rula @ hL2HOafVVY"" (283.27) | #3 ""Eating @ 3GZqeC-ZoC"" (82.09) | #6 ""drak @ 5Zglli3yOZ"" (219.57) | #9 ""Triangle5 @ zn7jYkqxSJ"" (106.24)",2026-03-20T04:44:45.900Z,177398188590001
"-- starting hand #233 (id: dorcpjvduwrm)  No Limit Texas Hold'em (dealer: ""Daveo da rula @ hL2HOafVVY"") --",2026-03-20T04:44:45.900Z,177398188590000
"""Daveo da rula @ hL2HOafVVY"" shows a 3♣, 4♦.",2026-03-20T04:44:44.072Z,177398188407200
"-- ending hand #232 --",2026-03-20T04:44:42.297Z,177398188229702
"""Daveo da rula @ hL2HOafVVY"" collected 13.00 from pot",2026-03-20T04:44:42.297Z,177398188229701
"Uncalled bet of 9.75 returned to ""Daveo da rula @ hL2HOafVVY""",2026-03-20T04:44:42.297Z,177398188229700
"""drak @ 5Zglli3yOZ"" folds",2026-03-20T04:44:41.495Z,177398188149500
"""Daveo da rula @ hL2HOafVVY"" bets 9.75",2026-03-20T04:44:40.623Z,177398188062300
"Flop:  [9♠, J♥, 10♠]",2026-03-20T04:44:37.056Z,177398187705600
"""drak @ 5Zglli3yOZ"" calls 6.00",2026-03-20T04:44:36.230Z,177398187623000
"""Eating @ 3GZqeC-ZoC"" folds",2026-03-20T04:44:35.197Z,177398187519700
"""Daveo da rula @ hL2HOafVVY"" raises to 6.00",2026-03-20T04:44:33.303Z,177398187330300
"""Triangle5 @ zn7jYkqxSJ"" folds",2026-03-20T04:44:30.186Z,177398187018600
"""drak @ 5Zglli3yOZ"" calls 1.00",2026-03-20T04:44:28.577Z,177398186857700
"""Eating @ 3GZqeC-ZoC"" posts a big blind of 1.00",2026-03-20T04:44:26.069Z,177398186606907
"""Daveo da rula @ hL2HOafVVY"" posts a small blind of 0.50",2026-03-20T04:44:26.069Z,177398186606906
"Player stacks: #2 ""Daveo da rula @ hL2HOafVVY"" (276.27) | #3 ""Eating @ 3GZqeC-ZoC"" (83.09) | #6 ""drak @ 5Zglli3yOZ"" (225.57) | #9 ""Triangle5 @ zn7jYkqxSJ"" (106.24)",2026-03-20T04:44:26.069Z,177398186606901
"-- starting hand #232 (id: uib0piqrijwi)  No Limit Texas Hold'em (dealer: ""Triangle5 @ zn7jYkqxSJ"") --",2026-03-20T04:44:26.069Z,177398186606900
"-- ending hand #231 --",2026-03-20T04:44:23.148Z,177398186314802
"""Eating @ 3GZqeC-ZoC"" collected 25.50 from pot",2026-03-20T04:44:23.148Z,177398186314801
"Uncalled bet of 15.00 returned to ""Eating @ 3GZqeC-ZoC""",2026-03-20T04:44:23.148Z,177398186314800
"""drak @ 5Zglli3yOZ"" folds",2026-03-20T04:44:22.332Z,177398186233200
"""Eating @ 3GZqeC-ZoC"" bets 15.00",2026-03-20T04:44:19.745Z,177398185974500
"River: 4♥, 9♣, J♠, 10♣ [7♣]",2026-03-20T04:44:10.905Z,177398185090500
"""drak @ 5Zglli3yOZ"" calls 6.00",2026-03-20T04:44:10.069Z,177398185006900
"""Eating @ 3GZqeC-ZoC"" bets 6.00",2026-03-20T04:44:08.066Z,177398184806600
"Turn: 4♥, 9♣, J♠ [10♣]",2026-03-20T04:44:00.480Z,177398184048000
"""drak @ 5Zglli3yOZ"" calls 3.00",2026-03-20T04:43:59.668Z,177398183966800
"""Eating @ 3GZqeC-ZoC"" bets 3.00",2026-03-20T04:43:55.553Z,177398183555300
"Flop:  [4♥, 9♣, J♠]",2026-03-20T04:43:50.376Z,177398183037600
"""Daveo da rula @ hL2HOafVVY"" folds",2026-03-20T04:43:49.522Z,177398182952200
"""Triangle5 @ zn7jYkqxSJ"" folds",2026-03-20T04:43:45.880Z,177398182588000
"""drak @ 5Zglli3yOZ"" calls 3.00",2026-03-20T04:43:44.826Z,177398182482600
"""Eating @ 3GZqeC-ZoC"" raises to 3.00",2026-03-20T04:43:43.832Z,177398182383200
"""Daveo da rula @ hL2HOafVVY"" posts a big blind of 1.00",2026-03-20T04:43:39.705Z,177398181970507
"""Triangle5 @ zn7jYkqxSJ"" posts a small blind of 0.50",2026-03-20T04:43:39.705Z,177398181970506
"Player stacks: #2 ""Daveo da rula @ hL2HOafVVY"" (277.27) | #3 ""Eating @ 3GZqeC-ZoC"" (69.59) | #6 ""drak @ 5Zglli3yOZ"" (237.57) | #9 ""Triangle5 @ zn7jYkqxSJ"" (106.74)",2026-03-20T04:43:39.705Z,177398181970501
"-- starting hand #231 (id: zodhgvh2mdj2)  No Limit Texas Hold'em (dealer: ""drak @ 5Zglli3yOZ"") --",2026-03-20T04:43:39.705Z,177398181970500
"-- ending hand #230 --",2026-03-20T04:43:36.702Z,177398181670203
"""Daveo da rula @ hL2HOafVVY"" collected 27.00 from pot with Pair, 7's (combination: 8♠, 10♦, J♦, 7♣, 7♦)",2026-03-20T04:43:36.702Z,177398181670202
"""Daveo da rula @ hL2HOafVVY"" shows a 7♣, 10♦.",2026-03-20T04:43:36.702Z,177398181670201
"""drak @ 5Zglli3yOZ"" shows a 5♦, 3♥.",2026-03-20T04:43:36.702Z,177398181670200
"""Daveo da rula @ hL2HOafVVY"" checks",2026-03-20T04:43:35.868Z,177398181586800
"""drak @ 5Zglli3yOZ"" checks",2026-03-20T04:43:34.768Z,177398181476800
"River: 7♦, 5♣, 6♥, J♦ [8♠]",2026-03-20T04:43:33.102Z,177398181310200
"""Daveo da rula @ hL2HOafVVY"" calls 6.75",2026-03-20T04:43:32.272Z,177398181227200
"""Triangle5 @ zn7jYkqxSJ"" folds",2026-03-20T04:43:30.550Z,177398181055000
"""drak @ 5Zglli3yOZ"" bets 6.75",2026-03-20T04:43:29.542Z,177398180954200
"Turn: 7♦, 5♣, 6♥ [J♦]",2026-03-20T04:43:27.701Z,177398180770100
"""Daveo da rula @ hL2HOafVVY"" checks",2026-03-20T04:43:26.885Z,177398180688500
"""Triangle5 @ zn7jYkqxSJ"" checks",2026-03-20T04:43:25.930Z,177398180593000
"""drak @ 5Zglli3yOZ"" checks",2026-03-20T04:43:24.965Z,177398180496500
"Flop:  [7♦, 5♣, 6♥]",2026-03-20T04:43:23.698Z,177398180369800
"""Triangle5 @ zn7jYkqxSJ"" calls 4.50",2026-03-20T04:43:22.865Z,177398180286500
"""drak @ 5Zglli3yOZ"" calls 4.50",2026-03-20T04:43:20.717Z,177398180071700
"""Eating @ 3GZqeC-ZoC"" folds",2026-03-20T04:43:19.724Z,177398179972400
"""Daveo da rula @ hL2HOafVVY"" raises to 4.50",2026-03-20T04:43:16.188Z,177398179618800
"""Triangle5 @ zn7jYkqxSJ"" posts a big blind of 1.00",2026-03-20T04:43:13.691Z,177398179369107
"""drak @ 5Zglli3yOZ"" posts a small blind of 0.50",2026-03-20T04:43:13.691Z,177398179369106
"Player stacks: #2 ""Daveo da rula @ hL2HOafVVY"" (261.52) | #3 ""Eating @ 3GZqeC-ZoC"" (69.59) | #6 ""drak @ 5Zglli3yOZ"" (248.82) | #9 ""Triangle5 @ zn7jYkqxSJ"" (111.24)",2026-03-20T04:43:13.691Z,177398179369101
"-- starting hand #230 (id: own47ek52wsw)  No Limit Texas Hold'em (dealer: ""Eating @ 3GZqeC-ZoC"") --",2026-03-20T04:43:13.691Z,177398179369100
"-- ending hand #229 --",2026-03-20T04:43:10.656Z,177398179065602
"""drak @ 5Zglli3yOZ"" collected 36.00 from pot with Two Pair, A's & 2's (combination: J♠, 2♣, 2♦, A♦, A♣)",2026-03-20T04:43:10.656Z,177398179065601
"""drak @ 5Zglli3yOZ"" shows a 2♣, A♦.",2026-03-20T04:43:10.656Z,177398179065600
"""Eating @ 3GZqeC-ZoC"" calls 12.00",2026-03-20T04:43:09.848Z,177398178984800
"""drak @ 5Zglli3yOZ"" bets 12.00",2026-03-20T04:43:08.244Z,177398178824400
"""Eating @ 3GZqeC-ZoC"" checks",2026-03-20T04:43:06.292Z,177398178629200
"River: 7♣, A♣, 4♠, J♠ [2♦]",2026-03-20T04:43:04.239Z,177398178423900
"""Eating @ 3GZqeC-ZoC"" calls 1.00",2026-03-20T04:43:03.396Z,177398178339600
"""drak @ 5Zglli3yOZ"" bets 1.00",2026-03-20T04:43:00.078Z,177398178007800
"""Eating @ 3GZqeC-ZoC"" checks",2026-03-20T04:42:58.571Z,177398177857100
"Turn: 7♣, A♣, 4♠ [J♠]",2026-03-20T04:42:52.516Z,177398177251600
"""drak @ 5Zglli3yOZ"" calls 2.00",2026-03-20T04:42:51.705Z,177398177170500
"""Eating @ 3GZqeC-ZoC"" bets 2.00",2026-03-20T04:42:50.530Z,177398177053000
"Flop:  [7♣, A♣, 4♠]",2026-03-20T04:42:46.146Z,177398176614600
"""drak @ 5Zglli3yOZ"" calls 3.00",2026-03-20T04:42:45.341Z,177398176534100
"""Eating @ 3GZqeC-ZoC"" raises to 3.00",2026-03-20T04:42:44.225Z,177398176422500
"""Daveo da rula @ hL2HOafVVY"" folds",2026-03-20T04:42:40.392Z,177398176039200
"""Triangle5 @ zn7jYkqxSJ"" folds",2026-03-20T04:42:39.316Z,177398175931600
"""drak @ 5Zglli3yOZ"" posts a big blind of 1.00",2026-03-20T04:42:37.912Z,177398175791207
"""Eating @ 3GZqeC-ZoC"" posts a small blind of 0.50",2026-03-20T04:42:37.912Z,177398175791206
"Player stacks: #2 ""Daveo da rula @ hL2HOafVVY"" (261.52) | #3 ""Eating @ 3GZqeC-ZoC"" (87.59) | #6 ""drak @ 5Zglli3yOZ"" (230.82) | #9 ""Triangle5 @ zn7jYkqxSJ"" (111.24)",2026-03-20T04:42:37.912Z,177398175791201
"-- starting hand #229 (id: fbirolzxabnl)  No Limit Texas Hold'em (dealer: ""Daveo da rula @ hL2HOafVVY"") --",2026-03-20T04:42:37.912Z,177398175791200
"-- ending hand #228 --",2026-03-20T04:42:34.995Z,177398175499502
"""Daveo da rula @ hL2HOafVVY"" collected 2.00 from pot",2026-03-20T04:42:34.995Z,177398175499501
"Uncalled bet of 2.00 returned to ""Daveo da rula @ hL2HOafVVY""",2026-03-20T04:42:34.995Z,177398175499500
"""Eating @ 3GZqeC-ZoC"" folds",2026-03-20T04:42:34.176Z,177398175417600
"""Daveo da rula @ hL2HOafVVY"" raises to 3.00",2026-03-20T04:42:31.653Z,177398175165300
"""Triangle5 @ zn7jYkqxSJ"" folds",2026-03-20T04:42:29.412Z,177398174941200
"""drak @ 5Zglli3yOZ"" folds",2026-03-20T04:42:27.315Z,177398174731500
"""Eating @ 3GZqeC-ZoC"" posts a big blind of 1.00",2026-03-20T04:42:26.536Z,177398174653607
"""Daveo da rula @ hL2HOafVVY"" posts a small blind of 0.50",2026-03-20T04:42:26.536Z,177398174653606
"Player stacks: #2 ""Daveo da rula @ hL2HOafVVY"" (260.52) | #3 ""Eating @ 3GZqeC-ZoC"" (88.59) | #6 ""drak @ 5Zglli3yOZ"" (230.82) | #9 ""Triangle5 @ zn7jYkqxSJ"" (111.24)",2026-03-20T04:42:26.536Z,177398174653601
"-- starting hand #228 (id: ox8usbtem0fg)  No Limit Texas Hold'em (dealer: ""Triangle5 @ zn7jYkqxSJ"") --",2026-03-20T04:42:26.536Z,177398174653600
"-- ending hand #227 --",2026-03-20T04:42:23.607Z,177398174360702
"""Daveo da rula @ hL2HOafVVY"" collected 1.00 from pot",2026-03-20T04:42:23.607Z,177398174360701
"Uncalled bet of 0.50 returned to ""Daveo da rula @ hL2HOafVVY""",2026-03-20T04:42:23.607Z,177398174360700
"""Triangle5 @ zn7jYkqxSJ"" folds",2026-03-20T04:42:22.801Z,177398174280100
"""drak @ 5Zglli3yOZ"" folds",2026-03-20T04:42:21.836Z,177398174183600
"""Eating @ 3GZqeC-ZoC"" folds",2026-03-20T04:42:20.995Z,177398174099500
"""Daveo da rula @ hL2HOafVVY"" posts a big blind of 1.00",2026-03-20T04:42:17.949Z,177398173794907
"""Triangle5 @ zn7jYkqxSJ"" posts a small blind of 0.50",2026-03-20T04:42:17.949Z,177398173794906
"Player stacks: #2 ""Daveo da rula @ hL2HOafVVY"" (260.02) | #3 ""Eating @ 3GZqeC-ZoC"" (88.59) | #6 ""drak @ 5Zglli3yOZ"" (230.82) | #9 ""Triangle5 @ zn7jYkqxSJ"" (111.74)",2026-03-20T04:42:17.949Z,177398173794901
"-- starting hand #227 (id: r1gi1xcz4acn)  No Limit Texas Hold'em (dealer: ""drak @ 5Zglli3yOZ"") --",2026-03-20T04:42:17.949Z,177398173794900
"""drak @ 5Zglli3yOZ"" shows a 5♦, 8♦.",2026-03-20T04:42:15.104Z,177398173510400
"-- ending hand #226 --",2026-03-20T04:42:14.330Z,177398173433002
"""drak @ 5Zglli3yOZ"" collected 7.00 from pot",2026-03-20T04:42:14.330Z,177398173433001
"Uncalled bet of 5.25 returned to ""drak @ 5Zglli3yOZ""",2026-03-20T04:42:14.330Z,177398173433000
"""Eating @ 3GZqeC-ZoC"" folds",2026-03-20T04:42:13.499Z,177398173349900
"""Triangle5 @ zn7jYkqxSJ"" folds",2026-03-20T04:42:11.930Z,177398173193000
"""drak @ 5Zglli3yOZ"" raises to 8.25",2026-03-20T04:42:06.512Z,177398172651200
"""Eating @ 3GZqeC-ZoC"" raises to 3.00",2026-03-20T04:41:54.815Z,177398171481500
"""Daveo da rula @ hL2HOafVVY"" folds",2026-03-20T04:41:51.703Z,177398171170300
"""Triangle5 @ zn7jYkqxSJ"" posts a big blind of 1.00",2026-03-20T04:41:50.214Z,177398171021407
"""drak @ 5Zglli3yOZ"" posts a small blind of 0.50",2026-03-20T04:41:50.214Z,177398171021406
"Player stacks: #2 ""Daveo da rula @ hL2HOafVVY"" (260.02) | #3 ""Eating @ 3GZqeC-ZoC"" (91.59) | #6 ""drak @ 5Zglli3yOZ"" (226.82) | #9 ""Triangle5 @ zn7jYkqxSJ"" (112.74)",2026-03-20T04:41:50.214Z,177398171021401
"-- starting hand #226 (id: 5ffa74wv9403)  No Limit Texas Hold'em (dealer: ""Eating @ 3GZqeC-ZoC"") --",2026-03-20T04:41:50.214Z,177398171021400
"-- ending hand #225 --",2026-03-20T04:41:47.260Z,177398170726002
"""drak @ 5Zglli3yOZ"" collected 2.50 from pot",2026-03-20T04:41:47.260Z,177398170726001
"Uncalled bet of 2.50 returned to ""drak @ 5Zglli3yOZ""",2026-03-20T04:41:47.260Z,177398170726000
"""Triangle5 @ zn7jYkqxSJ"" folds",2026-03-20T04:41:46.453Z,177398170645300
"""drak @ 5Zglli3yOZ"" bets 2.50",2026-03-20T04:41:45.546Z,177398170554600
"Turn: 9♦, 3♣, J♦ [2♦]",2026-03-20T04:41:42.756Z,177398170275600
"""Triangle5 @ zn7jYkqxSJ"" checks",2026-03-20T04:41:41.918Z,177398170191800
"""drak @ 5Zglli3yOZ"" checks",2026-03-20T04:41:40.985Z,177398170098500
"Flop:  [9♦, 3♣, J♦]",2026-03-20T04:41:39.155Z,177398169915500
"""drak @ 5Zglli3yOZ"" checks",2026-03-20T04:41:38.329Z,177398169832900
"""Eating @ 3GZqeC-ZoC"" folds",2026-03-20T04:41:31.876Z,177398169187600
"""Daveo da rula @ hL2HOafVVY"" folds",2026-03-20T04:41:30.040Z,177398169004000
"""Triangle5 @ zn7jYkqxSJ"" calls 1.00",2026-03-20T04:41:28.899Z,177398168889900
"""drak @ 5Zglli3yOZ"" posts a big blind of 1.00",2026-03-20T04:41:27.463Z,177398168746307
"""Eating @ 3GZqeC-ZoC"" posts a small blind of 0.50",2026-03-20T04:41:27.463Z,177398168746306
"Player stacks: #2 ""Daveo da rula @ hL2HOafVVY"" (260.02) | #3 ""Eating @ 3GZqeC-ZoC"" (92.09) | #6 ""drak @ 5Zglli3yOZ"" (225.32) | #9 ""Triangle5 @ zn7jYkqxSJ"" (113.74)",2026-03-20T04:41:27.463Z,177398168746301
"-- starting hand #225 (id: wbc3tiztfmud)  No Limit Texas Hold'em (dealer: ""Daveo da rula @ hL2HOafVVY"") --",2026-03-20T04:41:27.463Z,177398168746300
"-- ending hand #224 --",2026-03-20T04:41:24.552Z,177398168455202
"""Daveo da rula @ hL2HOafVVY"" collected 11.00 from pot",2026-03-20T04:41:24.552Z,177398168455201
"Uncalled bet of 8.25 returned to ""Daveo da rula @ hL2HOafVVY""",2026-03-20T04:41:24.552Z,177398168455200
"""drak @ 5Zglli3yOZ"" folds",2026-03-20T04:41:23.736Z,177398168373600
"""Daveo da rula @ hL2HOafVVY"" bets 8.25",2026-03-20T04:41:22.814Z,177398168281400
"Flop:  [5♦, 7♣, Q♣]",2026-03-20T04:41:18.120Z,177398167812000
"""drak @ 5Zglli3yOZ"" calls 5.00",2026-03-20T04:41:17.265Z,177398167726500
"""Eating @ 3GZqeC-ZoC"" folds",2026-03-20T04:41:15.891Z,177398167589100
"""Daveo da rula @ hL2HOafVVY"" raises to 5.00",2026-03-20T04:41:14.485Z,177398167448500
"""Triangle5 @ zn7jYkqxSJ"" folds",2026-03-20T04:41:11.738Z,177398167173800
"""drak @ 5Zglli3yOZ"" calls 1.00",2026-03-20T04:41:08.252Z,177398166825200
"""Eating @ 3GZqeC-ZoC"" posts a big blind of 1.00",2026-03-20T04:41:05.517Z,177398166551707
"""Daveo da rula @ hL2HOafVVY"" posts a small blind of 0.50",2026-03-20T04:41:05.517Z,177398166551706
"Player stacks: #2 ""Daveo da rula @ hL2HOafVVY"" (254.02) | #3 ""Eating @ 3GZqeC-ZoC"" (93.09) | #6 ""drak @ 5Zglli3yOZ"" (230.32) | #9 ""Triangle5 @ zn7jYkqxSJ"" (113.74)",2026-03-20T04:41:05.517Z,177398166551701
"-- starting hand #224 (id: e12jprjri3bu)  No Limit Texas Hold'em (dealer: ""Triangle5 @ zn7jYkqxSJ"") --",2026-03-20T04:41:05.517Z,177398166551700
"-- ending hand #223 --",2026-03-20T04:41:02.568Z,177398166256802
"""Daveo da rula @ hL2HOafVVY"" collected 1.00 from pot",2026-03-20T04:41:02.568Z,177398166256801
"Uncalled bet of 0.50 returned to ""Daveo da rula @ hL2HOafVVY""",2026-03-20T04:41:02.568Z,177398166256800
"""Triangle5 @ zn7jYkqxSJ"" folds",2026-03-20T04:41:01.744Z,177398166174400
"""drak @ 5Zglli3yOZ"" folds",2026-03-20T04:40:57.272Z,177398165727200
"""Eating @ 3GZqeC-ZoC"" folds",2026-03-20T04:40:46.107Z,177398164610700
"""Daveo da rula @ hL2HOafVVY"" posts a big blind of 1.00",2026-03-20T04:40:44.619Z,177398164461907
"""Triangle5 @ zn7jYkqxSJ"" posts a small blind of 0.50",2026-03-20T04:40:44.619Z,177398164461906
"Player stacks: #2 ""Daveo da rula @ hL2HOafVVY"" (253.52) | #3 ""Eating @ 3GZqeC-ZoC"" (93.09) | #6 ""drak @ 5Zglli3yOZ"" (230.32) | #9 ""Triangle5 @ zn7jYkqxSJ"" (114.24)",2026-03-20T04:40:44.619Z,177398164461901
"-- starting hand #223 (id: xgror2xly5px)  No Limit Texas Hold'em (dealer: ""drak @ 5Zglli3yOZ"") --",2026-03-20T04:40:44.619Z,177398164461900
"-- ending hand #222 --",2026-03-20T04:40:41.706Z,177398164170602
"""Triangle5 @ zn7jYkqxSJ"" collected 10.50 from pot",2026-03-20T04:40:41.706Z,177398164170601
"Uncalled bet of 5.25 returned to ""Triangle5 @ zn7jYkqxSJ""",2026-03-20T04:40:41.706Z,177398164170600
"""Eating @ 3GZqeC-ZoC"" folds",2026-03-20T04:40:40.900Z,177398164090000
"""Triangle5 @ zn7jYkqxSJ"" bets 5.25",2026-03-20T04:40:39.121Z,177398163912100
"River: 4♥, 3♦, 2♠, 7♣ [7♠]",2026-03-20T04:40:35.216Z,177398163521600
"""Eating @ 3GZqeC-ZoC"" calls 2.00",2026-03-20T04:40:34.397Z,177398163439700
"""Triangle5 @ zn7jYkqxSJ"" bets 2.00",2026-03-20T04:40:32.758Z,177398163275800
"Turn: 4♥, 3♦, 2♠ [7♣]",2026-03-20T04:40:26.554Z,177398162655400
"""Eating @ 3GZqeC-ZoC"" checks",2026-03-20T04:40:25.744Z,177398162574400
"""Triangle5 @ zn7jYkqxSJ"" checks",2026-03-20T04:40:23.179Z,177398162317900
"Flop:  [4♥, 3♦, 2♠]",2026-03-20T04:40:21.665Z,177398162166500
"""Triangle5 @ zn7jYkqxSJ"" calls 3.00",2026-03-20T04:40:20.858Z,177398162085800
"""drak @ 5Zglli3yOZ"" folds",2026-03-20T04:40:19.411Z,177398161941100
"""Eating @ 3GZqeC-ZoC"" raises to 3.00",2026-03-20T04:40:17.976Z,177398161797600
"""Daveo da rula @ hL2HOafVVY"" folds",2026-03-20T04:40:15.301Z,177398161530100
"""Triangle5 @ zn7jYkqxSJ"" posts a big blind of 1.00",2026-03-20T04:40:14.048Z,177398161404807
"""drak @ 5Zglli3yOZ"" posts a small blind of 0.50",2026-03-20T04:40:14.048Z,177398161404806
"Player stacks: #2 ""Daveo da rula @ hL2HOafVVY"" (253.52) | #3 ""Eating @ 3GZqeC-ZoC"" (98.09) | #6 ""drak @ 5Zglli3yOZ"" (230.82) | #9 ""Triangle5 @ zn7jYkqxSJ"" (108.74)",2026-03-20T04:40:14.048Z,177398161404801
"-- starting hand #222 (id: v3qlnmzkbm1f)  No Limit Texas Hold'em (dealer: ""Eating @ 3GZqeC-ZoC"") --",2026-03-20T04:40:14.048Z,177398161404800
"""drak @ 5Zglli3yOZ"" shows a 7♦, 2♣.",2026-03-20T04:40:11.499Z,177398161149900
"-- ending hand #221 --",2026-03-20T04:40:10.394Z,177398161039402
"""Eating @ 3GZqeC-ZoC"" collected 77.86 from pot",2026-03-20T04:40:10.394Z,177398161039401
"Uncalled bet of 20.23 returned to ""Eating @ 3GZqeC-ZoC""",2026-03-20T04:40:10.394Z,177398161039400
"""drak @ 5Zglli3yOZ"" folds",2026-03-20T04:40:09.565Z,177398160956500
"""Eating @ 3GZqeC-ZoC"" raises to 37.23 and go all in",2026-03-20T04:40:04.726Z,177398160472600
"""Daveo da rula @ hL2HOafVVY"" folds",2026-03-20T04:39:58.930Z,177398159893000
"""drak @ 5Zglli3yOZ"" bets 17.00",2026-03-20T04:39:57.846Z,177398159784600
"""Eating @ 3GZqeC-ZoC"" checks",2026-03-20T04:39:49.465Z,177398158946500
"Flop:  [3♣, J♣, 6♠]",2026-03-20T04:39:47.328Z,177398158732800
"""Eating @ 3GZqeC-ZoC"" calls 14.62",2026-03-20T04:39:46.520Z,177398158652000
"""Daveo da rula @ hL2HOafVVY"" calls 14.62",2026-03-20T04:39:41.137Z,177398158113700
"""drak @ 5Zglli3yOZ"" raises to 14.62",2026-03-20T04:39:38.321Z,177398157832100
"""Eating @ 3GZqeC-ZoC"" calls 4.50",2026-03-20T04:39:32.966Z,177398157296600
"""Daveo da rula @ hL2HOafVVY"" raises to 4.50",2026-03-20T04:39:31.408Z,177398157140800
"""Triangle5 @ zn7jYkqxSJ"" folds",2026-03-20T04:39:28.313Z,177398156831300
"""drak @ 5Zglli3yOZ"" posts a big blind of 1.00",2026-03-20T04:39:26.922Z,177398156692207
"""Eating @ 3GZqeC-ZoC"" posts a small blind of 0.50",2026-03-20T04:39:26.922Z,177398156692206
"Player stacks: #2 ""Daveo da rula @ hL2HOafVVY"" (268.14) | #3 ""Eating @ 3GZqeC-ZoC"" (51.85) | #6 ""drak @ 5Zglli3yOZ"" (262.44) | #9 ""Triangle5 @ zn7jYkqxSJ"" (108.74)",2026-03-20T04:39:26.922Z,177398156692201
"-- starting hand #221 (id: aakd5kppntea)  No Limit Texas Hold'em (dealer: ""Daveo da rula @ hL2HOafVVY"") --",2026-03-20T04:39:26.922Z,177398156692200
"-- ending hand #220 --",2026-03-20T04:39:23.920Z,177398156392003
"""drak @ 5Zglli3yOZ"" collected 57.65 from pot with Pair, 6's (combination: 8♠, 9♠, A♥, 6♥, 6♣)",2026-03-20T04:39:23.920Z,177398156392002
"""drak @ 5Zglli3yOZ"" shows a 6♥, A♥.",2026-03-20T04:39:23.920Z,177398156392001
"""Daveo da rula @ hL2HOafVVY"" shows a K♠, A♦.",2026-03-20T04:39:23.920Z,177398156392000
"""drak @ 5Zglli3yOZ"" checks",2026-03-20T04:39:23.115Z,177398156311500
"""Daveo da rula @ hL2HOafVVY"" checks",2026-03-20T04:39:21.296Z,177398156129600
"River: 8♠, 7♦, 2♣, 9♠ [6♣]",2026-03-20T04:39:19.498Z,177398155949800
"""Daveo da rula @ hL2HOafVVY"" calls 14.41",2026-03-20T04:39:18.693Z,177398155869300
"""drak @ 5Zglli3yOZ"" bets 14.41",2026-03-20T04:39:15.648Z,177398155564800
"""Daveo da rula @ hL2HOafVVY"" checks",2026-03-20T04:39:11.505Z,177398155150500
"Turn: 8♠, 7♦, 2♣ [9♠]",2026-03-20T04:39:08.599Z,177398154859900
"""drak @ 5Zglli3yOZ"" checks",2026-03-20T04:39:07.767Z,177398154776700
"""Daveo da rula @ hL2HOafVVY"" checks",2026-03-20T04:39:05.657Z,177398154565700
"Flop:  [8♠, 7♦, 2♣]",2026-03-20T04:39:03.665Z,177398154366500
"""Triangle5 @ zn7jYkqxSJ"" folds",2026-03-20T04:39:02.809Z,177398154280900
"""drak @ 5Zglli3yOZ"" calls 12.48",2026-03-20T04:39:01.847Z,177398154184700
"""Eating @ 3GZqeC-ZoC"" folds",2026-03-20T04:38:57.655Z,177398153765500
"""Daveo da rula @ hL2HOafVVY"" raises to 12.48",2026-03-20T04:38:56.325Z,177398153632500
"""Triangle5 @ zn7jYkqxSJ"" calls 2.87",2026-03-20T04:38:50.187Z,177398153018700
"""drak @ 5Zglli3yOZ"" raises to 2.87",2026-03-20T04:38:46.337Z,177398152633700
"""Eating @ 3GZqeC-ZoC"" posts a big blind of 1.00",2026-03-20T04:38:43.620Z,177398152362007
"""Daveo da rula @ hL2HOafVVY"" posts a small blind of 0.50",2026-03-20T04:38:43.620Z,177398152362006
"Player stacks: #2 ""Daveo da rula @ hL2HOafVVY"" (295.03) | #3 ""Eating @ 3GZqeC-ZoC"" (52.85) | #6 ""drak @ 5Zglli3yOZ"" (231.68) | #9 ""Triangle5 @ zn7jYkqxSJ"" (111.61)",2026-03-20T04:38:43.620Z,177398152362001
"-- starting hand #220 (id: csaf6fjzi7ru)  No Limit Texas Hold'em (dealer: ""Triangle5 @ zn7jYkqxSJ"") --",2026-03-20T04:38:43.620Z,177398152362000
"-- ending hand #219 --",2026-03-20T04:38:40.707Z,177398152070702
"""Daveo da rula @ hL2HOafVVY"" collected 12.50 from pot",2026-03-20T04:38:40.707Z,177398152070701
"Uncalled bet of 9.37 returned to ""Daveo da rula @ hL2HOafVVY""",2026-03-20T04:38:40.707Z,177398152070700
"""Eating @ 3GZqeC-ZoC"" folds",2026-03-20T04:38:39.860Z,177398151986000
"""Daveo da rula @ hL2HOafVVY"" bets 9.37",2026-03-20T04:38:38.827Z,177398151882700
"River: 4♥, 3♠, 6♠, 6♥ [6♣]",2026-03-20T04:38:32.999Z,177398151299900
"""Eating @ 3GZqeC-ZoC"" checks",2026-03-20T04:38:32.160Z,177398151216000
"""Daveo da rula @ hL2HOafVVY"" checks",2026-03-20T04:38:26.149Z,177398150614900
"Turn: 4♥, 3♠, 6♠ [6♥]",2026-03-20T04:38:23.296Z,177398150329600
"""Eating @ 3GZqeC-ZoC"" checks",2026-03-20T04:38:22.466Z,177398150246600
"""Daveo da rula @ hL2HOafVVY"" checks",2026-03-20T04:38:20.469Z,177398150046900
"Flop:  [4♥, 3♠, 6♠]",2026-03-20T04:38:18.966Z,177398149896600
"""Eating @ 3GZqeC-ZoC"" calls 6.00",2026-03-20T04:38:18.148Z,177398149814800
"""Daveo da rula @ hL2HOafVVY"" raises to 6.00",2026-03-20T04:38:16.576Z,177398149657600
"""Triangle5 @ zn7jYkqxSJ"" folds",2026-03-20T04:38:13.016Z,177398149301600
"""drak @ 5Zglli3yOZ"" folds",2026-03-20T04:38:12.080Z,177398149208000
"""Eating @ 3GZqeC-ZoC"" raises to 3.00",2026-03-20T04:38:10.535Z,177398149053500
"""Daveo da rula @ hL2HOafVVY"" posts a big blind of 1.00",2026-03-20T04:38:07.133Z,177398148713307
"""Triangle5 @ zn7jYkqxSJ"" posts a small blind of 0.50",2026-03-20T04:38:07.133Z,177398148713306
"Player stacks: #2 ""Daveo da rula @ hL2HOafVVY"" (288.53) | #3 ""Eating @ 3GZqeC-ZoC"" (58.85) | #6 ""drak @ 5Zglli3yOZ"" (231.68) | #9 ""Triangle5 @ zn7jYkqxSJ"" (112.11)",2026-03-20T04:38:07.133Z,177398148713301
"-- starting hand #219 (id: v8uic8kfspbt)  No Limit Texas Hold'em (dealer: ""drak @ 5Zglli3yOZ"") --",2026-03-20T04:38:07.133Z,177398148713300
"-- ending hand #218 --",2026-03-20T04:38:04.180Z,177398148418002
"""drak @ 5Zglli3yOZ"" collected 6.00 from pot",2026-03-20T04:38:04.180Z,177398148418001
"Uncalled bet of 4.50 returned to ""drak @ 5Zglli3yOZ""",2026-03-20T04:38:04.180Z,177398148418000
"""Triangle5 @ zn7jYkqxSJ"" folds",2026-03-20T04:38:03.359Z,177398148335900
"""drak @ 5Zglli3yOZ"" bets 4.50",2026-03-20T04:38:01.431Z,177398148143100
"Flop:  [K♠, 5♥, 8♥]",2026-03-20T04:37:58.976Z,177398147897600
"""Triangle5 @ zn7jYkqxSJ"" calls 3.00",2026-03-20T04:37:58.140Z,177398147814000
"""drak @ 5Zglli3yOZ"" raises to 3.00",2026-03-20T04:37:56.488Z,177398147648800
"""Eating @ 3GZqeC-ZoC"" folds",2026-03-20T04:37:54.425Z,177398147442500
"""Daveo da rula @ hL2HOafVVY"" folds",2026-03-20T04:37:48.695Z,177398146869500
"""Triangle5 @ zn7jYkqxSJ"" posts a big blind of 1.00",2026-03-20T04:37:47.643Z,177398146764307
"""drak @ 5Zglli3yOZ"" posts a small blind of 0.50",2026-03-20T04:37:47.643Z,177398146764306
"Player stacks: #2 ""Daveo da rula @ hL2HOafVVY"" (288.53) | #3 ""Eating @ 3GZqeC-ZoC"" (58.85) | #6 ""drak @ 5Zglli3yOZ"" (228.68) | #9 ""Triangle5 @ zn7jYkqxSJ"" (115.11)",2026-03-20T04:37:47.643Z,177398146764301
"-- starting hand #218 (id: 1uew4qzak3ig)  No Limit Texas Hold'em (dealer: ""Eating @ 3GZqeC-ZoC"") --",2026-03-20T04:37:47.643Z,177398146764300
"-- ending hand #217 --",2026-03-20T04:37:44.575Z,177398146457503
"""Daveo da rula @ hL2HOafVVY"" collected 28.74 from pot with Pair, 5's (combination: J♣, Q♠, A♥, 5♣, 5♠)",2026-03-20T04:37:44.575Z,177398146457502
"""Daveo da rula @ hL2HOafVVY"" shows a 5♣, J♣.",2026-03-20T04:37:44.575Z,177398146457501
"""drak @ 5Zglli3yOZ"" shows a 5♥, 10♥.",2026-03-20T04:37:44.575Z,177398146457500
"""Daveo da rula @ hL2HOafVVY"" checks",2026-03-20T04:37:43.724Z,177398146372400
"""drak @ 5Zglli3yOZ"" checks",2026-03-20T04:37:42.736Z,177398146273600
"River: 2♣, Q♠, 8♥, A♥ [5♠]",2026-03-20T04:37:41.770Z,177398146177000
"""drak @ 5Zglli3yOZ"" calls 8.62",2026-03-20T04:37:40.948Z,177398146094800
"""Daveo da rula @ hL2HOafVVY"" bets 8.62",2026-03-20T04:37:39.564Z,177398145956400
"""drak @ 5Zglli3yOZ"" checks",2026-03-20T04:37:36.356Z,177398145635600
"Turn: 2♣, Q♠, 8♥ [A♥]",2026-03-20T04:37:35.836Z,177398145583600
"""Daveo da rula @ hL2HOafVVY"" checks",2026-03-20T04:37:35.014Z,177398145501400
"""drak @ 5Zglli3yOZ"" checks",2026-03-20T04:37:33.276Z,177398145327600
"Flop:  [2♣, Q♠, 8♥]",2026-03-20T04:37:32.108Z,177398145210800
"""drak @ 5Zglli3yOZ"" calls 5.50",2026-03-20T04:37:31.252Z,177398145125200
"""Eating @ 3GZqeC-ZoC"" folds",2026-03-20T04:37:30.164Z,177398145016400
"""Daveo da rula @ hL2HOafVVY"" raises to 5.50",2026-03-20T04:37:26.573Z,177398144657300
"""Triangle5 @ zn7jYkqxSJ"" folds",2026-03-20T04:37:16.988Z,177398143698800
"""drak @ 5Zglli3yOZ"" posts a big blind of 1.00",2026-03-20T04:37:16.005Z,177398143600507
"""Eating @ 3GZqeC-ZoC"" posts a small blind of 0.50",2026-03-20T04:37:16.005Z,177398143600506
"Player stacks: #2 ""Daveo da rula @ hL2HOafVVY"" (273.91) | #3 ""Eating @ 3GZqeC-ZoC"" (59.35) | #6 ""drak @ 5Zglli3yOZ"" (242.80) | #9 ""Triangle5 @ zn7jYkqxSJ"" (115.11)",2026-03-20T04:37:16.005Z,177398143600501
"-- starting hand #217 (id: 7fnwdnu5bhj1)  No Limit Texas Hold'em (dealer: ""Daveo da rula @ hL2HOafVVY"") --",2026-03-20T04:37:16.005Z,177398143600500
"-- ending hand #216 --",2026-03-20T04:37:13.094Z,177398143309402
"""Eating @ 3GZqeC-ZoC"" collected 1.00 from pot",2026-03-20T04:37:13.094Z,177398143309401
"Uncalled bet of 0.50 returned to ""Eating @ 3GZqeC-ZoC""",2026-03-20T04:37:13.094Z,177398143309400
"""Daveo da rula @ hL2HOafVVY"" folds",2026-03-20T04:37:12.279Z,177398143227900
"""Triangle5 @ zn7jYkqxSJ"" folds",2026-03-20T04:37:11.345Z,177398143134500
"""drak @ 5Zglli3yOZ"" folds",2026-03-20T04:37:10.369Z,177398143036900
"""Eating @ 3GZqeC-ZoC"" posts a big blind of 1.00",2026-03-20T04:37:09.195Z,177398142919507
"""Daveo da rula @ hL2HOafVVY"" posts a small blind of 0.50",2026-03-20T04:37:09.195Z,177398142919506
"Player stacks: #2 ""Daveo da rula @ hL2HOafVVY"" (274.41) | #3 ""Eating @ 3GZqeC-ZoC"" (58.85) | #6 ""drak @ 5Zglli3yOZ"" (242.80) | #9 ""Triangle5 @ zn7jYkqxSJ"" (115.11)",2026-03-20T04:37:09.195Z,177398142919501
"-- starting hand #216 (id: riidoqdnypbe)  No Limit Texas Hold'em (dealer: ""Triangle5 @ zn7jYkqxSJ"") --",2026-03-20T04:37:09.195Z,177398142919500
"-- ending hand #215 --",2026-03-20T04:37:06.183Z,177398142618303
"""Daveo da rula @ hL2HOafVVY"" collected 19.10 from pot with Pair, 8's (combination: 7♦, Q♦, A♥, 8♠, 8♥)",2026-03-20T04:37:06.183Z,177398142618302
"""Daveo da rula @ hL2HOafVVY"" shows a Q♦, 8♠.",2026-03-20T04:37:06.183Z,177398142618301
"""Triangle5 @ zn7jYkqxSJ"" shows a K♦, J♦.",2026-03-20T04:37:06.183Z,177398142618300
"""Daveo da rula @ hL2HOafVVY"" checks",2026-03-20T04:37:05.325Z,177398142532500
"""Triangle5 @ zn7jYkqxSJ"" checks",2026-03-20T04:37:04.385Z,177398142438500
"River: 6♠, 8♥, 5♥, 7♦ [A♥]",2026-03-20T04:37:02.020Z,177398142202000
"""Daveo da rula @ hL2HOafVVY"" calls 4.05",2026-03-20T04:37:01.142Z,177398142114200
"""Triangle5 @ zn7jYkqxSJ"" bets 4.05",2026-03-20T04:36:58.655Z,177398141865500
"Turn: 6♠, 8♥, 5♥ [7♦]",2026-03-20T04:36:51.238Z,177398141123800
"""Daveo da rula @ hL2HOafVVY"" checks",2026-03-20T04:36:50.375Z,177398141037500
"""Triangle5 @ zn7jYkqxSJ"" checks",2026-03-20T04:36:48.857Z,177398140885700
"Flop:  [6♠, 8♥, 5♥]",2026-03-20T04:36:47.635Z,177398140763500
"""Triangle5 @ zn7jYkqxSJ"" calls 5.00",2026-03-20T04:36:46.824Z,177398140682400
"""drak @ 5Zglli3yOZ"" folds",2026-03-20T04:36:45.206Z,177398140520600
"""Daveo da rula @ hL2HOafVVY"" raises to 5.00",2026-03-20T04:36:43.855Z,177398140385500
"""Triangle5 @ zn7jYkqxSJ"" calls 1.00",2026-03-20T04:36:39.017Z,177398139901700
"""drak @ 5Zglli3yOZ"" calls 1.00",2026-03-20T04:36:34.342Z,177398139434200
"""Eating @ 3GZqeC-ZoC"" folds",2026-03-20T04:36:23.989Z,177398138398900
"""Daveo da rula @ hL2HOafVVY"" posts a big blind of 1.00",2026-03-20T04:36:22.521Z,177398138252107
"""Triangle5 @ zn7jYkqxSJ"" posts a small blind of 0.50",2026-03-20T04:36:22.521Z,177398138252106
"Player stacks: #2 ""Daveo da rula @ hL2HOafVVY"" (264.36) | #3 ""Eating @ 3GZqeC-ZoC"" (58.85) | #6 ""drak @ 5Zglli3yOZ"" (243.80) | #9 ""Triangle5 @ zn7jYkqxSJ"" (124.16)",2026-03-20T04:36:22.521Z,177398138252101
"-- starting hand #215 (id: zgrzcx6jenn9)  No Limit Texas Hold'em (dealer: ""drak @ 5Zglli3yOZ"") --",2026-03-20T04:36:22.521Z,177398138252100
"-- ending hand #214 --",2026-03-20T04:36:19.617Z,177398137961702
"""Eating @ 3GZqeC-ZoC"" collected 13.00 from pot",2026-03-20T04:36:19.617Z,177398137961701
"Uncalled bet of 7.00 returned to ""Eating @ 3GZqeC-ZoC""",2026-03-20T04:36:19.617Z,177398137961700
"""drak @ 5Zglli3yOZ"" folds",2026-03-20T04:36:18.789Z,177398137878900
"""Eating @ 3GZqeC-ZoC"" bets 7.00",2026-03-20T04:36:17.717Z,177398137771700
"""drak @ 5Zglli3yOZ"" checks",2026-03-20T04:36:09.461Z,177398136946100
"Turn: 4♠, A♥, 2♠ [7♦]",2026-03-20T04:36:08.636Z,177398136863600
"""drak @ 5Zglli3yOZ"" calls 3.00",2026-03-20T04:36:07.813Z,177398136781300
"""Eating @ 3GZqeC-ZoC"" bets 3.00",2026-03-20T04:36:06.315Z,177398136631500
"""drak @ 5Zglli3yOZ"" checks",2026-03-20T04:36:01.787Z,177398136178700
"Flop:  [4♠, A♥, 2♠]",2026-03-20T04:36:00.376Z,177398136037600
"""Triangle5 @ zn7jYkqxSJ"" folds",2026-03-20T04:35:59.480Z,177398135948000
"""drak @ 5Zglli3yOZ"" calls 3.00",2026-03-20T04:35:47.373Z,177398134737300
"""Eating @ 3GZqeC-ZoC"" raises to 3.00",2026-03-20T04:35:45.575Z,177398134557500
"""Daveo da rula @ hL2HOafVVY"" folds",2026-03-20T04:35:42.205Z,177398134220500
"""Triangle5 @ zn7jYkqxSJ"" posts a big blind of 1.00",2026-03-20T04:35:41.199Z,177398134119907
"""drak @ 5Zglli3yOZ"" posts a small blind of 0.50",2026-03-20T04:35:41.199Z,177398134119906
"Player stacks: #2 ""Daveo da rula @ hL2HOafVVY"" (264.36) | #3 ""Eating @ 3GZqeC-ZoC"" (51.85) | #6 ""drak @ 5Zglli3yOZ"" (249.80) | #9 ""Triangle5 @ zn7jYkqxSJ"" (125.16)",2026-03-20T04:35:41.199Z,177398134119901
"-- starting hand #214 (id: zc5egbzz5alq)  No Limit Texas Hold'em (dealer: ""Eating @ 3GZqeC-ZoC"") --",2026-03-20T04:35:41.199Z,177398134119900
"""drak @ 5Zglli3yOZ"" shows a 5♣, Q♦.",2026-03-20T04:35:38.529Z,177398133852900
"-- ending hand #213 --",2026-03-20T04:35:37.553Z,177398133755302
"""drak @ 5Zglli3yOZ"" collected 21.00 from pot",2026-03-20T04:35:37.553Z,177398133755301
"Uncalled bet of 15.75 returned to ""drak @ 5Zglli3yOZ""",2026-03-20T04:35:37.553Z,177398133755300
"""Daveo da rula @ hL2HOafVVY"" folds",2026-03-20T04:35:36.741Z,177398133674100
"""drak @ 5Zglli3yOZ"" raises to 21.00",2026-03-20T04:35:35.405Z,177398133540500
"""Daveo da rula @ hL2HOafVVY"" bets 5.25",2026-03-20T04:35:33.164Z,177398133316400
"""drak @ 5Zglli3yOZ"" checks",2026-03-20T04:35:29.733Z,177398132973300
"River: 8♥, 10♣, 7♦, 9♦ [3♣]",2026-03-20T04:35:28.707Z,177398132870700
"""Daveo da rula @ hL2HOafVVY"" checks",2026-03-20T04:35:27.882Z,177398132788200
"""drak @ 5Zglli3yOZ"" checks",2026-03-20T04:35:26.066Z,177398132606600
"Turn: 8♥, 10♣, 7♦ [9♦]",2026-03-20T04:35:25.039Z,177398132503900
"""Daveo da rula @ hL2HOafVVY"" checks",2026-03-20T04:35:24.227Z,177398132422700
"""drak @ 5Zglli3yOZ"" checks",2026-03-20T04:35:22.301Z,177398132230100
"Flop:  [8♥, 10♣, 7♦]",2026-03-20T04:35:21.201Z,177398132120100
"""Triangle5 @ zn7jYkqxSJ"" folds",2026-03-20T04:35:20.388Z,177398132038800
"""drak @ 5Zglli3yOZ"" calls 4.50",2026-03-20T04:35:14.753Z,177398131475300
"""Eating @ 3GZqeC-ZoC"" folds",2026-03-20T04:35:13.484Z,177398131348400
"""Daveo da rula @ hL2HOafVVY"" raises to 4.50",2026-03-20T04:35:11.794Z,177398131179400
"""Triangle5 @ zn7jYkqxSJ"" calls 1.00",2026-03-20T04:35:09.569Z,177398130956900
"""drak @ 5Zglli3yOZ"" posts a big blind of 1.00",2026-03-20T04:35:03.304Z,177398130330407
"""Eating @ 3GZqeC-ZoC"" posts a small blind of 0.50",2026-03-20T04:35:03.304Z,177398130330406
"Player stacks: #2 ""Daveo da rula @ hL2HOafVVY"" (274.11) | #3 ""Eating @ 3GZqeC-ZoC"" (52.35) | #6 ""drak @ 5Zglli3yOZ"" (238.55) | #9 ""Triangle5 @ zn7jYkqxSJ"" (126.16)",2026-03-20T04:35:03.304Z,177398130330401
"-- starting hand #213 (id: gja413pacjdc)  No Limit Texas Hold'em (dealer: ""Daveo da rula @ hL2HOafVVY"") --",2026-03-20T04:35:03.304Z,177398130330400
"""drak @ 5Zglli3yOZ"" shows a 5♠, 3♦.",2026-03-20T04:35:01.058Z,177398130105800
"-- ending hand #212 --",2026-03-20T04:34:59.667Z,177398129966702
"""drak @ 5Zglli3yOZ"" collected 12.50 from pot",2026-03-20T04:34:59.667Z,177398129966701
"Uncalled bet of 9.37 returned to ""drak @ 5Zglli3yOZ""",2026-03-20T04:34:59.667Z,177398129966700
"""Eating @ 3GZqeC-ZoC"" folds",2026-03-20T04:34:58.862Z,177398129886200
"""Triangle5 @ zn7jYkqxSJ"" folds",2026-03-20T04:34:57.212Z,177398129721200
"""drak @ 5Zglli3yOZ"" bets 9.37",2026-03-20T04:34:56.073Z,177398129607300
"""Eating @ 3GZqeC-ZoC"" checks",2026-03-20T04:34:53.702Z,177398129370200
"Flop:  [9♣, 7♠, 9♦]",2026-03-20T04:34:48.320Z,177398128832000
"""Triangle5 @ zn7jYkqxSJ"" calls 4.00",2026-03-20T04:34:47.473Z,177398128747300
"""drak @ 5Zglli3yOZ"" calls 4.00",2026-03-20T04:34:46.088Z,177398128608800
"""Eating @ 3GZqeC-ZoC"" raises to 4.00",2026-03-20T04:34:44.848Z,177398128484800
"""Daveo da rula @ hL2HOafVVY"" folds",2026-03-20T04:34:41.740Z,177398128174000
"""Triangle5 @ zn7jYkqxSJ"" calls 1.00",2026-03-20T04:34:40.758Z,177398128075800
"""drak @ 5Zglli3yOZ"" calls 1.00",2026-03-20T04:34:35.736Z,177398127573600
"""Eating @ 3GZqeC-ZoC"" posts a big blind of 1.00",2026-03-20T04:34:26.704Z,177398126670407
"""Daveo da rula @ hL2HOafVVY"" posts a small blind of 0.50",2026-03-20T04:34:26.704Z,177398126670406
"Player stacks: #2 ""Daveo da rula @ hL2HOafVVY"" (274.61) | #3 ""Eating @ 3GZqeC-ZoC"" (56.35) | #6 ""drak @ 5Zglli3yOZ"" (230.05) | #9 ""Triangle5 @ zn7jYkqxSJ"" (130.16)",2026-03-20T04:34:26.704Z,177398126670401
"-- starting hand #212 (id: 1m48txe7zmhh)  No Limit Texas Hold'em (dealer: ""Triangle5 @ zn7jYkqxSJ"") --",2026-03-20T04:34:26.704Z,177398126670400
"-- ending hand #211 --",2026-03-20T04:34:23.749Z,177398126374902
"""drak @ 5Zglli3yOZ"" collected 9.50 from pot",2026-03-20T04:34:23.749Z,177398126374901
"Uncalled bet of 7.12 returned to ""drak @ 5Zglli3yOZ""",2026-03-20T04:34:23.749Z,177398126374900
"""Eating @ 3GZqeC-ZoC"" folds",2026-03-20T04:34:22.933Z,177398126293300
"""Daveo da rula @ hL2HOafVVY"" folds",2026-03-20T04:34:21.252Z,177398126125200
"""drak @ 5Zglli3yOZ"" bets 7.12",2026-03-20T04:34:18.209Z,177398125820900
"""Eating @ 3GZqeC-ZoC"" checks",2026-03-20T04:34:11.030Z,177398125103000
"""Daveo da rula @ hL2HOafVVY"" checks",2026-03-20T04:34:06.733Z,177398124673300
"Flop:  [7♥, J♣, 8♣]",2026-03-20T04:34:05.588Z,177398124558800
"""Daveo da rula @ hL2HOafVVY"" calls 3.00",2026-03-20T04:34:04.754Z,177398124475400
"""Triangle5 @ zn7jYkqxSJ"" folds",2026-03-20T04:34:02.038Z,177398124203800
"""drak @ 5Zglli3yOZ"" calls 3.00",2026-03-20T04:34:00.929Z,177398124092900
"""Eating @ 3GZqeC-ZoC"" raises to 3.00",2026-03-20T04:33:59.970Z,177398123997000
"""Daveo da rula @ hL2HOafVVY"" posts a big blind of 1.00",2026-03-20T04:33:56.970Z,177398123697007
"""Triangle5 @ zn7jYkqxSJ"" posts a small blind of 0.50",2026-03-20T04:33:56.970Z,177398123697006
"Player stacks: #2 ""Daveo da rula @ hL2HOafVVY"" (277.61) | #3 ""Eating @ 3GZqeC-ZoC"" (59.35) | #6 ""drak @ 5Zglli3yOZ"" (223.55) | #9 ""Triangle5 @ zn7jYkqxSJ"" (130.66)",2026-03-20T04:33:56.970Z,177398123697001
"-- starting hand #211 (id: 1t2eek3frfj6)  No Limit Texas Hold'em (dealer: ""drak @ 5Zglli3yOZ"") --",2026-03-20T04:33:56.970Z,177398123697000
"-- ending hand #210 --",2026-03-20T04:33:53.968Z,177398123396802
"""Triangle5 @ zn7jYkqxSJ"" collected 21.00 from pot with Full House, 2's over K's (combination: K♥, K♠, 2♠, 2♥, 2♣)",2026-03-20T04:33:53.968Z,177398123396801
"""Triangle5 @ zn7jYkqxSJ"" shows a K♥, K♠.",2026-03-20T04:33:53.968Z,177398123396800
"""drak @ 5Zglli3yOZ"" calls 5.25",2026-03-20T04:33:53.126Z,177398123312600
"""Daveo da rula @ hL2HOafVVY"" folds",2026-03-20T04:33:48.332Z,177398122833200
"""Triangle5 @ zn7jYkqxSJ"" bets 5.25",2026-03-20T04:33:46.933Z,177398122693300
"""drak @ 5Zglli3yOZ"" checks",2026-03-20T04:33:42.438Z,177398122243800
"River: 2♠, A♥, 2♥, 4♥ [2♣]",2026-03-20T04:33:40.666Z,177398122066600
"""Daveo da rula @ hL2HOafVVY"" checks",2026-03-20T04:33:39.839Z,177398121983900
"""Triangle5 @ zn7jYkqxSJ"" checks",2026-03-20T04:33:38.888Z,177398121888800
"""drak @ 5Zglli3yOZ"" checks",2026-03-20T04:33:37.830Z,177398121783000
"Turn: 2♠, A♥, 2♥ [4♥]",2026-03-20T04:33:35.317Z,177398121531700
"""Daveo da rula @ hL2HOafVVY"" checks",2026-03-20T04:33:34.473Z,177398121447300
"""Triangle5 @ zn7jYkqxSJ"" checks",2026-03-20T04:33:33.493Z,177398121349300
"""drak @ 5Zglli3yOZ"" checks",2026-03-20T04:33:32.158Z,177398121215800
"Flop:  [2♠, A♥, 2♥]",2026-03-20T04:33:30.018Z,177398121001800
"""Triangle5 @ zn7jYkqxSJ"" calls 3.50",2026-03-20T04:33:29.174Z,177398120917400
"""drak @ 5Zglli3yOZ"" calls 3.50",2026-03-20T04:33:25.768Z,177398120576800
"""Eating @ 3GZqeC-ZoC"" folds",2026-03-20T04:33:24.879Z,177398120487900
"""Daveo da rula @ hL2HOafVVY"" raises to 3.50",2026-03-20T04:33:23.949Z,177398120394900
"""Triangle5 @ zn7jYkqxSJ"" posts a big blind of 1.00",2026-03-20T04:33:21.907Z,177398120190707
"""drak @ 5Zglli3yOZ"" posts a small blind of 0.50",2026-03-20T04:33:21.907Z,177398120190706
"Player stacks: #2 ""Daveo da rula @ hL2HOafVVY"" (281.11) | #3 ""Eating @ 3GZqeC-ZoC"" (59.35) | #6 ""drak @ 5Zglli3yOZ"" (232.30) | #9 ""Triangle5 @ zn7jYkqxSJ"" (118.41)",2026-03-20T04:33:21.907Z,177398120190701
"-- starting hand #210 (id: wjkiyzwd7dpj)  No Limit Texas Hold'em (dealer: ""Eating @ 3GZqeC-ZoC"") --",2026-03-20T04:33:21.907Z,177398120190700
"-- ending hand #209 --",2026-03-20T04:33:18.995Z,177398119899502
"""drak @ 5Zglli3yOZ"" collected 6.00 from pot",2026-03-20T04:33:18.995Z,177398119899501
"Uncalled bet of 6.00 returned to ""drak @ 5Zglli3yOZ""",2026-03-20T04:33:18.995Z,177398119899500
"""Eating @ 3GZqeC-ZoC"" folds",2026-03-20T04:33:18.136Z,177398119813600
"""drak @ 5Zglli3yOZ"" raises to 9.00",2026-03-20T04:33:15.206Z,177398119520600
"""Eating @ 3GZqeC-ZoC"" raises to 3.00",2026-03-20T04:33:13.073Z,177398119307300
"""Daveo da rula @ hL2HOafVVY"" folds",2026-03-20T04:33:10.569Z,177398119056900
"""Triangle5 @ zn7jYkqxSJ"" folds",2026-03-20T04:33:09.609Z,177398118960900
"""drak @ 5Zglli3yOZ"" posts a big blind of 1.00",2026-03-20T04:33:07.857Z,177398118785707
"""Eating @ 3GZqeC-ZoC"" posts a small blind of 0.50",2026-03-20T04:33:07.857Z,177398118785706
"Player stacks: #2 ""Daveo da rula @ hL2HOafVVY"" (281.11) | #3 ""Eating @ 3GZqeC-ZoC"" (62.35) | #6 ""drak @ 5Zglli3yOZ"" (229.30) | #9 ""Triangle5 @ zn7jYkqxSJ"" (118.41)",2026-03-20T04:33:07.857Z,177398118785701
"-- starting hand #209 (id: aurp5amyw9x1)  No Limit Texas Hold'em (dealer: ""Daveo da rula @ hL2HOafVVY"") --",2026-03-20T04:33:07.857Z,177398118785700
"-- ending hand #208 --",2026-03-20T04:33:04.949Z,177398118494902
"""drak @ 5Zglli3yOZ"" collected 25.50 from pot",2026-03-20T04:33:04.949Z,177398118494901
"Uncalled bet of 25.50 returned to ""drak @ 5Zglli3yOZ""",2026-03-20T04:33:04.949Z,177398118494900
"""Eating @ 3GZqeC-ZoC"" folds",2026-03-20T04:33:04.094Z,177398118409400
"""drak @ 5Zglli3yOZ"" raises to 32.50",2026-03-20T04:32:54.159Z,177398117415900
"""Eating @ 3GZqeC-ZoC"" bets 7.00",2026-03-20T04:32:51.882Z,177398117188200
"River: A♣, K♥, 5♠, 8♣ [6♣]",2026-03-20T04:32:45.555Z,177398116555500
"""drak @ 5Zglli3yOZ"" calls 3.00",2026-03-20T04:32:44.692Z,177398116469200
"""Eating @ 3GZqeC-ZoC"" bets 3.00",2026-03-20T04:32:43.148Z,177398116314800
"Turn: A♣, K♥, 5♠ [8♣]",2026-03-20T04:32:39.316Z,177398115931600
"""drak @ 5Zglli3yOZ"" calls 1.50",2026-03-20T04:32:38.436Z,177398115843600
"""Eating @ 3GZqeC-ZoC"" bets 1.50",2026-03-20T04:32:36.751Z,177398115675100
"Flop:  [A♣, K♥, 5♠]",2026-03-20T04:32:31.183Z,177398115118300
"""Eating @ 3GZqeC-ZoC"" checks",2026-03-20T04:32:30.372Z,177398115037200
"""Daveo da rula @ hL2HOafVVY"" folds",2026-03-20T04:32:24.936Z,177398114493600
"""Triangle5 @ zn7jYkqxSJ"" folds",2026-03-20T04:32:23.675Z,177398114367500
"""drak @ 5Zglli3yOZ"" calls 1.00",2026-03-20T04:32:17.857Z,177398113785700
"""Eating @ 3GZqeC-ZoC"" posts a big blind of 1.00",2026-03-20T04:32:16.906Z,177398113690607
"""Daveo da rula @ hL2HOafVVY"" posts a small blind of 0.50",2026-03-20T04:32:16.906Z,177398113690606
"Player stacks: #2 ""Daveo da rula @ hL2HOafVVY"" (281.61) | #3 ""Eating @ 3GZqeC-ZoC"" (74.85) | #6 ""drak @ 5Zglli3yOZ"" (216.30) | #9 ""Triangle5 @ zn7jYkqxSJ"" (118.41)",2026-03-20T04:32:16.906Z,177398113690601
"-- starting hand #208 (id: bv00sccltkra)  No Limit Texas Hold'em (dealer: ""Triangle5 @ zn7jYkqxSJ"") --",2026-03-20T04:32:16.906Z,177398113690600
"-- ending hand #207 --",2026-03-20T04:32:13.945Z,177398113394502
"""Daveo da rula @ hL2HOafVVY"" collected 1.00 from pot",2026-03-20T04:32:13.945Z,177398113394501
"Uncalled bet of 0.50 returned to ""Daveo da rula @ hL2HOafVVY""",2026-03-20T04:32:13.945Z,177398113394500
"""Triangle5 @ zn7jYkqxSJ"" folds",2026-03-20T04:32:13.129Z,177398113312900
"""drak @ 5Zglli3yOZ"" folds",2026-03-20T04:32:10.096Z,177398113009600
"""Eating @ 3GZqeC-ZoC"" folds",2026-03-20T04:32:08.437Z,177398112843700
"""Daveo da rula @ hL2HOafVVY"" posts a big blind of 1.00",2026-03-20T04:32:07.104Z,177398112710407
"""Triangle5 @ zn7jYkqxSJ"" posts a small blind of 0.50",2026-03-20T04:32:07.104Z,177398112710406
"Player stacks: #2 ""Daveo da rula @ hL2HOafVVY"" (281.11) | #3 ""Eating @ 3GZqeC-ZoC"" (74.85) | #6 ""drak @ 5Zglli3yOZ"" (216.30) | #9 ""Triangle5 @ zn7jYkqxSJ"" (118.91)",2026-03-20T04:32:07.104Z,177398112710401
"-- starting hand #207 (id: iprf8j1fzjfl)  No Limit Texas Hold'em (dealer: ""drak @ 5Zglli3yOZ"") --",2026-03-20T04:32:07.104Z,177398112710400
"-- ending hand #206 --",2026-03-20T04:32:04.105Z,177398112410502
"""Daveo da rula @ hL2HOafVVY"" collected 2.50 from pot",2026-03-20T04:32:04.105Z,177398112410501
"Uncalled bet of 2.50 returned to ""Daveo da rula @ hL2HOafVVY""",2026-03-20T04:32:04.105Z,177398112410500
"""Triangle5 @ zn7jYkqxSJ"" folds",2026-03-20T04:32:03.261Z,177398112326100
"""drak @ 5Zglli3yOZ"" folds",2026-03-20T04:32:00.736Z,177398112073600
"""Eating @ 3GZqeC-ZoC"" folds",2026-03-20T04:31:58.979Z,177398111897900
"""Daveo da rula @ hL2HOafVVY"" raises to 3.50",2026-03-20T04:31:53.918Z,177398111391800
"""Triangle5 @ zn7jYkqxSJ"" posts a big blind of 1.00",2026-03-20T04:31:50.067Z,177398111006707
"""drak @ 5Zglli3yOZ"" posts a small blind of 0.50",2026-03-20T04:31:50.067Z,177398111006706
"Player stacks: #2 ""Daveo da rula @ hL2HOafVVY"" (279.61) | #3 ""Eating @ 3GZqeC-ZoC"" (74.85) | #6 ""drak @ 5Zglli3yOZ"" (216.80) | #9 ""Triangle5 @ zn7jYkqxSJ"" (119.91)",2026-03-20T04:31:50.067Z,177398111006701
"-- starting hand #206 (id: ut4r57s87qv7)  No Limit Texas Hold'em (dealer: ""Eating @ 3GZqeC-ZoC"") --",2026-03-20T04:31:50.067Z,177398111006700
"-- ending hand #205 --",2026-03-20T04:31:47.159Z,177398110715902
"""Eating @ 3GZqeC-ZoC"" collected 10.00 from pot",2026-03-20T04:31:47.159Z,177398110715901
"Uncalled bet of 5.00 returned to ""Eating @ 3GZqeC-ZoC""",2026-03-20T04:31:47.159Z,177398110715900
"""drak @ 5Zglli3yOZ"" folds",2026-03-20T04:31:46.336Z,177398110633600
"""Eating @ 3GZqeC-ZoC"" bets 5.00",2026-03-20T04:31:44.570Z,177398110457000
"River: 9♠, 9♦, 9♣, J♣ [3♠]",2026-03-20T04:31:39.348Z,177398109934800
"""drak @ 5Zglli3yOZ"" calls 2.00",2026-03-20T04:31:38.543Z,177398109854300
"""Eating @ 3GZqeC-ZoC"" bets 2.00",2026-03-20T04:31:37.419Z,177398109741900
"Turn: 9♠, 9♦, 9♣ [J♣]",2026-03-20T04:31:33.812Z,177398109381200
"""drak @ 5Zglli3yOZ"" checks",2026-03-20T04:31:32.966Z,177398109296600
"""Eating @ 3GZqeC-ZoC"" checks",2026-03-20T04:31:31.778Z,177398109177800
"Flop:  [9♠, 9♦, 9♣]",2026-03-20T04:31:28.524Z,177398108852400
"""drak @ 5Zglli3yOZ"" calls 3.00",2026-03-20T04:31:27.663Z,177398108766300
"""Eating @ 3GZqeC-ZoC"" raises to 3.00",2026-03-20T04:31:26.435Z,177398108643500
"""Daveo da rula @ hL2HOafVVY"" folds",2026-03-20T04:31:23.513Z,177398108351300
"""Triangle5 @ zn7jYkqxSJ"" folds",2026-03-20T04:31:22.344Z,177398108234400
"""drak @ 5Zglli3yOZ"" posts a big blind of 1.00",2026-03-20T04:31:21.453Z,177398108145307
"""Eating @ 3GZqeC-ZoC"" posts a small blind of 0.50",2026-03-20T04:31:21.453Z,177398108145306
"Player stacks: #2 ""Daveo da rula @ hL2HOafVVY"" (279.61) | #3 ""Eating @ 3GZqeC-ZoC"" (69.85) | #6 ""drak @ 5Zglli3yOZ"" (221.80) | #9 ""Triangle5 @ zn7jYkqxSJ"" (119.91)",2026-03-20T04:31:21.453Z,177398108145301
"-- starting hand #205 (id: 5pqcafwxjxmq)  No Limit Texas Hold'em (dealer: ""Daveo da rula @ hL2HOafVVY"") --",2026-03-20T04:31:21.453Z,177398108145300
"""Triangle5 @ zn7jYkqxSJ"" shows a 4♠, 2♣.",2026-03-20T04:31:19.490Z,177398107949000
"-- ending hand #204 --",2026-03-20T04:31:17.851Z,177398107785102
"""Eating @ 3GZqeC-ZoC"" collected 24.00 from pot",2026-03-20T04:31:17.851Z,177398107785101
"Uncalled bet of 20.00 returned to ""Eating @ 3GZqeC-ZoC""",2026-03-20T04:31:17.851Z,177398107785100
"""Daveo da rula @ hL2HOafVVY"" folds",2026-03-20T04:31:17.045Z,177398107704500
"""Eating @ 3GZqeC-ZoC"" bets 20.00",2026-03-20T04:31:15.489Z,177398107548900
"""Daveo da rula @ hL2HOafVVY"" checks",2026-03-20T04:31:08.275Z,177398106827500
"River: 10♠, 8♥, 2♦, 4♦ [5♦]",2026-03-20T04:31:06.993Z,177398106699300
"""Daveo da rula @ hL2HOafVVY"" calls 6.00",2026-03-20T04:31:06.098Z,177398106609800
"""Eating @ 3GZqeC-ZoC"" bets 6.00",2026-03-20T04:31:03.846Z,177398106384600
"""Daveo da rula @ hL2HOafVVY"" checks",2026-03-20T04:30:59.047Z,177398105904700
"Turn: 10♠, 8♥, 2♦ [4♦]",2026-03-20T04:30:57.922Z,177398105792200
"""Eating @ 3GZqeC-ZoC"" calls 3.00",2026-03-20T04:30:57.107Z,177398105710700
"""Daveo da rula @ hL2HOafVVY"" bets 3.00",2026-03-20T04:30:54.518Z,177398105451800
"Flop:  [10♠, 8♥, 2♦]",2026-03-20T04:30:51.715Z,177398105171500
"""Eating @ 3GZqeC-ZoC"" calls 3.00",2026-03-20T04:30:50.861Z,177398105086100
"""Daveo da rula @ hL2HOafVVY"" raises to 3.00",2026-03-20T04:30:48.509Z,177398104850900
"""Triangle5 @ zn7jYkqxSJ"" folds",2026-03-20T04:30:45.795Z,177398104579500
"""drak @ 5Zglli3yOZ"" folds",2026-03-20T04:30:44.224Z,177398104422400
"""Eating @ 3GZqeC-ZoC"" posts a big blind of 1.00",2026-03-20T04:30:43.397Z,177398104339707
"""Daveo da rula @ hL2HOafVVY"" posts a small blind of 0.50",2026-03-20T04:30:43.397Z,177398104339706
"Player stacks: #2 ""Daveo da rula @ hL2HOafVVY"" (291.61) | #3 ""Eating @ 3GZqeC-ZoC"" (57.85) | #6 ""drak @ 5Zglli3yOZ"" (221.80) | #9 ""Triangle5 @ zn7jYkqxSJ"" (119.91)",2026-03-20T04:30:43.397Z,177398104339701
"-- starting hand #204 (id: tq85vipb92xh)  No Limit Texas Hold'em (dealer: ""Triangle5 @ zn7jYkqxSJ"") --",2026-03-20T04:30:43.397Z,177398104339700
"-- ending hand #203 --",2026-03-20T04:30:40.392Z,177398104039202
"""Triangle5 @ zn7jYkqxSJ"" collected 12.00 from pot with Straight, 9 High (combination: 5♣, 6♠, 7♠, 8♠, 9♣)",2026-03-20T04:30:40.392Z,177398104039201
"""Triangle5 @ zn7jYkqxSJ"" shows a 8♠, 7♠.",2026-03-20T04:30:40.392Z,177398104039200
"""drak @ 5Zglli3yOZ"" checks",2026-03-20T04:30:39.538Z,177398103953800
"""Triangle5 @ zn7jYkqxSJ"" checks",2026-03-20T04:30:38.560Z,177398103856000
"River: 5♣, 9♣, A♠, 6♠ [3♥]",2026-03-20T04:30:31.504Z,177398103150400
"""Daveo da rula @ hL2HOafVVY"" folds",2026-03-20T04:30:30.664Z,177398103066400
"""Triangle5 @ zn7jYkqxSJ"" calls 3.00",2026-03-20T04:30:29.493Z,177398102949300
"""drak @ 5Zglli3yOZ"" bets 3.00",2026-03-20T04:30:27.855Z,177398102785500
"""Daveo da rula @ hL2HOafVVY"" checks",2026-03-20T04:30:25.657Z,177398102565700
"""Triangle5 @ zn7jYkqxSJ"" checks",2026-03-20T04:30:24.333Z,177398102433300
"Turn: 5♣, 9♣, A♠ [6♠]",2026-03-20T04:30:23.298Z,177398102329800
"""Triangle5 @ zn7jYkqxSJ"" calls 1.00",2026-03-20T04:30:22.474Z,177398102247400
"""drak @ 5Zglli3yOZ"" calls 1.00",2026-03-20T04:30:21.470Z,177398102147000
"""Daveo da rula @ hL2HOafVVY"" bets 1.00",2026-03-20T04:30:20.468Z,177398102046800
"""Triangle5 @ zn7jYkqxSJ"" checks",2026-03-20T04:30:18.891Z,177398101889100
"Flop:  [5♣, 9♣, A♠]",2026-03-20T04:30:17.380Z,177398101738000
"""Daveo da rula @ hL2HOafVVY"" checks",2026-03-20T04:30:16.570Z,177398101657000
"""Triangle5 @ zn7jYkqxSJ"" calls 1.00",2026-03-20T04:30:15.173Z,177398101517300
"""drak @ 5Zglli3yOZ"" calls 1.00",2026-03-20T04:30:09.239Z,177398100923900
"""Eating @ 3GZqeC-ZoC"" folds",2026-03-20T04:30:07.366Z,177398100736600
"""Daveo da rula @ hL2HOafVVY"" posts a big blind of 1.00",2026-03-20T04:30:05.383Z,177398100538307
"""Triangle5 @ zn7jYkqxSJ"" posts a small blind of 0.50",2026-03-20T04:30:05.383Z,177398100538306
"Player stacks: #2 ""Daveo da rula @ hL2HOafVVY"" (293.61) | #3 ""Eating @ 3GZqeC-ZoC"" (57.85) | #6 ""drak @ 5Zglli3yOZ"" (226.80) | #9 ""Triangle5 @ zn7jYkqxSJ"" (112.91)",2026-03-20T04:30:05.383Z,177398100538301
"-- starting hand #203 (id: dzqnvvpepffm)  No Limit Texas Hold'em (dealer: ""drak @ 5Zglli3yOZ"") --",2026-03-20T04:30:05.383Z,177398100538300
"-- ending hand #202 --",2026-03-20T04:30:02.480Z,177398100248002
"""Daveo da rula @ hL2HOafVVY"" collected 8.00 from pot",2026-03-20T04:30:02.480Z,177398100248001
"Uncalled bet of 6.00 returned to ""Daveo da rula @ hL2HOafVVY""",2026-03-20T04:30:02.480Z,177398100248000
"""drak @ 5Zglli3yOZ"" folds",2026-03-20T04:30:01.610Z,177398100161000
"""Daveo da rula @ hL2HOafVVY"" bets 6.00",2026-03-20T04:29:59.825Z,177398099982500
"""drak @ 5Zglli3yOZ"" checks",2026-03-20T04:29:56.219Z,177398099621900
"Turn: 6♣, A♣, 9♠ [7♠]",2026-03-20T04:29:54.888Z,177398099488800
"""Daveo da rula @ hL2HOafVVY"" checks",2026-03-20T04:29:54.080Z,177398099408000
"""drak @ 5Zglli3yOZ"" checks",2026-03-20T04:29:46.918Z,177398098691800
"Flop:  [6♣, A♣, 9♠]",2026-03-20T04:29:45.599Z,177398098559900
"""Triangle5 @ zn7jYkqxSJ"" folds",2026-03-20T04:29:44.793Z,177398098479300
"""drak @ 5Zglli3yOZ"" calls 3.50",2026-03-20T04:29:37.222Z,177398097722200
"""Eating @ 3GZqeC-ZoC"" folds",2026-03-20T04:29:36.315Z,177398097631500
"""Daveo da rula @ hL2HOafVVY"" raises to 3.50",2026-03-20T04:29:33.490Z,177398097349000
"""Triangle5 @ zn7jYkqxSJ"" posts a big blind of 1.00",2026-03-20T04:29:30.873Z,177398097087307
"""drak @ 5Zglli3yOZ"" posts a small blind of 0.50",2026-03-20T04:29:30.873Z,177398097087306
"Player stacks: #2 ""Daveo da rula @ hL2HOafVVY"" (289.11) | #3 ""Eating @ 3GZqeC-ZoC"" (57.85) | #6 ""drak @ 5Zglli3yOZ"" (230.30) | #9 ""Triangle5 @ zn7jYkqxSJ"" (113.91)",2026-03-20T04:29:30.873Z,177398097087301
"-- starting hand #202 (id: dqbcfewjy7ur)  No Limit Texas Hold'em (dealer: ""Eating @ 3GZqeC-ZoC"") --",2026-03-20T04:29:30.873Z,177398097087300
"-- ending hand #201 --",2026-03-20T04:29:27.944Z,177398096794402
"""drak @ 5Zglli3yOZ"" collected 1.00 from pot",2026-03-20T04:29:27.944Z,177398096794401
"Uncalled bet of 0.50 returned to ""drak @ 5Zglli3yOZ""",2026-03-20T04:29:27.944Z,177398096794400
"""Eating @ 3GZqeC-ZoC"" folds",2026-03-20T04:29:27.103Z,177398096710300
"""Daveo da rula @ hL2HOafVVY"" folds",2026-03-20T04:29:26.185Z,177398096618500
"""Triangle5 @ zn7jYkqxSJ"" folds",2026-03-20T04:29:22.209Z,177398096220900
"""drak @ 5Zglli3yOZ"" posts a big blind of 1.00",2026-03-20T04:29:20.387Z,177398096038707
"""Eating @ 3GZqeC-ZoC"" posts a small blind of 0.50",2026-03-20T04:29:20.387Z,177398096038706
"Player stacks: #2 ""Daveo da rula @ hL2HOafVVY"" (289.11) | #3 ""Eating @ 3GZqeC-ZoC"" (58.35) | #6 ""drak @ 5Zglli3yOZ"" (229.80) | #9 ""Triangle5 @ zn7jYkqxSJ"" (113.91)",2026-03-20T04:29:20.387Z,177398096038701
"-- starting hand #201 (id: ft7ygcoibc8m)  No Limit Texas Hold'em (dealer: ""Daveo da rula @ hL2HOafVVY"") --",2026-03-20T04:29:20.387Z,177398096038700
"-- ending hand #200 --",2026-03-20T04:29:17.457Z,177398095745702
"""Eating @ 3GZqeC-ZoC"" collected 1.00 from pot",2026-03-20T04:29:17.457Z,177398095745701
"Uncalled bet of 0.50 returned to ""Eating @ 3GZqeC-ZoC""",2026-03-20T04:29:17.457Z,177398095745700
"""Daveo da rula @ hL2HOafVVY"" folds",2026-03-20T04:29:16.619Z,177398095661900
"""Triangle5 @ zn7jYkqxSJ"" folds",2026-03-20T04:29:15.584Z,177398095558400
"""drak @ 5Zglli3yOZ"" folds",2026-03-20T04:29:14.623Z,177398095462300
"""Eating @ 3GZqeC-ZoC"" posts a big blind of 1.00",2026-03-20T04:29:13.182Z,177398095318207
"""Daveo da rula @ hL2HOafVVY"" posts a small blind of 0.50",2026-03-20T04:29:13.182Z,177398095318206
"Player stacks: #2 ""Daveo da rula @ hL2HOafVVY"" (289.61) | #3 ""Eating @ 3GZqeC-ZoC"" (57.85) | #6 ""drak @ 5Zglli3yOZ"" (229.80) | #9 ""Triangle5 @ zn7jYkqxSJ"" (113.91)",2026-03-20T04:29:13.182Z,177398095318201
"-- starting hand #200 (id: f1acref8bml0)  No Limit Texas Hold'em (dealer: ""Triangle5 @ zn7jYkqxSJ"") --",2026-03-20T04:29:13.182Z,177398095318200
"-- ending hand #199 --",2026-03-20T04:29:10.135Z,177398095013503
"""Triangle5 @ zn7jYkqxSJ"" collected 18.00 from pot with Three of a Kind, 7's (combination: J♦, Q♠, 7♠, 7♥, 7♣)",2026-03-20T04:29:10.135Z,177398095013502
"""Triangle5 @ zn7jYkqxSJ"" shows a 7♠, J♦.",2026-03-20T04:29:10.135Z,177398095013501
"""Daveo da rula @ hL2HOafVVY"" shows a 9♦, 2♠.",2026-03-20T04:29:10.135Z,177398095013500
"""Triangle5 @ zn7jYkqxSJ"" calls 6.00",2026-03-20T04:29:09.325Z,177398094932500
"""drak @ 5Zglli3yOZ"" folds",2026-03-20T04:29:07.707Z,177398094770700
"""Daveo da rula @ hL2HOafVVY"" bets 6.00",2026-03-20T04:29:05.941Z,177398094594100
"""Triangle5 @ zn7jYkqxSJ"" checks",2026-03-20T04:29:03.573Z,177398094357300
"River: 7♥, Q♠, 10♥, 6♦ [7♣]",2026-03-20T04:29:02.177Z,177398094217700
"""Triangle5 @ zn7jYkqxSJ"" calls 1.00",2026-03-20T04:29:01.319Z,177398094131900
"""drak @ 5Zglli3yOZ"" calls 1.00",2026-03-20T04:28:59.963Z,177398093996300
"""Daveo da rula @ hL2HOafVVY"" bets 1.00",2026-03-20T04:28:58.576Z,177398093857600
"""Triangle5 @ zn7jYkqxSJ"" checks",2026-03-20T04:28:57.238Z,177398093723800
"Turn: 7♥, Q♠, 10♥ [6♦]",2026-03-20T04:28:56.397Z,177398093639700
"""drak @ 5Zglli3yOZ"" checks",2026-03-20T04:28:55.583Z,177398093558300
"""Daveo da rula @ hL2HOafVVY"" checks",2026-03-20T04:28:54.034Z,177398093403400
"""Triangle5 @ zn7jYkqxSJ"" checks",2026-03-20T04:28:50.353Z,177398093035300
"Flop:  [7♥, Q♠, 10♥]",2026-03-20T04:28:48.191Z,177398092819100
"""Daveo da rula @ hL2HOafVVY"" checks",2026-03-20T04:28:47.369Z,177398092736900
"""Triangle5 @ zn7jYkqxSJ"" calls 1.00",2026-03-20T04:28:46.355Z,177398092635500
"""drak @ 5Zglli3yOZ"" calls 1.00",2026-03-20T04:28:44.927Z,177398092492700
"""Eating @ 3GZqeC-ZoC"" folds",2026-03-20T04:28:42.701Z,177398092270100
"""Daveo da rula @ hL2HOafVVY"" posts a big blind of 1.00",2026-03-20T04:28:39.238Z,177398091923807
"""Triangle5 @ zn7jYkqxSJ"" posts a small blind of 0.50",2026-03-20T04:28:39.238Z,177398091923806
"Player stacks: #2 ""Daveo da rula @ hL2HOafVVY"" (297.61) | #3 ""Eating @ 3GZqeC-ZoC"" (57.85) | #6 ""drak @ 5Zglli3yOZ"" (231.80) | #9 ""Triangle5 @ zn7jYkqxSJ"" (103.91)",2026-03-20T04:28:39.238Z,177398091923801
"-- starting hand #199 (id: qbxqfclaqzss)  No Limit Texas Hold'em (dealer: ""drak @ 5Zglli3yOZ"") --",2026-03-20T04:28:39.238Z,177398091923800
"-- ending hand #198 --",2026-03-20T04:28:36.324Z,177398091632402
"""Daveo da rula @ hL2HOafVVY"" collected 2.50 from pot",2026-03-20T04:28:36.324Z,177398091632401
"Uncalled bet of 2.50 returned to ""Daveo da rula @ hL2HOafVVY""",2026-03-20T04:28:36.324Z,177398091632400
"""Triangle5 @ zn7jYkqxSJ"" folds",2026-03-20T04:28:35.434Z,177398091543400
"""drak @ 5Zglli3yOZ"" folds",2026-03-20T04:28:23.560Z,177398090356000
"""Eating @ 3GZqeC-ZoC"" folds",2026-03-20T04:28:21.168Z,177398090116800
"""Daveo da rula @ hL2HOafVVY"" raises to 3.50",2026-03-20T04:28:20.255Z,177398090025500
"""Triangle5 @ zn7jYkqxSJ"" posts a big blind of 1.00",2026-03-20T04:28:18.627Z,177398089862707
"""drak @ 5Zglli3yOZ"" posts a small blind of 0.50",2026-03-20T04:28:18.627Z,177398089862706
"Player stacks: #2 ""Daveo da rula @ hL2HOafVVY"" (296.11) | #3 ""Eating @ 3GZqeC-ZoC"" (57.85) | #6 ""drak @ 5Zglli3yOZ"" (232.30) | #9 ""Triangle5 @ zn7jYkqxSJ"" (104.91)",2026-03-20T04:28:18.627Z,177398089862701
"-- starting hand #198 (id: 4x8wblres0ny)  No Limit Texas Hold'em (dealer: ""Eating @ 3GZqeC-ZoC"") --",2026-03-20T04:28:18.627Z,177398089862700
"-- ending hand #197 --",2026-03-20T04:28:15.718Z,177398089571802
"""Eating @ 3GZqeC-ZoC"" collected 17.00 from pot",2026-03-20T04:28:15.718Z,177398089571801
"Uncalled bet of 11.00 returned to ""Eating @ 3GZqeC-ZoC""",2026-03-20T04:28:15.718Z,177398089571800
"""drak @ 5Zglli3yOZ"" folds",2026-03-20T04:28:14.897Z,177398089489700
"""Eating @ 3GZqeC-ZoC"" bets 11.00",2026-03-20T04:28:13.068Z,177398089306800
"Turn: 8♦, K♥, 3♦ [10♣]",2026-03-20T04:28:04.970Z,177398088497000
"""Triangle5 @ zn7jYkqxSJ"" folds",2026-03-20T04:28:04.122Z,177398088412200
"""drak @ 5Zglli3yOZ"" calls 4.00",2026-03-20T04:28:01.308Z,177398088130800
"""Eating @ 3GZqeC-ZoC"" bets 4.00",2026-03-20T04:27:59.833Z,177398087983300
"Flop:  [8♦, K♥, 3♦]",2026-03-20T04:27:56.281Z,177398087628100
"""Triangle5 @ zn7jYkqxSJ"" calls 3.00",2026-03-20T04:27:55.473Z,177398087547300
"""drak @ 5Zglli3yOZ"" calls 3.00",2026-03-20T04:27:54.104Z,177398087410400
"""Eating @ 3GZqeC-ZoC"" raises to 3.00",2026-03-20T04:27:52.588Z,177398087258800
"""Daveo da rula @ hL2HOafVVY"" folds",2026-03-20T04:27:50.049Z,177398087004900
"""Triangle5 @ zn7jYkqxSJ"" calls 1.00",2026-03-20T04:27:48.993Z,177398086899300
"""drak @ 5Zglli3yOZ"" posts a big blind of 1.00",2026-03-20T04:27:46.897Z,177398086689707
"""Eating @ 3GZqeC-ZoC"" posts a small blind of 0.50",2026-03-20T04:27:46.897Z,177398086689706
"Player stacks: #2 ""Daveo da rula @ hL2HOafVVY"" (296.11) | #3 ""Eating @ 3GZqeC-ZoC"" (47.85) | #6 ""drak @ 5Zglli3yOZ"" (239.30) | #9 ""Triangle5 @ zn7jYkqxSJ"" (107.91)",2026-03-20T04:27:46.897Z,177398086689701
"-- starting hand #197 (id: tcinetfmbqnz)  No Limit Texas Hold'em (dealer: ""Daveo da rula @ hL2HOafVVY"") --",2026-03-20T04:27:46.897Z,177398086689700
"-- ending hand #196 --",2026-03-20T04:27:43.873Z,177398086387304
"""drak @ 5Zglli3yOZ"" collected 90.00 from pot with Straight, K High (combination: 9♥, 10♠, J♦, Q♥, K♦)",2026-03-20T04:27:43.873Z,177398086387303
"""Daveo da rula @ hL2HOafVVY"" collected 90.00 from pot with Straight, K High (combination: 9♥, 10♦, J♦, Q♥, K♦)",2026-03-20T04:27:43.873Z,177398086387302
"""drak @ 5Zglli3yOZ"" shows a 10♠, 8♠.",2026-03-20T04:27:43.873Z,177398086387301
"""Daveo da rula @ hL2HOafVVY"" shows a 9♠, 10♦.",2026-03-20T04:27:43.873Z,177398086387300
"""drak @ 5Zglli3yOZ"" calls 54.00",2026-03-20T04:27:43.013Z,177398086301300
"""Daveo da rula @ hL2HOafVVY"" bets 54.00",2026-03-20T04:27:41.643Z,177398086164300
"River: 9♥, Q♠, J♦, K♦ [Q♥]",2026-03-20T04:27:35.463Z,177398085546300
"""drak @ 5Zglli3yOZ"" calls 18.00",2026-03-20T04:27:34.613Z,177398085461300
"""Daveo da rula @ hL2HOafVVY"" bets 18.00",2026-03-20T04:27:33.150Z,177398085315000
"Turn: 9♥, Q♠, J♦ [K♦]",2026-03-20T04:27:29.736Z,177398084973600
"""Daveo da rula @ hL2HOafVVY"" calls 13.50",2026-03-20T04:27:28.899Z,177398084889900
"""drak @ 5Zglli3yOZ"" raises to 13.50",2026-03-20T04:27:26.513Z,177398084651300
"""Daveo da rula @ hL2HOafVVY"" bets 4.50",2026-03-20T04:27:24.290Z,177398084429000
"Flop:  [9♥, Q♠, J♦]",2026-03-20T04:27:21.419Z,177398084141900
"""drak @ 5Zglli3yOZ"" calls 4.00",2026-03-20T04:27:20.570Z,177398084057000
"""Eating @ 3GZqeC-ZoC"" folds",2026-03-20T04:27:19.306Z,177398083930600
"""Daveo da rula @ hL2HOafVVY"" raises to 4.00",2026-03-20T04:27:17.675Z,177398083767500
"""Triangle5 @ zn7jYkqxSJ"" folds",2026-03-20T04:27:15.432Z,177398083543200
"""drak @ 5Zglli3yOZ"" calls 1.00",2026-03-20T04:27:14.528Z,177398083452800
"""Eating @ 3GZqeC-ZoC"" posts a big blind of 1.00",2026-03-20T04:27:13.244Z,177398083324407
"""Daveo da rula @ hL2HOafVVY"" posts a small blind of 0.50",2026-03-20T04:27:13.244Z,177398083324406
"Player stacks: #2 ""Daveo da rula @ hL2HOafVVY"" (295.61) | #3 ""Eating @ 3GZqeC-ZoC"" (48.85) | #6 ""drak @ 5Zglli3yOZ"" (238.80) | #9 ""Triangle5 @ zn7jYkqxSJ"" (107.91)",2026-03-20T04:27:13.244Z,177398083324401
"-- starting hand #196 (id: jz1vkfylej5j)  No Limit Texas Hold'em (dealer: ""Triangle5 @ zn7jYkqxSJ"") --",2026-03-20T04:27:13.244Z,177398083324400
"-- ending hand #195 --",2026-03-20T04:27:10.212Z,177398083021202
"""Daveo da rula @ hL2HOafVVY"" collected 12.00 from pot with Three of a Kind, 2's (combination: J♠, Q♦, 2♥, 2♣, 2♦)",2026-03-20T04:27:10.212Z,177398083021201
"""Daveo da rula @ hL2HOafVVY"" shows a 2♥, 10♦.",2026-03-20T04:27:10.212Z,177398083021200
"""Triangle5 @ zn7jYkqxSJ"" calls 4.00",2026-03-20T04:27:09.373Z,177398082937300
"""Daveo da rula @ hL2HOafVVY"" bets 4.00",2026-03-20T04:27:07.775Z,177398082777500
"""Triangle5 @ zn7jYkqxSJ"" checks",2026-03-20T04:27:05.354Z,177398082535400
"River: 2♣, Q♦, J♠, 7♦ [2♦]",2026-03-20T04:26:58.754Z,177398081875400
"""Daveo da rula @ hL2HOafVVY"" checks",2026-03-20T04:26:57.916Z,177398081791600
"The admin updated the player ""YL @ y5CNIFby67"" stack from 161.31 to 0.01.",2026-03-20T04:26:57.302Z,177398081730200
"""Triangle5 @ zn7jYkqxSJ"" checks",2026-03-20T04:26:56.913Z,177398081691300
"Turn: 2♣, Q♦, J♠ [7♦]",2026-03-20T04:26:55.636Z,177398081563600
"""Triangle5 @ zn7jYkqxSJ"" calls 1.00",2026-03-20T04:26:54.798Z,177398081479800
"""Daveo da rula @ hL2HOafVVY"" bets 1.00",2026-03-20T04:26:51.364Z,177398081136400
"""Triangle5 @ zn7jYkqxSJ"" checks",2026-03-20T04:26:50.088Z,177398081008800
"Flop:  [2♣, Q♦, J♠]",2026-03-20T04:26:48.295Z,177398080829500
"""Daveo da rula @ hL2HOafVVY"" checks",2026-03-20T04:26:47.469Z,177398080746900
"""Triangle5 @ zn7jYkqxSJ"" calls 1.00",2026-03-20T04:26:46.529Z,177398080652900
"""drak @ 5Zglli3yOZ"" folds",2026-03-20T04:26:38.955Z,177398079895500
"""Eating @ 3GZqeC-ZoC"" folds",2026-03-20T04:26:37.571Z,177398079757100
"""Daveo da rula @ hL2HOafVVY"" posts a big blind of 1.00",2026-03-20T04:26:33.365Z,177398079336510
"""Triangle5 @ zn7jYkqxSJ"" posts a small blind of 0.50",2026-03-20T04:26:33.365Z,177398079336509
"Player stacks: #2 ""Daveo da rula @ hL2HOafVVY"" (289.61) | #3 ""Eating @ 3GZqeC-ZoC"" (48.85) | #6 ""drak @ 5Zglli3yOZ"" (238.80) | #9 ""Triangle5 @ zn7jYkqxSJ"" (113.91)",2026-03-20T04:26:33.365Z,177398079336504
"-- starting hand #195 (id: xjyn1uljqswp)  No Limit Texas Hold'em (dealer: ""drak @ 5Zglli3yOZ"") --",2026-03-20T04:26:33.365Z,177398079336503
"The game's big blind was changed from 0.50 to 1.00.",2026-03-20T04:26:33.365Z,177398079336502
"The game's small blind was changed from 0.25 to 0.50.",2026-03-20T04:26:33.365Z,177398079336501
"Game Config Changes
* blind schedule: L1: 25/50 » L1: 50/100
* Restart Blind Schedule at Level: none » 1",2026-03-20T04:26:33.365Z,177398079336500
"""drak @ 5Zglli3yOZ"" shows a 9♠, 8♠.",2026-03-20T04:26:31.305Z,177398079130500
"-- ending hand #194 --",2026-03-20T04:26:29.762Z,177398078976202
"""drak @ 5Zglli3yOZ"" collected 9.00 from pot",2026-03-20T04:26:29.762Z,177398078976201
"Uncalled bet of 12.50 returned to ""drak @ 5Zglli3yOZ""",2026-03-20T04:26:29.762Z,177398078976200
"""Triangle5 @ zn7jYkqxSJ"" folds",2026-03-20T04:26:28.941Z,177398078894100
"""drak @ 5Zglli3yOZ"" bets 12.50",2026-03-20T04:26:27.440Z,177398078744000
"River: 4♠, K♥, Q♦, 7♦ [A♣]",2026-03-20T04:26:23.416Z,177398078341600
"""Triangle5 @ zn7jYkqxSJ"" calls 3.00",2026-03-20T04:26:22.574Z,177398078257400
"""drak @ 5Zglli3yOZ"" bets 3.00",2026-03-20T04:26:20.613Z,177398078061300
"Turn: 4♠, K♥, Q♦ [7♦]",2026-03-20T04:26:17.745Z,177398077774500
"""Triangle5 @ zn7jYkqxSJ"" checks",2026-03-20T04:26:16.913Z,177398077691300
"""drak @ 5Zglli3yOZ"" checks",2026-03-20T04:26:15.838Z,177398077583800
"Flop:  [4♠, K♥, Q♦]",2026-03-20T04:26:14.305Z,177398077430500
"""Triangle5 @ zn7jYkqxSJ"" calls 1.50",2026-03-20T04:26:13.428Z,177398077342800
"""drak @ 5Zglli3yOZ"" raises to 1.50",2026-03-20T04:26:08.622Z,177398076862200
"""Eating @ 3GZqeC-ZoC"" folds",2026-03-20T04:26:04.545Z,177398076454500
"""Daveo da rula @ hL2HOafVVY"" folds",2026-03-20T04:26:02.277Z,177398076227700
"""Triangle5 @ zn7jYkqxSJ"" posts a big blind of 0.50",2026-03-20T04:26:01.203Z,177398076120307
"""drak @ 5Zglli3yOZ"" posts a small blind of 0.25",2026-03-20T04:26:01.203Z,177398076120306
"Player stacks: #2 ""Daveo da rula @ hL2HOafVVY"" (289.61) | #3 ""Eating @ 3GZqeC-ZoC"" (48.85) | #6 ""drak @ 5Zglli3yOZ"" (234.30) | #9 ""Triangle5 @ zn7jYkqxSJ"" (118.41)",2026-03-20T04:26:01.203Z,177398076120301
"-- starting hand #194 (id: e0mwzlcylvmq)  No Limit Texas Hold'em (dealer: ""Eating @ 3GZqeC-ZoC"") --",2026-03-20T04:26:01.203Z,177398076120300
"-- ending hand #193 --",2026-03-20T04:25:58.282Z,177398075828202
"""drak @ 5Zglli3yOZ"" collected 11.25 from pot",2026-03-20T04:25:58.282Z,177398075828201
"Uncalled bet of 8.43 returned to ""drak @ 5Zglli3yOZ""",2026-03-20T04:25:58.282Z,177398075828200
"""Daveo da rula @ hL2HOafVVY"" folds",2026-03-20T04:25:57.425Z,177398075742500
"""drak @ 5Zglli3yOZ"" bets 8.43",2026-03-20T04:25:55.938Z,177398075593800
"Flop:  [Q♣, 9♥, 7♠]",2026-03-20T04:25:53.212Z,177398075321200
"""Daveo da rula @ hL2HOafVVY"" calls 5.50",2026-03-20T04:25:52.409Z,177398075240900
"""drak @ 5Zglli3yOZ"" raises to 5.50",2026-03-20T04:25:47.021Z,177398074702100
"""Eating @ 3GZqeC-ZoC"" folds",2026-03-20T04:25:44.227Z,177398074422700
"""Daveo da rula @ hL2HOafVVY"" raises to 1.75",2026-03-20T04:25:39.733Z,177398073973300
"""Triangle5 @ zn7jYkqxSJ"" folds",2026-03-20T04:25:37.373Z,177398073737300
"""drak @ 5Zglli3yOZ"" posts a big blind of 0.50",2026-03-20T04:25:35.472Z,177398073547207
"""Eating @ 3GZqeC-ZoC"" posts a small blind of 0.25",2026-03-20T04:25:35.472Z,177398073547206
"Player stacks: #2 ""Daveo da rula @ hL2HOafVVY"" (295.11) | #3 ""Eating @ 3GZqeC-ZoC"" (49.10) | #6 ""drak @ 5Zglli3yOZ"" (228.55) | #9 ""Triangle5 @ zn7jYkqxSJ"" (118.41)",2026-03-20T04:25:35.472Z,177398073547201
"-- starting hand #193 (id: cog1w93vq1p0)  No Limit Texas Hold'em (dealer: ""Daveo da rula @ hL2HOafVVY"") --",2026-03-20T04:25:35.472Z,177398073547200
"-- ending hand #192 --",2026-03-20T04:25:32.469Z,177398073246902
"""drak @ 5Zglli3yOZ"" collected 4.50 from pot",2026-03-20T04:25:32.469Z,177398073246901
"Uncalled bet of 4.50 returned to ""drak @ 5Zglli3yOZ""",2026-03-20T04:25:32.469Z,177398073246900
"""Daveo da rula @ hL2HOafVVY"" folds",2026-03-20T04:25:31.564Z,177398073156400
"""drak @ 5Zglli3yOZ"" bets 4.50",2026-03-20T04:25:27.486Z,177398072748600
"""Daveo da rula @ hL2HOafVVY"" checks",2026-03-20T04:25:24.753Z,177398072475300
"Turn: 6♦, Q♣, 4♥ [J♠]",2026-03-20T04:25:23.742Z,177398072374200
"""drak @ 5Zglli3yOZ"" checks",2026-03-20T04:25:22.915Z,177398072291500
"""Daveo da rula @ hL2HOafVVY"" checks",2026-03-20T04:25:21.899Z,177398072189900
"Flop:  [6♦, Q♣, 4♥]",2026-03-20T04:25:20.500Z,177398072050000
"""drak @ 5Zglli3yOZ"" calls 2.00",2026-03-20T04:25:19.688Z,177398071968800
"""Eating @ 3GZqeC-ZoC"" folds",2026-03-20T04:25:18.577Z,177398071857700
"""Daveo da rula @ hL2HOafVVY"" raises to 2.00",2026-03-20T04:25:17.602Z,177398071760200
"""Triangle5 @ zn7jYkqxSJ"" folds",2026-03-20T04:25:05.993Z,177398070599300
"""drak @ 5Zglli3yOZ"" calls 0.50",2026-03-20T04:25:04.990Z,177398070499000
"""Eating @ 3GZqeC-ZoC"" posts a big blind of 0.50",2026-03-20T04:25:03.632Z,177398070363207
"""Daveo da rula @ hL2HOafVVY"" posts a small blind of 0.25",2026-03-20T04:25:03.632Z,177398070363206
"Player stacks: #2 ""Daveo da rula @ hL2HOafVVY"" (297.11) | #3 ""Eating @ 3GZqeC-ZoC"" (49.60) | #6 ""drak @ 5Zglli3yOZ"" (226.05) | #9 ""Triangle5 @ zn7jYkqxSJ"" (118.41)",2026-03-20T04:25:03.632Z,177398070363201
"-- starting hand #192 (id: ifpooirdnipz)  No Limit Texas Hold'em (dealer: ""Triangle5 @ zn7jYkqxSJ"") --",2026-03-20T04:25:03.632Z,177398070363200
"-- ending hand #191 --",2026-03-20T04:25:00.573Z,177398070057302
"""Triangle5 @ zn7jYkqxSJ"" collected 12.00 from pot with Two Pair, K's & 2's (combination: 9♣, 2♥, 2♦, K♠, K♥)",2026-03-20T04:25:00.573Z,177398070057301
"""Triangle5 @ zn7jYkqxSJ"" shows a K♠, 6♠.",2026-03-20T04:25:00.573Z,177398070057300
"""Daveo da rula @ hL2HOafVVY"" checks",2026-03-20T04:24:59.691Z,177398069969100
"""Triangle5 @ zn7jYkqxSJ"" checks",2026-03-20T04:24:58.713Z,177398069871300
"River: 9♣, 2♥, K♥, 5♦ [2♦]",2026-03-20T04:24:57.773Z,177398069777300
"""Triangle5 @ zn7jYkqxSJ"" calls 3.00",2026-03-20T04:24:56.874Z,177398069687400
"""Daveo da rula @ hL2HOafVVY"" bets 3.00",2026-03-20T04:24:55.908Z,177398069590800
"""Triangle5 @ zn7jYkqxSJ"" checks",2026-03-20T04:24:52.528Z,177398069252800
"Turn: 9♣, 2♥, K♥ [5♦]",2026-03-20T04:24:51.761Z,177398069176100
"""Triangle5 @ zn7jYkqxSJ"" calls 1.50",2026-03-20T04:24:50.890Z,177398069089000
"""Daveo da rula @ hL2HOafVVY"" bets 1.50",2026-03-20T04:24:49.564Z,177398068956400
"""Triangle5 @ zn7jYkqxSJ"" checks",2026-03-20T04:24:47.248Z,177398068724800
"Flop:  [9♣, 2♥, K♥]",2026-03-20T04:24:46.160Z,177398068616000
"""Triangle5 @ zn7jYkqxSJ"" calls 1.50",2026-03-20T04:24:45.314Z,177398068531400
"""Daveo da rula @ hL2HOafVVY"" raises to 1.50",2026-03-20T04:24:43.889Z,177398068388900
"""Triangle5 @ zn7jYkqxSJ"" calls 0.50",2026-03-20T04:24:41.768Z,177398068176800
"""drak @ 5Zglli3yOZ"" folds",2026-03-20T04:24:38.326Z,177398067832600
"""Eating @ 3GZqeC-ZoC"" folds",2026-03-20T04:24:37.450Z,177398067745000
"""Daveo da rula @ hL2HOafVVY"" posts a big blind of 0.50",2026-03-20T04:24:35.216Z,177398067521607
"""Triangle5 @ zn7jYkqxSJ"" posts a small blind of 0.25",2026-03-20T04:24:35.216Z,177398067521606
"Player stacks: #2 ""Daveo da rula @ hL2HOafVVY"" (303.11) | #3 ""Eating @ 3GZqeC-ZoC"" (49.60) | #6 ""drak @ 5Zglli3yOZ"" (226.05) | #9 ""Triangle5 @ zn7jYkqxSJ"" (112.41)",2026-03-20T04:24:35.216Z,177398067521601
"-- starting hand #191 (id: kbm9nkp15sek)  No Limit Texas Hold'em (dealer: ""drak @ 5Zglli3yOZ"") --",2026-03-20T04:24:35.216Z,177398067521600
"-- ending hand #190 --",2026-03-20T04:24:32.305Z,177398067230502
"""drak @ 5Zglli3yOZ"" collected 1.00 from pot",2026-03-20T04:24:32.305Z,177398067230501
"Uncalled bet of 1.00 returned to ""drak @ 5Zglli3yOZ""",2026-03-20T04:24:32.305Z,177398067230500
"""Triangle5 @ zn7jYkqxSJ"" folds",2026-03-20T04:24:31.417Z,177398067141700
"""drak @ 5Zglli3yOZ"" raises to 1.50",2026-03-20T04:24:29.975Z,177398066997500
"""Eating @ 3GZqeC-ZoC"" folds",2026-03-20T04:24:22.036Z,177398066203600
"""Daveo da rula @ hL2HOafVVY"" folds",2026-03-20T04:24:21.199Z,177398066119900
"""Triangle5 @ zn7jYkqxSJ"" posts a big blind of 0.50",2026-03-20T04:24:19.503Z,177398065950307
"""drak @ 5Zglli3yOZ"" posts a small blind of 0.25",2026-03-20T04:24:19.503Z,177398065950306
"Player stacks: #2 ""Daveo da rula @ hL2HOafVVY"" (303.11) | #3 ""Eating @ 3GZqeC-ZoC"" (49.60) | #6 ""drak @ 5Zglli3yOZ"" (225.55) | #9 ""Triangle5 @ zn7jYkqxSJ"" (112.91)",2026-03-20T04:24:19.503Z,177398065950301
"-- starting hand #190 (id: qewrs0gpvxnd)  No Limit Texas Hold'em (dealer: ""Eating @ 3GZqeC-ZoC"") --",2026-03-20T04:24:19.503Z,177398065950300
"-- ending hand #189 --",2026-03-20T04:24:16.592Z,177398065659202
"""Triangle5 @ zn7jYkqxSJ"" collected 10.49 from pot",2026-03-20T04:24:16.592Z,177398065659201
"Uncalled bet of 5.24 returned to ""Triangle5 @ zn7jYkqxSJ""",2026-03-20T04:24:16.592Z,177398065659200
"""Daveo da rula @ hL2HOafVVY"" folds",2026-03-20T04:24:15.785Z,177398065578500
"""Triangle5 @ zn7jYkqxSJ"" bets 5.24",2026-03-20T04:24:14.753Z,177398065475300
"River: 5♣, 8♦, 8♠, 7♥ [J♠]",2026-03-20T04:24:10.494Z,177398065049400
"""Daveo da rula @ hL2HOafVVY"" calls 2.62",2026-03-20T04:24:09.639Z,177398064963900
"""Triangle5 @ zn7jYkqxSJ"" bets 2.62",2026-03-20T04:24:07.654Z,177398064765400
"Turn: 5♣, 8♦, 8♠ [7♥]",2026-03-20T04:24:02.802Z,177398064280200
"""Daveo da rula @ hL2HOafVVY"" checks",2026-03-20T04:24:01.987Z,177398064198700
"""Triangle5 @ zn7jYkqxSJ"" checks",2026-03-20T04:23:58.748Z,177398063874800
"Flop:  [5♣, 8♦, 8♠]",2026-03-20T04:23:57.500Z,177398063750000
"""Triangle5 @ zn7jYkqxSJ"" calls 2.25",2026-03-20T04:23:56.695Z,177398063669500
"""drak @ 5Zglli3yOZ"" folds",2026-03-20T04:23:53.567Z,177398063356700
"""Eating @ 3GZqeC-ZoC"" folds",2026-03-20T04:23:51.376Z,177398063137600
"""Daveo da rula @ hL2HOafVVY"" raises to 2.25",2026-03-20T04:23:49.108Z,177398062910800
"""Triangle5 @ zn7jYkqxSJ"" calls 0.50",2026-03-20T04:23:45.273Z,177398062527300
"""drak @ 5Zglli3yOZ"" posts a big blind of 0.50",2026-03-20T04:23:42.748Z,177398062274808
"""Eating @ 3GZqeC-ZoC"" posts a small blind of 0.25",2026-03-20T04:23:42.748Z,177398062274807
"Player stacks: #2 ""Daveo da rula @ hL2HOafVVY"" (307.98) | #3 ""Eating @ 3GZqeC-ZoC"" (49.85) | #6 ""drak @ 5Zglli3yOZ"" (226.05) | #9 ""Triangle5 @ zn7jYkqxSJ"" (107.29)",2026-03-20T04:23:42.748Z,177398062274802
"-- starting hand #189 (id: e7kwlzy8ukcq)  No Limit Texas Hold'em (dealer: ""Daveo da rula @ hL2HOafVVY"") --",2026-03-20T04:23:42.748Z,177398062274801
"The player ""YL @ y5CNIFby67"" stand up with the stack of 161.31.",2026-03-20T04:23:42.748Z,177398062274800
"-- ending hand #188 --",2026-03-20T04:23:39.746Z,177398061974602
"""drak @ 5Zglli3yOZ"" collected 48.00 from pot with Two Pair, Q's & 6's (combination: 3♦, 6♠, 6♣, Q♠, Q♣)",2026-03-20T04:23:39.746Z,177398061974601
"""drak @ 5Zglli3yOZ"" shows a 6♠, Q♠.",2026-03-20T04:23:39.746Z,177398061974600
"""Eating @ 3GZqeC-ZoC"" calls 9.00",2026-03-20T04:23:38.930Z,177398061893000
"""drak @ 5Zglli3yOZ"" bets 9.00",2026-03-20T04:23:37.090Z,177398061709000
"""Eating @ 3GZqeC-ZoC"" checks",2026-03-20T04:23:32.033Z,177398061203300
"River: Q♣, 2♣, 6♣, 3♥ [3♦]",2026-03-20T04:23:30.253Z,177398061025300
"""Eating @ 3GZqeC-ZoC"" calls 7.50",2026-03-20T04:23:29.432Z,177398060943200
"""Daveo da rula @ hL2HOafVVY"" folds",2026-03-20T04:23:25.861Z,177398060586100
"""drak @ 5Zglli3yOZ"" bets 7.50",2026-03-20T04:23:24.875Z,177398060487500
"""Eating @ 3GZqeC-ZoC"" checks",2026-03-20T04:23:22.611Z,177398060261100
"""Daveo da rula @ hL2HOafVVY"" checks",2026-03-20T04:23:20.960Z,177398060096000
"Turn: Q♣, 2♣, 6♣ [3♥]",2026-03-20T04:23:18.997Z,177398059899700
"""drak @ 5Zglli3yOZ"" calls 3.00",2026-03-20T04:23:18.166Z,177398059816600
"""Eating @ 3GZqeC-ZoC"" calls 3.00",2026-03-20T04:23:16.623Z,177398059662300
"""Daveo da rula @ hL2HOafVVY"" bets 3.00",2026-03-20T04:23:14.778Z,177398059477800
"Flop:  [Q♣, 2♣, 6♣]",2026-03-20T04:23:11.992Z,177398059199200
"""drak @ 5Zglli3yOZ"" calls 2.00",2026-03-20T04:23:11.150Z,177398059115000
"""Eating @ 3GZqeC-ZoC"" calls 2.00",2026-03-20T04:23:07.912Z,177398058791200
"""Daveo da rula @ hL2HOafVVY"" raises to 2.00",2026-03-20T04:23:04.548Z,177398058454800
"""Triangle5 @ zn7jYkqxSJ"" folds",2026-03-20T04:23:00.488Z,177398058048800
"""drak @ 5Zglli3yOZ"" calls 0.50",2026-03-20T04:22:59.526Z,177398057952600
"""YL @ y5CNIFby67"" folds",2026-03-20T04:22:57.932Z,177398057793200
"""Eating @ 3GZqeC-ZoC"" posts a big blind of 0.50",2026-03-20T04:22:55.962Z,177398057596208
"""Daveo da rula @ hL2HOafVVY"" posts a small blind of 0.25",2026-03-20T04:22:55.962Z,177398057596207
"Player stacks: #2 ""Daveo da rula @ hL2HOafVVY"" (312.98) | #3 ""Eating @ 3GZqeC-ZoC"" (71.35) | #5 ""YL @ y5CNIFby67"" (161.31) | #6 ""drak @ 5Zglli3yOZ"" (199.55) | #9 ""Triangle5 @ zn7jYkqxSJ"" (107.29)",2026-03-20T04:22:55.962Z,177398057596201
"-- starting hand #188 (id: v2efbbyrekjz)  No Limit Texas Hold'em (dealer: ""Triangle5 @ zn7jYkqxSJ"") --",2026-03-20T04:22:55.962Z,177398057596200
"-- ending hand #187 --",2026-03-20T04:22:52.917Z,177398057291702
"""Triangle5 @ zn7jYkqxSJ"" collected 41.10 from pot with Pair, A's (combination: 10♦, Q♠, K♣, A♠, A♣)",2026-03-20T04:22:52.917Z,177398057291701
"""Triangle5 @ zn7jYkqxSJ"" shows a A♠, A♣.",2026-03-20T04:22:52.917Z,177398057291700
"""drak @ 5Zglli3yOZ"" calls 9.05",2026-03-20T04:22:52.055Z,177398057205500
"""Eating @ 3GZqeC-ZoC"" folds",2026-03-20T04:22:42.388Z,177398056238800
"""Triangle5 @ zn7jYkqxSJ"" bets 9.05",2026-03-20T04:22:40.829Z,177398056082900
"The player ""Pluxxx @ CToG4mBMPa"" canceled the seat request.",2026-03-20T04:22:36.914Z,177398055691400
"River: 7♦, K♣, 10♦, Q♠ [5♠]",2026-03-20T04:22:35.058Z,177398055505800
"""drak @ 5Zglli3yOZ"" checks",2026-03-20T04:22:34.195Z,177398055419500
"""Eating @ 3GZqeC-ZoC"" checks",2026-03-20T04:22:32.584Z,177398055258400
"""Triangle5 @ zn7jYkqxSJ"" checks",2026-03-20T04:22:29.413Z,177398054941300
"Turn: 7♦, K♣, 10♦ [Q♠]",2026-03-20T04:22:28.259Z,177398054825900
"""Daveo da rula @ hL2HOafVVY"" folds",2026-03-20T04:22:27.425Z,177398054742500
"""Triangle5 @ zn7jYkqxSJ"" calls 5.00",2026-03-20T04:22:26.413Z,177398054641300
"""drak @ 5Zglli3yOZ"" calls 5.00",2026-03-20T04:22:25.054Z,177398054505400
"""Eating @ 3GZqeC-ZoC"" bets 5.00",2026-03-20T04:22:22.885Z,177398054288500
"""Daveo da rula @ hL2HOafVVY"" checks",2026-03-20T04:22:17.336Z,177398053733600
"""Triangle5 @ zn7jYkqxSJ"" checks",2026-03-20T04:22:16.333Z,177398053633300
"Flop:  [7♦, K♣, 10♦]",2026-03-20T04:22:14.117Z,177398053411700
"""Daveo da rula @ hL2HOafVVY"" calls 2.00",2026-03-20T04:22:13.250Z,177398053325000
"""Triangle5 @ zn7jYkqxSJ"" calls 2.00",2026-03-20T04:22:10.932Z,177398053093200
"""drak @ 5Zglli3yOZ"" calls 2.00",2026-03-20T04:22:08.786Z,177398052878600
"""YL @ y5CNIFby67"" folds",2026-03-20T04:22:07.836Z,177398052783600
"""Eating @ 3GZqeC-ZoC"" raises to 2.00",2026-03-20T04:22:06.651Z,177398052665100
"""Daveo da rula @ hL2HOafVVY"" posts a big blind of 0.50",2026-03-20T04:22:03.249Z,177398052324908
"""Triangle5 @ zn7jYkqxSJ"" posts a small blind of 0.25",2026-03-20T04:22:03.249Z,177398052324907
"Player stacks: #2 ""Daveo da rula @ hL2HOafVVY"" (314.98) | #3 ""Eating @ 3GZqeC-ZoC"" (78.35) | #5 ""YL @ y5CNIFby67"" (161.31) | #6 ""drak @ 5Zglli3yOZ"" (215.60) | #9 ""Triangle5 @ zn7jYkqxSJ"" (82.24)",2026-03-20T04:22:03.249Z,177398052324901
"-- starting hand #187 (id: rv4ovopjopei)  No Limit Texas Hold'em (dealer: ""drak @ 5Zglli3yOZ"") --",2026-03-20T04:22:03.249Z,177398052324900
"-- ending hand #186 --",2026-03-20T04:22:00.284Z,177398052028402
"""Daveo da rula @ hL2HOafVVY"" collected 5.75 from pot",2026-03-20T04:22:00.284Z,177398052028401
"Uncalled bet of 5.75 returned to ""Daveo da rula @ hL2HOafVVY""",2026-03-20T04:22:00.284Z,177398052028400
"""drak @ 5Zglli3yOZ"" folds",2026-03-20T04:21:59.478Z,177398051947800
"""Eating @ 3GZqeC-ZoC"" folds",2026-03-20T04:21:57.346Z,177398051734600
"""Daveo da rula @ hL2HOafVVY"" bets 5.75",2026-03-20T04:21:55.570Z,177398051557000
"""drak @ 5Zglli3yOZ"" checks",2026-03-20T04:21:53.135Z,177398051313500
"Turn: 7♥, 6♥, K♠ [Q♠]",2026-03-20T04:21:49.236Z,177398050923600
"""Eating @ 3GZqeC-ZoC"" checks",2026-03-20T04:21:48.412Z,177398050841200
"""Daveo da rula @ hL2HOafVVY"" checks",2026-03-20T04:21:44.694Z,177398050469400
"""drak @ 5Zglli3yOZ"" checks",2026-03-20T04:21:43.659Z,177398050365900
"Flop:  [7♥, 6♥, K♠]",2026-03-20T04:21:41.183Z,177398050118300
"""Triangle5 @ zn7jYkqxSJ"" folds",2026-03-20T04:21:40.374Z,177398050037400
"""drak @ 5Zglli3yOZ"" calls 1.75",2026-03-20T04:21:28.599Z,177398048859900
"""YL @ y5CNIFby67"" folds",2026-03-20T04:21:27.284Z,177398048728400
"""Eating @ 3GZqeC-ZoC"" calls 1.75",2026-03-20T04:21:26.363Z,177398048636300
"""Daveo da rula @ hL2HOafVVY"" raises to 1.75",2026-03-20T04:21:23.447Z,177398048344700
"""Triangle5 @ zn7jYkqxSJ"" posts a big blind of 0.50",2026-03-20T04:21:06.360Z,177398046636008
"""drak @ 5Zglli3yOZ"" posts a small blind of 0.25",2026-03-20T04:21:06.360Z,177398046636007
"Player stacks: #2 ""Daveo da rula @ hL2HOafVVY"" (310.98) | #3 ""Eating @ 3GZqeC-ZoC"" (80.10) | #5 ""YL @ y5CNIFby67"" (161.31) | #6 ""drak @ 5Zglli3yOZ"" (217.35) | #9 ""Triangle5 @ zn7jYkqxSJ"" (82.74)",2026-03-20T04:21:06.360Z,177398046636001
"-- starting hand #186 (id: pfyctom44vub)  No Limit Texas Hold'em (dealer: ""YL @ y5CNIFby67"") --",2026-03-20T04:21:06.360Z,177398046636000
"-- ending hand #185 --",2026-03-20T04:21:03.394Z,177398046339402
"""drak @ 5Zglli3yOZ"" collected 0.50 from pot",2026-03-20T04:21:03.394Z,177398046339401
"Uncalled bet of 0.25 returned to ""drak @ 5Zglli3yOZ""",2026-03-20T04:21:03.394Z,177398046339400
"""YL @ y5CNIFby67"" folds",2026-03-20T04:21:02.582Z,177398046258200
"""Eating @ 3GZqeC-ZoC"" folds",2026-03-20T04:21:01.490Z,177398046149000
"""Daveo da rula @ hL2HOafVVY"" folds",2026-03-20T04:21:00.464Z,177398046046400
"""Triangle5 @ zn7jYkqxSJ"" folds",2026-03-20T04:20:58.068Z,177398045806800
"""drak @ 5Zglli3yOZ"" posts a big blind of 0.50",2026-03-20T04:20:56.148Z,177398045614808
"""YL @ y5CNIFby67"" posts a small blind of 0.25",2026-03-20T04:20:56.148Z,177398045614807
"Player stacks: #2 ""Daveo da rula @ hL2HOafVVY"" (310.98) | #3 ""Eating @ 3GZqeC-ZoC"" (80.10) | #5 ""YL @ y5CNIFby67"" (161.56) | #6 ""drak @ 5Zglli3yOZ"" (217.10) | #9 ""Triangle5 @ zn7jYkqxSJ"" (82.74)",2026-03-20T04:20:56.148Z,177398045614801
"-- starting hand #185 (id: 2ihin9lqaryt)  No Limit Texas Hold'em (dealer: ""Eating @ 3GZqeC-ZoC"") --",2026-03-20T04:20:56.148Z,177398045614800
"""YL @ y5CNIFby67"" shows a 5♣, 9♥.",2026-03-20T04:20:54.400Z,177398045440000
"""drak @ 5Zglli3yOZ"" shows a A♣, A♠.",2026-03-20T04:20:52.518Z,177398045251800
"-- ending hand #184 --",2026-03-20T04:20:51.845Z,177398045184502
"""drak @ 5Zglli3yOZ"" collected 1.25 from pot",2026-03-20T04:20:51.845Z,177398045184501
"Uncalled bet of 0.93 returned to ""drak @ 5Zglli3yOZ""",2026-03-20T04:20:51.845Z,177398045184500
"""YL @ y5CNIFby67"" folds",2026-03-20T04:20:51.037Z,177398045103700
"""Eating @ 3GZqeC-ZoC"" folds",2026-03-20T04:20:50.039Z,177398045003900
"""Daveo da rula @ hL2HOafVVY"" folds",2026-03-20T04:20:49.162Z,177398044916200
"""Triangle5 @ zn7jYkqxSJ"" folds",2026-03-20T04:20:40.413Z,177398044041300
"""drak @ 5Zglli3yOZ"" raises to 1.43",2026-03-20T04:20:39.498Z,177398043949800
"""YL @ y5CNIFby67"" posts a big blind of 0.50",2026-03-20T04:20:34.903Z,177398043490308
"""Eating @ 3GZqeC-ZoC"" posts a small blind of 0.25",2026-03-20T04:20:34.903Z,177398043490307
"Player stacks: #2 ""Daveo da rula @ hL2HOafVVY"" (310.98) | #3 ""Eating @ 3GZqeC-ZoC"" (80.35) | #5 ""YL @ y5CNIFby67"" (162.06) | #6 ""drak @ 5Zglli3yOZ"" (216.35) | #9 ""Triangle5 @ zn7jYkqxSJ"" (82.74)",2026-03-20T04:20:34.903Z,177398043490301
"-- starting hand #184 (id: zgstcdvzrxjk)  No Limit Texas Hold'em (dealer: ""Daveo da rula @ hL2HOafVVY"") --",2026-03-20T04:20:34.903Z,177398043490300
"-- ending hand #183 --",2026-03-20T04:20:31.918Z,177398043191802
"""Eating @ 3GZqeC-ZoC"" collected 6.00 from pot",2026-03-20T04:20:31.918Z,177398043191801
"Uncalled bet of 2.50 returned to ""Eating @ 3GZqeC-ZoC""",2026-03-20T04:20:31.918Z,177398043191800
"""Daveo da rula @ hL2HOafVVY"" folds",2026-03-20T04:20:31.104Z,177398043110400
"""Triangle5 @ zn7jYkqxSJ"" folds",2026-03-20T04:20:29.912Z,177398042991200
"""Eating @ 3GZqeC-ZoC"" bets 2.50",2026-03-20T04:20:28.376Z,177398042837600
"""Daveo da rula @ hL2HOafVVY"" checks",2026-03-20T04:20:23.225Z,177398042322500
"Turn: 9♦, 6♠, 5♥ [J♣]",2026-03-20T04:20:21.901Z,177398042190100
"""Triangle5 @ zn7jYkqxSJ"" checks",2026-03-20T04:20:21.038Z,177398042103800
"""Eating @ 3GZqeC-ZoC"" checks",2026-03-20T04:20:20.077Z,177398042007700
"""Daveo da rula @ hL2HOafVVY"" checks",2026-03-20T04:20:16.695Z,177398041669500
"Flop:  [9♦, 6♠, 5♥]",2026-03-20T04:20:15.295Z,177398041529500
"""Triangle5 @ zn7jYkqxSJ"" calls 2.00",2026-03-20T04:20:14.473Z,177398041447300
"""Eating @ 3GZqeC-ZoC"" calls 2.00",2026-03-20T04:20:13.192Z,177398041319200
"""Daveo da rula @ hL2HOafVVY"" raises to 2.00",2026-03-20T04:20:11.350Z,177398041135000
"""Triangle5 @ zn7jYkqxSJ"" calls 0.50",2026-03-20T04:20:02.023Z,177398040202300
"""drak @ 5Zglli3yOZ"" folds",2026-03-20T04:20:00.804Z,177398040080400
"""YL @ y5CNIFby67"" folds",2026-03-20T04:19:59.868Z,177398039986800
"""Eating @ 3GZqeC-ZoC"" posts a big blind of 0.50",2026-03-20T04:19:58.668Z,177398039866808
"""Daveo da rula @ hL2HOafVVY"" posts a small blind of 0.25",2026-03-20T04:19:58.668Z,177398039866807
"Player stacks: #2 ""Daveo da rula @ hL2HOafVVY"" (312.98) | #3 ""Eating @ 3GZqeC-ZoC"" (76.35) | #5 ""YL @ y5CNIFby67"" (162.06) | #6 ""drak @ 5Zglli3yOZ"" (216.35) | #9 ""Triangle5 @ zn7jYkqxSJ"" (84.74)",2026-03-20T04:19:58.668Z,177398039866801
"-- starting hand #183 (id: zdd4dzby2unv)  No Limit Texas Hold'em (dealer: ""Triangle5 @ zn7jYkqxSJ"") --",2026-03-20T04:19:58.668Z,177398039866800
"-- ending hand #182 --",2026-03-20T04:19:55.753Z,177398039575302
"""YL @ y5CNIFby67"" collected 4.50 from pot",2026-03-20T04:19:55.753Z,177398039575301
"Uncalled bet of 1.50 returned to ""YL @ y5CNIFby67""",2026-03-20T04:19:55.753Z,177398039575300
"""Daveo da rula @ hL2HOafVVY"" folds",2026-03-20T04:19:54.942Z,177398039494200
"""Triangle5 @ zn7jYkqxSJ"" folds",2026-03-20T04:19:53.994Z,177398039399400
"""YL @ y5CNIFby67"" bets 1.50",2026-03-20T04:19:52.970Z,177398039297000
"""Daveo da rula @ hL2HOafVVY"" checks",2026-03-20T04:19:49.197Z,177398038919700
"""Triangle5 @ zn7jYkqxSJ"" checks",2026-03-20T04:19:48.035Z,177398038803500
"Flop:  [8♥, 4♥, 5♥]",2026-03-20T04:19:46.746Z,177398038674600
"""Daveo da rula @ hL2HOafVVY"" calls 1.50",2026-03-20T04:19:45.858Z,177398038585800
"""Triangle5 @ zn7jYkqxSJ"" calls 1.50",2026-03-20T04:19:43.733Z,177398038373300
"""drak @ 5Zglli3yOZ"" folds",2026-03-20T04:19:41.679Z,177398038167900
"""YL @ y5CNIFby67"" raises to 1.50",2026-03-20T04:19:37.998Z,177398037799800
"""Eating @ 3GZqeC-ZoC"" folds",2026-03-20T04:19:34.609Z,177398037460900
"""Daveo da rula @ hL2HOafVVY"" posts a big blind of 0.50",2026-03-20T04:19:32.140Z,177398037214008
"""Triangle5 @ zn7jYkqxSJ"" posts a small blind of 0.25",2026-03-20T04:19:32.140Z,177398037214007
"Player stacks: #2 ""Daveo da rula @ hL2HOafVVY"" (314.48) | #3 ""Eating @ 3GZqeC-ZoC"" (76.35) | #5 ""YL @ y5CNIFby67"" (159.06) | #6 ""drak @ 5Zglli3yOZ"" (216.35) | #9 ""Triangle5 @ zn7jYkqxSJ"" (86.24)",2026-03-20T04:19:32.140Z,177398037214001
"-- starting hand #182 (id: 1pdo9axrsvbv)  No Limit Texas Hold'em (dealer: ""drak @ 5Zglli3yOZ"") --",2026-03-20T04:19:32.140Z,177398037214000
"-- ending hand #181 --",2026-03-20T04:19:29.131Z,177398036913102
"""drak @ 5Zglli3yOZ"" collected 1.00 from pot with A High (combination: 9♦, 10♠, J♣, K♥, A♠)",2026-03-20T04:19:29.131Z,177398036913101
"""drak @ 5Zglli3yOZ"" shows a J♣, 10♠.",2026-03-20T04:19:29.131Z,177398036913100
"""Triangle5 @ zn7jYkqxSJ"" checks",2026-03-20T04:19:28.253Z,177398036825300
"""drak @ 5Zglli3yOZ"" checks",2026-03-20T04:19:27.255Z,177398036725500
"River: K♥, 3♥, A♠, 7♦ [9♦]",2026-03-20T04:19:26.168Z,177398036616800
"""Triangle5 @ zn7jYkqxSJ"" checks",2026-03-20T04:19:25.360Z,177398036536000
"""drak @ 5Zglli3yOZ"" checks",2026-03-20T04:19:24.270Z,177398036427000
"Turn: K♥, 3♥, A♠ [7♦]",2026-03-20T04:19:23.527Z,177398036352700
"""Triangle5 @ zn7jYkqxSJ"" checks",2026-03-20T04:19:22.618Z,177398036261800
"""drak @ 5Zglli3yOZ"" checks",2026-03-20T04:19:21.632Z,177398036163200
"Flop:  [K♥, 3♥, A♠]",2026-03-20T04:19:20.326Z,177398036032600
"""Triangle5 @ zn7jYkqxSJ"" checks",2026-03-20T04:19:19.434Z,177398035943400
"""drak @ 5Zglli3yOZ"" calls 0.50",2026-03-20T04:19:15.676Z,177398035567600
"""YL @ y5CNIFby67"" folds",2026-03-20T04:19:14.010Z,177398035401000
"""Eating @ 3GZqeC-ZoC"" folds",2026-03-20T04:19:11.779Z,177398035177900
"""Daveo da rula @ hL2HOafVVY"" folds",2026-03-20T04:19:10.840Z,177398035084000
"""Triangle5 @ zn7jYkqxSJ"" posts a big blind of 0.50",2026-03-20T04:19:09.125Z,177398034912508
"""drak @ 5Zglli3yOZ"" posts a small blind of 0.25",2026-03-20T04:19:09.125Z,177398034912507
"Player stacks: #2 ""Daveo da rula @ hL2HOafVVY"" (314.48) | #3 ""Eating @ 3GZqeC-ZoC"" (76.35) | #5 ""YL @ y5CNIFby67"" (159.06) | #6 ""drak @ 5Zglli3yOZ"" (215.85) | #9 ""Triangle5 @ zn7jYkqxSJ"" (86.74)",2026-03-20T04:19:09.125Z,177398034912501
"-- starting hand #181 (id: gqgyf08bvque)  No Limit Texas Hold'em (dealer: ""YL @ y5CNIFby67"") --",2026-03-20T04:19:09.125Z,177398034912500
"-- ending hand #180 --",2026-03-20T04:19:06.119Z,177398034611903
"""Daveo da rula @ hL2HOafVVY"" collected 22.49 from pot with Full House, J's over 2's (combination: 2♣, 2♠, J♦, J♠, J♣)",2026-03-20T04:19:06.119Z,177398034611902
"""Daveo da rula @ hL2HOafVVY"" shows a 2♣, 2♠.",2026-03-20T04:19:06.119Z,177398034611901
"""drak @ 5Zglli3yOZ"" shows a K♠, 6♠.",2026-03-20T04:19:06.119Z,177398034611900
"""Daveo da rula @ hL2HOafVVY"" calls 5.62",2026-03-20T04:19:05.237Z,177398034523700
"""drak @ 5Zglli3yOZ"" bets 5.62",2026-03-20T04:19:03.586Z,177398034358600
"River: 10♣, J♦, J♠, 4♥ [J♣]",2026-03-20T04:19:00.152Z,177398034015200
"""Daveo da rula @ hL2HOafVVY"" checks",2026-03-20T04:18:59.294Z,177398033929400
"""drak @ 5Zglli3yOZ"" checks",2026-03-20T04:18:58.350Z,177398033835000
"Turn: 10♣, J♦, J♠ [4♥]",2026-03-20T04:18:57.529Z,177398033752900
"""drak @ 5Zglli3yOZ"" calls 3.75",2026-03-20T04:18:56.706Z,177398033670600
"""Daveo da rula @ hL2HOafVVY"" bets 3.75",2026-03-20T04:18:54.772Z,177398033477200
"""drak @ 5Zglli3yOZ"" checks",2026-03-20T04:18:52.280Z,177398033228000
"Flop:  [10♣, J♦, J♠]",2026-03-20T04:18:51.124Z,177398033112400
"""drak @ 5Zglli3yOZ"" calls 1.75",2026-03-20T04:18:50.306Z,177398033030600
"""YL @ y5CNIFby67"" folds",2026-03-20T04:18:45.076Z,177398032507600
"""Eating @ 3GZqeC-ZoC"" folds",2026-03-20T04:18:42.396Z,177398032239600
"""Daveo da rula @ hL2HOafVVY"" raises to 1.75",2026-03-20T04:18:41.518Z,177398032151800
"""Triangle5 @ zn7jYkqxSJ"" folds",2026-03-20T04:18:31.259Z,177398031125900
"""drak @ 5Zglli3yOZ"" posts a big blind of 0.50",2026-03-20T04:18:29.304Z,177398030930408
"""YL @ y5CNIFby67"" posts a small blind of 0.25",2026-03-20T04:18:29.304Z,177398030930407
"Player stacks: #2 ""Daveo da rula @ hL2HOafVVY"" (303.11) | #3 ""Eating @ 3GZqeC-ZoC"" (76.35) | #5 ""YL @ y5CNIFby67"" (159.31) | #6 ""drak @ 5Zglli3yOZ"" (226.97) | #9 ""Triangle5 @ zn7jYkqxSJ"" (86.74)",2026-03-20T04:18:29.304Z,177398030930401
"-- starting hand #180 (id: hqa7qyzrjqk4)  No Limit Texas Hold'em (dealer: ""Eating @ 3GZqeC-ZoC"") --",2026-03-20T04:18:29.304Z,177398030930400
"""YL @ y5CNIFby67"" shows a J♠.",2026-03-20T04:18:27.103Z,177398030710300
"-- ending hand #179 --",2026-03-20T04:18:25.700Z,177398030570002
"""YL @ y5CNIFby67"" collected 9.00 from pot",2026-03-20T04:18:25.700Z,177398030570001
"Uncalled bet of 3.50 returned to ""YL @ y5CNIFby67""",2026-03-20T04:18:25.700Z,177398030570000
"""Eating @ 3GZqeC-ZoC"" folds",2026-03-20T04:18:24.889Z,177398030488900
"""Daveo da rula @ hL2HOafVVY"" folds",2026-03-20T04:18:23.908Z,177398030390800
"""drak @ 5Zglli3yOZ"" folds",2026-03-20T04:18:22.926Z,177398030292600
"""YL @ y5CNIFby67"" bets 3.50",2026-03-20T04:18:21.222Z,177398030122200
"""Eating @ 3GZqeC-ZoC"" checks",2026-03-20T04:18:15.127Z,177398029512700
"Flop:  [7♥, J♥, 4♣]",2026-03-20T04:18:10.891Z,177398029089100
"""drak @ 5Zglli3yOZ"" calls 2.25",2026-03-20T04:18:10.075Z,177398029007500
"""YL @ y5CNIFby67"" calls 2.25",2026-03-20T04:18:08.691Z,177398028869100
"""Eating @ 3GZqeC-ZoC"" calls 2.25",2026-03-20T04:18:06.231Z,177398028623100
"""Daveo da rula @ hL2HOafVVY"" raises to 2.25",2026-03-20T04:18:04.348Z,177398028434800
"""Triangle5 @ zn7jYkqxSJ"" folds",2026-03-20T04:17:58.269Z,177398027826900
"""drak @ 5Zglli3yOZ"" calls 0.50",2026-03-20T04:17:48.062Z,177398026806200
"""YL @ y5CNIFby67"" posts a big blind of 0.50",2026-03-20T04:17:46.249Z,177398026624908
"""Eating @ 3GZqeC-ZoC"" posts a small blind of 0.25",2026-03-20T04:17:46.249Z,177398026624907
"Player stacks: #2 ""Daveo da rula @ hL2HOafVVY"" (305.36) | #3 ""Eating @ 3GZqeC-ZoC"" (78.60) | #5 ""YL @ y5CNIFby67"" (152.56) | #6 ""drak @ 5Zglli3yOZ"" (229.22) | #9 ""Triangle5 @ zn7jYkqxSJ"" (86.74)",2026-03-20T04:17:46.249Z,177398026624901
"-- starting hand #179 (id: rgim5lf6nbgx)  No Limit Texas Hold'em (dealer: ""Daveo da rula @ hL2HOafVVY"") --",2026-03-20T04:17:46.249Z,177398026624900
"-- ending hand #178 --",2026-03-20T04:17:43.295Z,177398026329502
"""drak @ 5Zglli3yOZ"" collected 1.25 from pot",2026-03-20T04:17:43.295Z,177398026329501
"Uncalled bet of 1.25 returned to ""drak @ 5Zglli3yOZ""",2026-03-20T04:17:43.295Z,177398026329500
"""Eating @ 3GZqeC-ZoC"" folds",2026-03-20T04:17:42.484Z,177398026248400
"The player ""Pluxxx @ CToG4mBMPa"" requested a seat.",2026-03-20T04:17:38.713Z,177398025871300
"""drak @ 5Zglli3yOZ"" bets 1.25",2026-03-20T04:17:38.536Z,177398025853600
"""Eating @ 3GZqeC-ZoC"" checks",2026-03-20T04:17:36.190Z,177398025619000
"Turn: 8♥, 3♠, 4♦ [4♣]",2026-03-20T04:17:34.442Z,177398025444200
"""drak @ 5Zglli3yOZ"" checks",2026-03-20T04:17:33.634Z,177398025363400
"""Eating @ 3GZqeC-ZoC"" checks",2026-03-20T04:17:32.383Z,177398025238300
"Flop:  [8♥, 3♠, 4♦]",2026-03-20T04:17:26.860Z,177398024686000
"""Eating @ 3GZqeC-ZoC"" checks",2026-03-20T04:17:26.051Z,177398024605100
"""Daveo da rula @ hL2HOafVVY"" folds",2026-03-20T04:17:22.277Z,177398024227700
"""Triangle5 @ zn7jYkqxSJ"" folds",2026-03-20T04:17:21.154Z,177398024115400
"""drak @ 5Zglli3yOZ"" calls 0.50",2026-03-20T04:17:15.242Z,177398023524200
"""YL @ y5CNIFby67"" folds",2026-03-20T04:17:13.927Z,177398023392700
"""Eating @ 3GZqeC-ZoC"" posts a big blind of 0.50",2026-03-20T04:17:12.822Z,177398023282208
"""Daveo da rula @ hL2HOafVVY"" posts a small blind of 0.25",2026-03-20T04:17:12.822Z,177398023282207
"Player stacks: #2 ""Daveo da rula @ hL2HOafVVY"" (305.61) | #3 ""Eating @ 3GZqeC-ZoC"" (79.10) | #5 ""YL @ y5CNIFby67"" (152.56) | #6 ""drak @ 5Zglli3yOZ"" (228.47) | #9 ""Triangle5 @ zn7jYkqxSJ"" (86.74)",2026-03-20T04:17:12.822Z,177398023282201
"-- starting hand #178 (id: uxvbb7purga4)  No Limit Texas Hold'em (dealer: ""Triangle5 @ zn7jYkqxSJ"") --",2026-03-20T04:17:12.822Z,177398023282200
"-- ending hand #177 --",2026-03-20T04:17:09.851Z,177398022985102
"""Daveo da rula @ hL2HOafVVY"" collected 0.50 from pot",2026-03-20T04:17:09.851Z,177398022985101
"Uncalled bet of 0.25 returned to ""Daveo da rula @ hL2HOafVVY""",2026-03-20T04:17:09.851Z,177398022985100
"""Triangle5 @ zn7jYkqxSJ"" folds",2026-03-20T04:17:09.038Z,177398022903800
"""drak @ 5Zglli3yOZ"" folds",2026-03-20T04:17:08.043Z,177398022804300
"""YL @ y5CNIFby67"" folds",2026-03-20T04:17:07.128Z,177398022712800
"""Eating @ 3GZqeC-ZoC"" folds",2026-03-20T04:17:03.986Z,177398022398600
"""Daveo da rula @ hL2HOafVVY"" posts a big blind of 0.50",2026-03-20T04:17:02.376Z,177398022237608
"""Triangle5 @ zn7jYkqxSJ"" posts a small blind of 0.25",2026-03-20T04:17:02.376Z,177398022237607
"Player stacks: #2 ""Daveo da rula @ hL2HOafVVY"" (305.36) | #3 ""Eating @ 3GZqeC-ZoC"" (79.10) | #5 ""YL @ y5CNIFby67"" (152.56) | #6 ""drak @ 5Zglli3yOZ"" (228.47) | #9 ""Triangle5 @ zn7jYkqxSJ"" (86.99)",2026-03-20T04:17:02.376Z,177398022237601
"-- starting hand #177 (id: rhideagbpu7r)  No Limit Texas Hold'em (dealer: ""drak @ 5Zglli3yOZ"") --",2026-03-20T04:17:02.376Z,177398022237600
"-- ending hand #176 --",2026-03-20T04:16:59.367Z,177398021936702
"""Triangle5 @ zn7jYkqxSJ"" collected 4.25 from pot",2026-03-20T04:16:59.367Z,177398021936701
"Uncalled bet of 2.12 returned to ""Triangle5 @ zn7jYkqxSJ""",2026-03-20T04:16:59.367Z,177398021936700
"""Eating @ 3GZqeC-ZoC"" folds",2026-03-20T04:16:58.560Z,177398021856000
"""Triangle5 @ zn7jYkqxSJ"" bets 2.12",2026-03-20T04:16:54.608Z,177398021460800
"Turn: 6♥, 8♥, 6♠ [Q♠]",2026-03-20T04:16:51.026Z,177398021102600
"""Eating @ 3GZqeC-ZoC"" checks",2026-03-20T04:16:50.218Z,177398021021800
"""Triangle5 @ zn7jYkqxSJ"" checks",2026-03-20T04:16:48.668Z,177398020866800
"Flop:  [6♥, 8♥, 6♠]",2026-03-20T04:16:47.157Z,177398020715700
"""Triangle5 @ zn7jYkqxSJ"" calls 2.00",2026-03-20T04:16:46.330Z,177398020633000
"""drak @ 5Zglli3yOZ"" folds",2026-03-20T04:16:39.114Z,177398019911400
"""YL @ y5CNIFby67"" folds",2026-03-20T04:16:34.228Z,177398019422800
"""Eating @ 3GZqeC-ZoC"" raises to 2.00",2026-03-20T04:16:33.335Z,177398019333500
"""Daveo da rula @ hL2HOafVVY"" folds",2026-03-20T04:16:28.665Z,177398018866500
"""Triangle5 @ zn7jYkqxSJ"" posts a big blind of 0.50",2026-03-20T04:16:14.742Z,177398017474208
"""drak @ 5Zglli3yOZ"" posts a small blind of 0.25",2026-03-20T04:16:14.742Z,177398017474207
"Player stacks: #2 ""Daveo da rula @ hL2HOafVVY"" (305.36) | #3 ""Eating @ 3GZqeC-ZoC"" (81.10) | #5 ""YL @ y5CNIFby67"" (152.56) | #6 ""drak @ 5Zglli3yOZ"" (228.72) | #9 ""Triangle5 @ zn7jYkqxSJ"" (84.74)",2026-03-20T04:16:14.742Z,177398017474201
"-- starting hand #176 (id: sbwrou4nhelz)  No Limit Texas Hold'em (dealer: ""YL @ y5CNIFby67"") --",2026-03-20T04:16:14.742Z,177398017474200
"""YL @ y5CNIFby67"" shows a 4♣, 2♦.",2026-03-20T04:16:11.741Z,177398017174100
"-- ending hand #175 --",2026-03-20T04:16:11.117Z,177398017111702
"""Daveo da rula @ hL2HOafVVY"" collected 13.75 from pot",2026-03-20T04:16:11.117Z,177398017111701
"Uncalled bet of 38.99 returned to ""Daveo da rula @ hL2HOafVVY""",2026-03-20T04:16:11.117Z,177398017111700
"""drak @ 5Zglli3yOZ"" folds",2026-03-20T04:16:10.285Z,177398017028500
"""Eating @ 3GZqeC-ZoC"" folds",2026-03-20T04:16:08.762Z,177398016876200
"""Daveo da rula @ hL2HOafVVY"" bets 38.99",2026-03-20T04:16:05.726Z,177398016572600
"""drak @ 5Zglli3yOZ"" checks",2026-03-20T04:16:02.633Z,177398016263300
"River: 4♠, J♦, 9♠, 8♦ [10♣]",2026-03-20T04:16:01.284Z,177398016128400
"""Eating @ 3GZqeC-ZoC"" checks",2026-03-20T04:16:00.408Z,177398016040800
"""Daveo da rula @ hL2HOafVVY"" checks",2026-03-20T04:15:57.685Z,177398015768500
"""drak @ 5Zglli3yOZ"" checks",2026-03-20T04:15:56.350Z,177398015635000
"Turn: 4♠, J♦, 9♠ [8♦]",2026-03-20T04:15:55.456Z,177398015545600
"""drak @ 5Zglli3yOZ"" calls 2.75",2026-03-20T04:15:54.605Z,177398015460500
"""Eating @ 3GZqeC-ZoC"" calls 2.75",2026-03-20T04:15:53.279Z,177398015327900
"""Daveo da rula @ hL2HOafVVY"" bets 2.75",2026-03-20T04:15:51.184Z,177398015118400
"""drak @ 5Zglli3yOZ"" checks",2026-03-20T04:15:48.177Z,177398014817700
"Flop:  [4♠, J♦, 9♠]",2026-03-20T04:15:46.506Z,177398014650600
"""drak @ 5Zglli3yOZ"" calls 1.75",2026-03-20T04:15:45.701Z,177398014570100
"""YL @ y5CNIFby67"" folds",2026-03-20T04:15:44.200Z,177398014420000
"""Eating @ 3GZqeC-ZoC"" calls 1.75",2026-03-20T04:15:42.997Z,177398014299700
"""Daveo da rula @ hL2HOafVVY"" raises to 1.75",2026-03-20T04:15:40.504Z,177398014050400
"""Triangle5 @ zn7jYkqxSJ"" folds",2026-03-20T04:15:36.969Z,177398013696900
"""drak @ 5Zglli3yOZ"" posts a big blind of 0.50",2026-03-20T04:15:35.842Z,177398013584208
"""YL @ y5CNIFby67"" posts a small blind of 0.25",2026-03-20T04:15:35.842Z,177398013584207
"Player stacks: #2 ""Daveo da rula @ hL2HOafVVY"" (296.11) | #3 ""Eating @ 3GZqeC-ZoC"" (85.60) | #5 ""YL @ y5CNIFby67"" (152.81) | #6 ""drak @ 5Zglli3yOZ"" (233.22) | #9 ""Triangle5 @ zn7jYkqxSJ"" (84.74)",2026-03-20T04:15:35.842Z,177398013584201
"-- starting hand #175 (id: xo8qu94zxz8a)  No Limit Texas Hold'em (dealer: ""Eating @ 3GZqeC-ZoC"") --",2026-03-20T04:15:35.842Z,177398013584200
"""YL @ y5CNIFby67"" shows a J♣, 9♦.",2026-03-20T04:15:34.617Z,177398013461700
"-- ending hand #174 --",2026-03-20T04:15:32.045Z,177398013204502
"""Triangle5 @ zn7jYkqxSJ"" collected 60.99 from pot with Two Pair, K's & J's (combination: 7♣, J♦, J♥, K♠, K♣)",2026-03-20T04:15:32.045Z,177398013204501
"""Triangle5 @ zn7jYkqxSJ"" shows a J♦, K♠.",2026-03-20T04:15:32.045Z,177398013204500
"""drak @ 5Zglli3yOZ"" calls 12.75",2026-03-20T04:15:31.217Z,177398013121700
"""Triangle5 @ zn7jYkqxSJ"" bets 12.75",2026-03-20T04:15:13.237Z,177398011323700
"""drak @ 5Zglli3yOZ"" checks",2026-03-20T04:15:05.994Z,177398010599400
"River: 7♣, J♥, 4♥, K♣ [5♠]",2026-03-20T04:15:05.021Z,177398010502100
"""drak @ 5Zglli3yOZ"" calls 8.87",2026-03-20T04:15:04.093Z,177398010409300
"""Eating @ 3GZqeC-ZoC"" folds",2026-03-20T04:15:02.398Z,177398010239800
"""Triangle5 @ zn7jYkqxSJ"" bets 8.87",2026-03-20T04:15:00.130Z,177398010013000
"""drak @ 5Zglli3yOZ"" checks",2026-03-20T04:14:57.242Z,177398009724200
"""Eating @ 3GZqeC-ZoC"" checks",2026-03-20T04:14:55.792Z,177398009579200
"Turn: 7♣, J♥, 4♥ [K♣]",2026-03-20T04:14:53.295Z,177398009329500
"""Triangle5 @ zn7jYkqxSJ"" checks",2026-03-20T04:14:52.453Z,177398009245300
"""drak @ 5Zglli3yOZ"" checks",2026-03-20T04:14:51.297Z,177398009129700
"""Eating @ 3GZqeC-ZoC"" checks",2026-03-20T04:14:49.779Z,177398008977900
"Flop:  [7♣, J♥, 4♥]",2026-03-20T04:14:48.028Z,177398008802800
"""Eating @ 3GZqeC-ZoC"" calls 5.75",2026-03-20T04:14:47.174Z,177398008717400
"""Triangle5 @ zn7jYkqxSJ"" calls 5.75",2026-03-20T04:14:41.054Z,177398008105400
"""drak @ 5Zglli3yOZ"" raises to 5.75",2026-03-20T04:14:39.665Z,177398007966500
"""YL @ y5CNIFby67"" folds",2026-03-20T04:14:32.643Z,177398007264300
"""Eating @ 3GZqeC-ZoC"" raises to 2.00",2026-03-20T04:14:31.421Z,177398007142100
"""Daveo da rula @ hL2HOafVVY"" folds",2026-03-20T04:14:26.676Z,177398006667600
"""Triangle5 @ zn7jYkqxSJ"" calls 0.50",2026-03-20T04:14:25.688Z,177398006568800
"""drak @ 5Zglli3yOZ"" calls 0.50",2026-03-20T04:14:23.901Z,177398006390100
"""YL @ y5CNIFby67"" posts a big blind of 0.50",2026-03-20T04:14:21.386Z,177398006138608
"""Eating @ 3GZqeC-ZoC"" posts a small blind of 0.25",2026-03-20T04:14:21.386Z,177398006138607
"Player stacks: #2 ""Daveo da rula @ hL2HOafVVY"" (296.11) | #3 ""Eating @ 3GZqeC-ZoC"" (91.35) | #5 ""YL @ y5CNIFby67"" (153.31) | #6 ""drak @ 5Zglli3yOZ"" (260.59) | #9 ""Triangle5 @ zn7jYkqxSJ"" (51.12)",2026-03-20T04:14:21.386Z,177398006138601
"-- starting hand #174 (id: m7nl2zbr2h3q)  No Limit Texas Hold'em (dealer: ""Daveo da rula @ hL2HOafVVY"") --",2026-03-20T04:14:21.386Z,177398006138600
"-- ending hand #173 --",2026-03-20T04:14:18.356Z,177398005835602
"""Eating @ 3GZqeC-ZoC"" collected 16.75 from pot with Two Pair, A's & 10's (combination: 9♥, 10♥, 10♦, A♠, A♣)",2026-03-20T04:14:18.356Z,177398005835601
"""Eating @ 3GZqeC-ZoC"" shows a 10♥, A♠.",2026-03-20T04:14:18.356Z,177398005835600
"""drak @ 5Zglli3yOZ"" calls 4.00",2026-03-20T04:14:17.512Z,177398005751200
"""Eating @ 3GZqeC-ZoC"" bets 4.00",2026-03-20T04:14:15.467Z,177398005546700
"River: A♣, 3♥, 9♥, 10♦ [2♥]",2026-03-20T04:14:09.467Z,177398004946700
"""drak @ 5Zglli3yOZ"" calls 2.00",2026-03-20T04:14:08.662Z,177398004866200
"""Eating @ 3GZqeC-ZoC"" bets 2.00",2026-03-20T04:14:07.067Z,177398004706700
"Turn: A♣, 3♥, 9♥ [10♦]",2026-03-20T04:14:03.785Z,177398004378500
"""drak @ 5Zglli3yOZ"" checks",2026-03-20T04:14:02.935Z,177398004293500
"""Eating @ 3GZqeC-ZoC"" checks",2026-03-20T04:14:01.408Z,177398004140800
"Flop:  [A♣, 3♥, 9♥]",2026-03-20T04:13:59.798Z,177398003979800
"""Eating @ 3GZqeC-ZoC"" calls 2.25",2026-03-20T04:13:58.957Z,177398003895700
"""Daveo da rula @ hL2HOafVVY"" folds",2026-03-20T04:13:56.117Z,177398003611700
"""Triangle5 @ zn7jYkqxSJ"" folds",2026-03-20T04:13:54.804Z,177398003480400
"""drak @ 5Zglli3yOZ"" raises to 2.25",2026-03-20T04:13:53.890Z,177398003389000
"""YL @ y5CNIFby67"" folds",2026-03-20T04:13:51.331Z,177398003133100
"""Eating @ 3GZqeC-ZoC"" posts a big blind of 0.50",2026-03-20T04:13:46.891Z,177398002689108
"""Daveo da rula @ hL2HOafVVY"" posts a small blind of 0.25",2026-03-20T04:13:46.891Z,177398002689107
"Player stacks: #2 ""Daveo da rula @ hL2HOafVVY"" (296.36) | #3 ""Eating @ 3GZqeC-ZoC"" (82.85) | #5 ""YL @ y5CNIFby67"" (153.31) | #6 ""drak @ 5Zglli3yOZ"" (268.84) | #9 ""Triangle5 @ zn7jYkqxSJ"" (51.12)",2026-03-20T04:13:46.891Z,177398002689101
"-- starting hand #173 (id: ha6fou1pcmwr)  No Limit Texas Hold'em (dealer: ""Triangle5 @ zn7jYkqxSJ"") --",2026-03-20T04:13:46.891Z,177398002689100
"-- ending hand #172 --",2026-03-20T04:13:43.888Z,177398002388802
"""drak @ 5Zglli3yOZ"" collected 4.50 from pot",2026-03-20T04:13:43.888Z,177398002388801
"Uncalled bet of 8.50 returned to ""drak @ 5Zglli3yOZ""",2026-03-20T04:13:43.888Z,177398002388800
"""Triangle5 @ zn7jYkqxSJ"" folds",2026-03-20T04:13:43.058Z,177398002305800
"""drak @ 5Zglli3yOZ"" bets 8.50",2026-03-20T04:13:41.078Z,177398002107800
"""Triangle5 @ zn7jYkqxSJ"" checks",2026-03-20T04:13:37.773Z,177398001777300
"River: 8♠, 10♦, 2♦, 5♦ [10♠]",2026-03-20T04:13:36.255Z,177398001625500
"""Daveo da rula @ hL2HOafVVY"" folds",2026-03-20T04:13:35.401Z,177398001540100
"""Triangle5 @ zn7jYkqxSJ"" calls 1.50",2026-03-20T04:13:32.725Z,177398001272500
"""drak @ 5Zglli3yOZ"" bets 1.50",2026-03-20T04:13:31.702Z,177398001170200
"""Daveo da rula @ hL2HOafVVY"" checks",2026-03-20T04:13:28.335Z,177398000833500
"""Triangle5 @ zn7jYkqxSJ"" checks",2026-03-20T04:13:11.591Z,177397999159100
"Turn: 8♠, 10♦, 2♦ [5♦]",2026-03-20T04:13:07.309Z,177397998730900
"""drak @ 5Zglli3yOZ"" checks",2026-03-20T04:13:06.445Z,177397998644500
"""Daveo da rula @ hL2HOafVVY"" checks",2026-03-20T04:13:04.244Z,177397998424400
"""Triangle5 @ zn7jYkqxSJ"" checks",2026-03-20T04:12:53.533Z,177397997353300
"Flop:  [8♠, 10♦, 2♦]",2026-03-20T04:12:51.620Z,177397997162000
"""Daveo da rula @ hL2HOafVVY"" checks",2026-03-20T04:12:50.784Z,177397997078400
"""Triangle5 @ zn7jYkqxSJ"" calls 0.50",2026-03-20T04:12:49.733Z,177397996973300
"""drak @ 5Zglli3yOZ"" calls 0.50",2026-03-20T04:12:48.229Z,177397996822900
"""YL @ y5CNIFby67"" folds",2026-03-20T04:12:46.224Z,177397996622400
"""Eating @ 3GZqeC-ZoC"" folds",2026-03-20T04:12:45.309Z,177397996530900
"""Daveo da rula @ hL2HOafVVY"" posts a big blind of 0.50",2026-03-20T04:12:38.172Z,177397995817208
"""Triangle5 @ zn7jYkqxSJ"" posts a small blind of 0.25",2026-03-20T04:12:38.172Z,177397995817207
"Player stacks: #2 ""Daveo da rula @ hL2HOafVVY"" (296.86) | #3 ""Eating @ 3GZqeC-ZoC"" (82.85) | #5 ""YL @ y5CNIFby67"" (153.31) | #6 ""drak @ 5Zglli3yOZ"" (266.34) | #9 ""Triangle5 @ zn7jYkqxSJ"" (53.12)",2026-03-20T04:12:38.172Z,177397995817201
"-- starting hand #172 (id: c7jktaoeqde1)  No Limit Texas Hold'em (dealer: ""drak @ 5Zglli3yOZ"") --",2026-03-20T04:12:38.172Z,177397995817200
"""Triangle5 @ zn7jYkqxSJ"" shows a 8♦, 7♣.",2026-03-20T04:12:35.433Z,177397995543300
"""drak @ 5Zglli3yOZ"" shows a 8♣, 2♥.",2026-03-20T04:12:35.028Z,177397995502800
"""YL @ y5CNIFby67"" shows a A♥, K♠.",2026-03-20T04:12:33.708Z,177397995370800
"-- ending hand #171 --",2026-03-20T04:12:33.127Z,177397995312702
"""YL @ y5CNIFby67"" collected 1.25 from pot",2026-03-20T04:12:33.127Z,177397995312701
"Uncalled bet of 1.50 returned to ""YL @ y5CNIFby67""",2026-03-20T04:12:33.127Z,177397995312700
"""Triangle5 @ zn7jYkqxSJ"" folds",2026-03-20T04:12:32.308Z,177397995230800
"""drak @ 5Zglli3yOZ"" folds",2026-03-20T04:12:30.482Z,177397995048200
"""YL @ y5CNIFby67"" raises to 2.00",2026-03-20T04:12:28.855Z,177397994885500
"""Eating @ 3GZqeC-ZoC"" folds",2026-03-20T04:12:24.164Z,177397994416400
"""Daveo da rula @ hL2HOafVVY"" folds",2026-03-20T04:12:18.892Z,177397993889200
"""Triangle5 @ zn7jYkqxSJ"" posts a big blind of 0.50",2026-03-20T04:12:17.191Z,177397993719108
"""drak @ 5Zglli3yOZ"" posts a small blind of 0.25",2026-03-20T04:12:17.191Z,177397993719107
"Player stacks: #2 ""Daveo da rula @ hL2HOafVVY"" (296.86) | #3 ""Eating @ 3GZqeC-ZoC"" (82.85) | #5 ""YL @ y5CNIFby67"" (152.56) | #6 ""drak @ 5Zglli3yOZ"" (266.59) | #9 ""Triangle5 @ zn7jYkqxSJ"" (53.62)",2026-03-20T04:12:17.191Z,177397993719101
"-- starting hand #171 (id: zx6axknekbfp)  No Limit Texas Hold'em (dealer: ""YL @ y5CNIFby67"") --",2026-03-20T04:12:17.191Z,177397993719100
"-- ending hand #170 --",2026-03-20T04:12:14.272Z,177397993427202
"""drak @ 5Zglli3yOZ"" collected 13.11 from pot",2026-03-20T04:12:14.272Z,177397993427201
"Uncalled bet of 6.55 returned to ""drak @ 5Zglli3yOZ""",2026-03-20T04:12:14.272Z,177397993427200
"""Daveo da rula @ hL2HOafVVY"" folds",2026-03-20T04:12:13.463Z,177397993346300
"""drak @ 5Zglli3yOZ"" bets 6.55",2026-03-20T04:12:12.488Z,177397993248800
"Turn: K♥, A♣, K♠ [7♠]",2026-03-20T04:12:06.696Z,177397992669600
"""Daveo da rula @ hL2HOafVVY"" checks",2026-03-20T04:12:05.881Z,177397992588100
"""drak @ 5Zglli3yOZ"" checks",2026-03-20T04:12:04.817Z,177397992481700
"Flop:  [K♥, A♣, K♠]",2026-03-20T04:12:03.398Z,177397992339800
"""YL @ y5CNIFby67"" folds",2026-03-20T04:12:02.560Z,177397992256000
"""Daveo da rula @ hL2HOafVVY"" calls 5.68",2026-03-20T04:12:01.165Z,177397992116500
"""drak @ 5Zglli3yOZ"" raises to 5.68",2026-03-20T04:11:59.506Z,177397991950600
"""YL @ y5CNIFby67"" calls 1.75",2026-03-20T04:11:56.550Z,177397991655000
"""Eating @ 3GZqeC-ZoC"" folds",2026-03-20T04:11:52.380Z,177397991238000
"""Daveo da rula @ hL2HOafVVY"" raises to 1.75",2026-03-20T04:11:46.760Z,177397990676000
"""Triangle5 @ zn7jYkqxSJ"" folds",2026-03-20T04:11:42.518Z,177397990251800
"""drak @ 5Zglli3yOZ"" posts a big blind of 0.50",2026-03-20T04:11:41.158Z,177397990115808
"""YL @ y5CNIFby67"" posts a small blind of 0.25",2026-03-20T04:11:41.158Z,177397990115807
"Player stacks: #2 ""Daveo da rula @ hL2HOafVVY"" (302.54) | #3 ""Eating @ 3GZqeC-ZoC"" (82.85) | #5 ""YL @ y5CNIFby67"" (154.31) | #6 ""drak @ 5Zglli3yOZ"" (259.16) | #9 ""Triangle5 @ zn7jYkqxSJ"" (53.62)",2026-03-20T04:11:41.158Z,177397990115801
"-- starting hand #170 (id: lcnb0diqiqsf)  No Limit Texas Hold'em (dealer: ""Eating @ 3GZqeC-ZoC"") --",2026-03-20T04:11:41.158Z,177397990115800
"-- ending hand #169 --",2026-03-20T04:11:38.187Z,177397989818701
"""Daveo da rula @ hL2HOafVVY"" collected 3.75 from pot",2026-03-20T04:11:38.187Z,177397989818700
"""YL @ y5CNIFby67"" folds",2026-03-20T04:11:37.362Z,177397989736200
"Flop:  [8♥, J♦, 7♥]",2026-03-20T04:11:34.356Z,177397989435600
"""YL @ y5CNIFby67"" calls 1.75",2026-03-20T04:11:33.513Z,177397989351300
"""Eating @ 3GZqeC-ZoC"" folds",2026-03-20T04:11:32.109Z,177397989210900
"""Daveo da rula @ hL2HOafVVY"" raises to 1.75",2026-03-20T04:11:29.370Z,177397988937000
"""Triangle5 @ zn7jYkqxSJ"" folds",2026-03-20T04:11:27.292Z,177397988729200
"""drak @ 5Zglli3yOZ"" folds",2026-03-20T04:11:22.940Z,177397988294000
"""YL @ y5CNIFby67"" posts a big blind of 0.50",2026-03-20T04:11:21.262Z,177397988126208
"""Eating @ 3GZqeC-ZoC"" posts a small blind of 0.25",2026-03-20T04:11:21.262Z,177397988126207
"Player stacks: #2 ""Daveo da rula @ hL2HOafVVY"" (300.54) | #3 ""Eating @ 3GZqeC-ZoC"" (83.10) | #5 ""YL @ y5CNIFby67"" (156.06) | #6 ""drak @ 5Zglli3yOZ"" (259.16) | #9 ""Triangle5 @ zn7jYkqxSJ"" (53.62)",2026-03-20T04:11:21.262Z,177397988126201
"-- starting hand #169 (id: ektqvj9o52fv)  No Limit Texas Hold'em (dealer: ""Daveo da rula @ hL2HOafVVY"") --",2026-03-20T04:11:21.262Z,177397988126200
"-- ending hand #168 --",2026-03-20T04:11:18.257Z,177397987825702
"""YL @ y5CNIFby67"" collected 58.50 from pot with Straight, K High (combination: 9♦, 10♥, J♦, Q♥, K♥)",2026-03-20T04:11:18.257Z,177397987825701
"""YL @ y5CNIFby67"" shows a J♦, K♥.",2026-03-20T04:11:18.257Z,177397987825700
"""Triangle5 @ zn7jYkqxSJ"" calls 19.50",2026-03-20T04:11:17.424Z,177397987742400
"""YL @ y5CNIFby67"" bets 19.50",2026-03-20T04:11:15.989Z,177397987598900
"River: Q♥, 10♥, 9♣, 3♦ [9♦]",2026-03-20T04:11:11.806Z,177397987180600
"""Daveo da rula @ hL2HOafVVY"" folds",2026-03-20T04:11:10.980Z,177397987098000
"""Triangle5 @ zn7jYkqxSJ"" calls 6.50",2026-03-20T04:11:09.806Z,177397986980600
"""drak @ 5Zglli3yOZ"" folds",2026-03-20T04:11:08.488Z,177397986848800
"""YL @ y5CNIFby67"" bets 6.50",2026-03-20T04:11:07.609Z,177397986760900
"""Daveo da rula @ hL2HOafVVY"" checks",2026-03-20T04:11:04.605Z,177397986460500
"Turn: Q♥, 10♥, 9♣ [3♦]",2026-03-20T04:11:03.579Z,177397986357900
"""Triangle5 @ zn7jYkqxSJ"" checks",2026-03-20T04:11:02.768Z,177397986276800
"""drak @ 5Zglli3yOZ"" checks",2026-03-20T04:11:01.582Z,177397986158200
"""YL @ y5CNIFby67"" checks",2026-03-20T04:11:00.100Z,177397986010000
"""Daveo da rula @ hL2HOafVVY"" checks",2026-03-20T04:10:58.720Z,177397985872000
"Flop:  [Q♥, 10♥, 9♣]",2026-03-20T04:10:57.487Z,177397985748700
"""Eating @ 3GZqeC-ZoC"" folds",2026-03-20T04:10:56.676Z,177397985667600
"""Daveo da rula @ hL2HOafVVY"" calls 1.50",2026-03-20T04:10:55.785Z,177397985578500
"""Triangle5 @ zn7jYkqxSJ"" calls 1.50",2026-03-20T04:10:54.824Z,177397985482400
"""drak @ 5Zglli3yOZ"" calls 1.50",2026-03-20T04:10:53.623Z,177397985362300
"""YL @ y5CNIFby67"" raises to 1.50",2026-03-20T04:10:51.118Z,177397985111800
"""Eating @ 3GZqeC-ZoC"" posts a big blind of 0.50",2026-03-20T04:10:48.883Z,177397984888308
"""Daveo da rula @ hL2HOafVVY"" posts a small blind of 0.25",2026-03-20T04:10:48.883Z,177397984888307
"Player stacks: #2 ""Daveo da rula @ hL2HOafVVY"" (302.04) | #3 ""Eating @ 3GZqeC-ZoC"" (83.60) | #5 ""YL @ y5CNIFby67"" (125.06) | #6 ""drak @ 5Zglli3yOZ"" (260.66) | #9 ""Triangle5 @ zn7jYkqxSJ"" (81.12)",2026-03-20T04:10:48.883Z,177397984888301
"-- starting hand #168 (id: gky6pnzry0iw)  No Limit Texas Hold'em (dead button) --",2026-03-20T04:10:48.883Z,177397984888300
"""Triangle5 @ zn7jYkqxSJ"" shows a 2♥.",2026-03-20T04:10:47.343Z,177397984734300
"""YL @ y5CNIFby67"" shows a 10♣.",2026-03-20T04:10:45.599Z,177397984559900
"-- ending hand #167 --",2026-03-20T04:10:44.558Z,177397984455802
"""YL @ y5CNIFby67"" collected 3.50 from pot",2026-03-20T04:10:44.558Z,177397984455801
"Uncalled bet of 0.50 returned to ""YL @ y5CNIFby67""",2026-03-20T04:10:44.558Z,177397984455800
"""Triangle5 @ zn7jYkqxSJ"" folds",2026-03-20T04:10:43.749Z,177397984374900
"""YL @ y5CNIFby67"" bets 0.50",2026-03-20T04:10:36.130Z,177397983613000
"Flop:  [3♥, 2♠, 10♦]",2026-03-20T04:10:33.788Z,177397983378800
"""Daveo da rula @ hL2HOafVVY"" folds",2026-03-20T04:10:32.950Z,177397983295000
"""Triangle5 @ zn7jYkqxSJ"" calls 1.50",2026-03-20T04:10:31.944Z,177397983194400
"""drak @ 5Zglli3yOZ"" folds",2026-03-20T04:10:30.816Z,177397983081600
"""YL @ y5CNIFby67"" raises to 1.50",2026-03-20T04:10:29.964Z,177397982996400
"""Eating @ 3GZqeC-ZoC"" folds",2026-03-20T04:10:26.456Z,177397982645600
"""Daveo da rula @ hL2HOafVVY"" posts a big blind of 0.50",2026-03-20T04:10:25.168Z,177397982516809
"Dead Small Blind",2026-03-20T04:10:25.168Z,177397982516808
"Player stacks: #2 ""Daveo da rula @ hL2HOafVVY"" (302.54) | #3 ""Eating @ 3GZqeC-ZoC"" (83.60) | #5 ""YL @ y5CNIFby67"" (123.06) | #6 ""drak @ 5Zglli3yOZ"" (260.66) | #9 ""Triangle5 @ zn7jYkqxSJ"" (82.62)",2026-03-20T04:10:25.168Z,177397982516802
"-- starting hand #167 (id: 832u8jn8ur2a)  No Limit Texas Hold'em (dealer: ""Triangle5 @ zn7jYkqxSJ"") --",2026-03-20T04:10:25.168Z,177397982516801
"The player ""blessed @ qCJm12-9Fn"" quits the game with a stack of 0.00.",2026-03-20T04:10:25.168Z,177397982516800
"-- ending hand #166 --",2026-03-20T04:10:22.141Z,177397982214101
"""Eating @ 3GZqeC-ZoC"" collected 60.34 from pot with Pair, K's (combination: 9♦, 10♣, A♦, K♣, K♠)",2026-03-20T04:10:22.141Z,177397982214100
"River: 2♥, 9♦, K♠, 10♣ [3♣]",2026-03-20T04:10:18.129Z,177397981812900
"Turn: 2♥, 9♦, K♠ [10♣]",2026-03-20T04:10:14.124Z,177397981412400
"Flop:  [2♥, 9♦, K♠]",2026-03-20T04:10:10.120Z,177397981012000
"""Eating @ 3GZqeC-ZoC"" shows a K♣, A♦.",2026-03-20T04:10:06.105Z,177397980610502
"""blessed @ qCJm12-9Fn"" shows a 7♣, 7♦.",2026-03-20T04:10:06.105Z,177397980610501
"Uncalled bet of 23.26 returned to ""Eating @ 3GZqeC-ZoC""",2026-03-20T04:10:06.105Z,177397980610500
"""blessed @ qCJm12-9Fn"" calls 27.86 and go all in",2026-03-20T04:10:05.276Z,177397980527600
"""drak @ 5Zglli3yOZ"" folds",2026-03-20T04:10:04.346Z,177397980434600
"""Eating @ 3GZqeC-ZoC"" raises to 51.12 and go all in",2026-03-20T04:10:00.445Z,177397980044500
"""blessed @ qCJm12-9Fn"" calls 4.37",2026-03-20T04:09:56.030Z,177397979603000
"""Triangle5 @ zn7jYkqxSJ"" folds",2026-03-20T04:09:54.948Z,177397979494800
"""drak @ 5Zglli3yOZ"" raises to 4.37",2026-03-20T04:09:54.017Z,177397979401700
"""YL @ y5CNIFby67"" folds",2026-03-20T04:09:50.458Z,177397979045800
"""Eating @ 3GZqeC-ZoC"" raises to 2.00",2026-03-20T04:09:49.488Z,177397978948800
"""Daveo da rula @ hL2HOafVVY"" folds",2026-03-20T04:09:46.464Z,177397978646400
"""blessed @ qCJm12-9Fn"" posts a big blind of 0.50",2026-03-20T04:09:44.664Z,177397978466409
"""Triangle5 @ zn7jYkqxSJ"" posts a small blind of 0.25",2026-03-20T04:09:44.664Z,177397978466408
"Player stacks: #1 ""blessed @ qCJm12-9Fn"" (27.86) | #2 ""Daveo da rula @ hL2HOafVVY"" (302.54) | #3 ""Eating @ 3GZqeC-ZoC"" (51.12) | #5 ""YL @ y5CNIFby67"" (123.06) | #6 ""drak @ 5Zglli3yOZ"" (265.03) | #9 ""Triangle5 @ zn7jYkqxSJ"" (82.87)",2026-03-20T04:09:44.664Z,177397978466401
"-- starting hand #166 (id: gxjhhepzqfoq)  No Limit Texas Hold'em (dealer: ""drak @ 5Zglli3yOZ"") --",2026-03-20T04:09:44.664Z,177397978466400
"-- ending hand #165 --",2026-03-20T04:09:41.751Z,177397978175102
"""drak @ 5Zglli3yOZ"" collected 23.49 from pot",2026-03-20T04:09:41.751Z,177397978175101
"Uncalled bet of 11.74 returned to ""drak @ 5Zglli3yOZ""",2026-03-20T04:09:41.751Z,177397978175100
"""Daveo da rula @ hL2HOafVVY"" folds",2026-03-20T04:09:40.875Z,177397978087500
"""drak @ 5Zglli3yOZ"" bets 11.74",2026-03-20T04:09:38.980Z,177397977898000
"River: 10♣, 4♠, A♦, 8♥ [9♠]",2026-03-20T04:09:34.735Z,177397977473500
"""Daveo da rula @ hL2HOafVVY"" checks",2026-03-20T04:09:33.863Z,177397977386300
"""drak @ 5Zglli3yOZ"" checks",2026-03-20T04:09:32.040Z,177397977204000
"Turn: 10♣, 4♠, A♦ [8♥]",2026-03-20T04:09:30.999Z,177397977099900
"""blessed @ qCJm12-9Fn"" folds",2026-03-20T04:09:30.181Z,177397977018100
"""drak @ 5Zglli3yOZ"" calls 5.87",2026-03-20T04:09:29.304Z,177397976930400
"""Daveo da rula @ hL2HOafVVY"" bets 5.87",2026-03-20T04:09:27.001Z,177397976700100
"""blessed @ qCJm12-9Fn"" checks",2026-03-20T04:09:21.373Z,177397976137300
"""drak @ 5Zglli3yOZ"" checks",2026-03-20T04:09:20.434Z,177397976043400
"Flop:  [10♣, 4♠, A♦]",2026-03-20T04:09:18.129Z,177397975812900
"""blessed @ qCJm12-9Fn"" calls 3.75",2026-03-20T04:09:17.249Z,177397975724900
"""Triangle5 @ zn7jYkqxSJ"" folds",2026-03-20T04:09:15.549Z,177397975554900
"""drak @ 5Zglli3yOZ"" calls 3.75",2026-03-20T04:09:05.109Z,177397974510900
"""YL @ y5CNIFby67"" folds",2026-03-20T04:09:03.323Z,177397974332300
"""Eating @ 3GZqeC-ZoC"" folds",2026-03-20T04:08:50.417Z,177397973041700
"""Daveo da rula @ hL2HOafVVY"" raises to 3.75",2026-03-20T04:08:49.463Z,177397972946300
"""blessed @ qCJm12-9Fn"" raises to 1.00",2026-03-20T04:08:41.570Z,177397972157000
"""Triangle5 @ zn7jYkqxSJ"" posts a big blind of 0.50",2026-03-20T04:08:36.091Z,177397971609109
"""drak @ 5Zglli3yOZ"" posts a small blind of 0.25",2026-03-20T04:08:36.091Z,177397971609108
"Player stacks: #1 ""blessed @ qCJm12-9Fn"" (31.61) | #2 ""Daveo da rula @ hL2HOafVVY"" (312.16) | #3 ""Eating @ 3GZqeC-ZoC"" (51.12) | #5 ""YL @ y5CNIFby67"" (123.06) | #6 ""drak @ 5Zglli3yOZ"" (251.16) | #9 ""Triangle5 @ zn7jYkqxSJ"" (83.37)",2026-03-20T04:08:36.091Z,177397971609101
"-- starting hand #165 (id: uemzn6uxteml)  No Limit Texas Hold'em (dealer: ""YL @ y5CNIFby67"") --",2026-03-20T04:08:36.091Z,177397971609100
"-- ending hand #164 --",2026-03-20T04:08:33.089Z,177397971308902
"""Daveo da rula @ hL2HOafVVY"" collected 11.49 from pot",2026-03-20T04:08:33.089Z,177397971308901
"Uncalled bet of 5.74 returned to ""Daveo da rula @ hL2HOafVVY""",2026-03-20T04:08:33.089Z,177397971308900
"""blessed @ qCJm12-9Fn"" folds",2026-03-20T04:08:32.208Z,177397971220800
"""Daveo da rula @ hL2HOafVVY"" raises to 6.24",2026-03-20T04:08:30.800Z,177397971080000
"""blessed @ qCJm12-9Fn"" bets 0.50",2026-03-20T04:08:28.047Z,177397970804700
"Turn: 10♥, K♣, 7♦ [6♠]",2026-03-20T04:08:23.891Z,177397970389100
"""Daveo da rula @ hL2HOafVVY"" calls 2.62",2026-03-20T04:08:22.972Z,177397970297200
"""blessed @ qCJm12-9Fn"" bets 2.62",2026-03-20T04:08:21.077Z,177397970107700
"Flop:  [10♥, K♣, 7♦]",2026-03-20T04:08:16.524Z,177397969652400
"""blessed @ qCJm12-9Fn"" calls 2.25",2026-03-20T04:08:15.716Z,177397969571600
"""drak @ 5Zglli3yOZ"" folds",2026-03-20T04:08:08.464Z,177397968846400
"""YL @ y5CNIFby67"" folds",2026-03-20T04:08:03.893Z,177397968389300
"""Eating @ 3GZqeC-ZoC"" folds",2026-03-20T04:07:54.642Z,177397967464200
"""Daveo da rula @ hL2HOafVVY"" raises to 2.25",2026-03-20T04:07:53.679Z,177397967367900
"""blessed @ qCJm12-9Fn"" calls 0.50",2026-03-20T04:07:42.130Z,177397966213000
"""Triangle5 @ zn7jYkqxSJ"" folds",2026-03-20T04:07:41.194Z,177397966119400
"""drak @ 5Zglli3yOZ"" posts a big blind of 0.50",2026-03-20T04:07:38.596Z,177397965859609
"""YL @ y5CNIFby67"" posts a small blind of 0.25",2026-03-20T04:07:38.596Z,177397965859608
"Player stacks: #1 ""blessed @ qCJm12-9Fn"" (36.98) | #2 ""Daveo da rula @ hL2HOafVVY"" (306.04) | #3 ""Eating @ 3GZqeC-ZoC"" (51.12) | #5 ""YL @ y5CNIFby67"" (123.31) | #6 ""drak @ 5Zglli3yOZ"" (251.66) | #9 ""Triangle5 @ zn7jYkqxSJ"" (83.37)",2026-03-20T04:07:38.596Z,177397965859601
"-- starting hand #164 (id: odbeanymi2xq)  No Limit Texas Hold'em (dealer: ""Eating @ 3GZqeC-ZoC"") --",2026-03-20T04:07:38.596Z,177397965859600
"-- ending hand #163 --",2026-03-20T04:07:35.596Z,177397965559602
"""Daveo da rula @ hL2HOafVVY"" collected 1.25 from pot",2026-03-20T04:07:35.596Z,177397965559601
"Uncalled bet of 1.25 returned to ""Daveo da rula @ hL2HOafVVY""",2026-03-20T04:07:35.596Z,177397965559600
"""YL @ y5CNIFby67"" folds",2026-03-20T04:07:34.741Z,177397965474100
"""Eating @ 3GZqeC-ZoC"" folds",2026-03-20T04:07:33.842Z,177397965384200
"""Daveo da rula @ hL2HOafVVY"" raises to 1.75",2026-03-20T04:07:30.968Z,177397965096800
"""blessed @ qCJm12-9Fn"" folds",2026-03-20T04:07:25.781Z,177397964578100
"""Triangle5 @ zn7jYkqxSJ"" folds",2026-03-20T04:07:10.778Z,177397963077800
"""drak @ 5Zglli3yOZ"" folds",2026-03-20T04:07:07.605Z,177397962760500
"""YL @ y5CNIFby67"" posts a big blind of 0.50",2026-03-20T04:07:06.564Z,177397962656409
"""Eating @ 3GZqeC-ZoC"" posts a small blind of 0.25",2026-03-20T04:07:06.564Z,177397962656408
"Player stacks: #1 ""blessed @ qCJm12-9Fn"" (36.98) | #2 ""Daveo da rula @ hL2HOafVVY"" (305.29) | #3 ""Eating @ 3GZqeC-ZoC"" (51.37) | #5 ""YL @ y5CNIFby67"" (123.81) | #6 ""drak @ 5Zglli3yOZ"" (251.66) | #9 ""Triangle5 @ zn7jYkqxSJ"" (83.37)",2026-03-20T04:07:06.564Z,177397962656401
"-- starting hand #163 (id: l4bhqloyhejc)  No Limit Texas Hold'em (dealer: ""Daveo da rula @ hL2HOafVVY"") --",2026-03-20T04:07:06.564Z,177397962656400
"-- ending hand #162 --",2026-03-20T04:07:03.569Z,177397962356902
"""drak @ 5Zglli3yOZ"" collected 40.00 from pot",2026-03-20T04:07:03.569Z,177397962356901
"Uncalled bet of 9.53 returned to ""drak @ 5Zglli3yOZ""",2026-03-20T04:07:03.569Z,177397962356900
"""Daveo da rula @ hL2HOafVVY"" folds",2026-03-20T04:07:02.763Z,177397962276300
"""drak @ 5Zglli3yOZ"" bets 9.53",2026-03-20T04:07:01.310Z,177397962131000
"""Daveo da rula @ hL2HOafVVY"" checks",2026-03-20T04:06:54.287Z,177397961428700
"River: 4♦, 3♥, 9♥, 4♣ [7♥]",2026-03-20T04:06:53.065Z,177397961306500
"""drak @ 5Zglli3yOZ"" calls 12.00",2026-03-20T04:06:52.248Z,177397961224800
"""Daveo da rula @ hL2HOafVVY"" bets 12.00",2026-03-20T04:06:50.680Z,177397961068000
"Turn: 4♦, 3♥, 9♥ [4♣]",2026-03-20T04:06:45.563Z,177397960556300
"""blessed @ qCJm12-9Fn"" folds",2026-03-20T04:06:44.743Z,177397960474300
"""drak @ 5Zglli3yOZ"" calls 4.00",2026-03-20T04:06:43.858Z,177397960385800
"""Daveo da rula @ hL2HOafVVY"" bets 4.00",2026-03-20T04:06:41.881Z,177397960188100
"Flop:  [4♦, 3♥, 9♥]",2026-03-20T04:06:39.224Z,177397959922400
"""blessed @ qCJm12-9Fn"" calls 2.50",2026-03-20T04:06:38.380Z,177397959838000
"""drak @ 5Zglli3yOZ"" calls 2.50",2026-03-20T04:06:35.945Z,177397959594500
"""Eating @ 3GZqeC-ZoC"" folds",2026-03-20T04:06:33.980Z,177397959398000
"""Daveo da rula @ hL2HOafVVY"" raises to 2.50",2026-03-20T04:06:25.641Z,177397958564100
"""blessed @ qCJm12-9Fn"" calls 0.50",2026-03-20T04:06:20.092Z,177397958009200
"""Triangle5 @ zn7jYkqxSJ"" folds",2026-03-20T04:06:15.848Z,177397957584800
"""drak @ 5Zglli3yOZ"" calls 0.50",2026-03-20T04:06:14.800Z,177397957480000
"""YL @ y5CNIFby67"" folds",2026-03-20T04:06:13.186Z,177397957318600
"""Eating @ 3GZqeC-ZoC"" posts a big blind of 0.50",2026-03-20T04:06:11.368Z,177397957136809
"""Daveo da rula @ hL2HOafVVY"" posts a small blind of 0.25",2026-03-20T04:06:11.368Z,177397957136808
"Player stacks: #1 ""blessed @ qCJm12-9Fn"" (39.48) | #2 ""Daveo da rula @ hL2HOafVVY"" (323.79) | #3 ""Eating @ 3GZqeC-ZoC"" (51.87) | #5 ""YL @ y5CNIFby67"" (123.81) | #6 ""drak @ 5Zglli3yOZ"" (230.16) | #9 ""Triangle5 @ zn7jYkqxSJ"" (83.37)",2026-03-20T04:06:11.368Z,177397957136801
"-- starting hand #162 (id: k1axpb7nvjzg)  No Limit Texas Hold'em (dealer: ""blessed @ qCJm12-9Fn"") --",2026-03-20T04:06:11.368Z,177397957136800
"""YL @ y5CNIFby67"" collected 12.50 from the 7-2 bounty",2026-03-20T04:06:08.413Z,177397956841305
"""drak @ 5Zglli3yOZ"" paid 2.50 for the 7-2 bounty to ""YL @ y5CNIFby67""",2026-03-20T04:06:08.413Z,177397956841304
"""Eating @ 3GZqeC-ZoC"" paid 2.50 for the 7-2 bounty to ""YL @ y5CNIFby67""",2026-03-20T04:06:08.413Z,177397956841303
"""Triangle5 @ zn7jYkqxSJ"" paid 2.50 for the 7-2 bounty to ""YL @ y5CNIFby67""",2026-03-20T04:06:08.413Z,177397956841302
"""blessed @ qCJm12-9Fn"" paid 2.50 for the 7-2 bounty to ""YL @ y5CNIFby67""",2026-03-20T04:06:08.413Z,177397956841301
"""Daveo da rula @ hL2HOafVVY"" paid 2.50 for the 7-2 bounty to ""YL @ y5CNIFby67""",2026-03-20T04:06:08.413Z,177397956841300
"""drak @ 5Zglli3yOZ"" shows a 2♥.",2026-03-20T04:06:06.961Z,177397956696100
"""YL @ y5CNIFby67"" shows a 7♠, 2♣.",2026-03-20T04:06:04.497Z,177397956449700
"-- ending hand #161 --",2026-03-20T04:06:04.077Z,177397956407702
"""YL @ y5CNIFby67"" collected 21.24 from pot",2026-03-20T04:06:04.077Z,177397956407701
"Uncalled bet of 10.62 returned to ""YL @ y5CNIFby67""",2026-03-20T04:06:04.077Z,177397956407700
"""Eating @ 3GZqeC-ZoC"" folds",2026-03-20T04:06:03.252Z,177397956325200
"""YL @ y5CNIFby67"" bets 10.62",2026-03-20T04:06:00.505Z,177397956050500
"""Eating @ 3GZqeC-ZoC"" checks",2026-03-20T04:05:54.539Z,177397955453900
"Turn: Q♥, 9♣, K♣ [Q♠]",2026-03-20T04:05:52.664Z,177397955266400
"""Eating @ 3GZqeC-ZoC"" calls 6.37",2026-03-20T04:05:51.847Z,177397955184700
"""blessed @ qCJm12-9Fn"" folds",2026-03-20T04:05:48.189Z,177397954818900
"""drak @ 5Zglli3yOZ"" folds",2026-03-20T04:05:47.325Z,177397954732500
"""YL @ y5CNIFby67"" bets 6.37",2026-03-20T04:05:46.157Z,177397954615700
"""Eating @ 3GZqeC-ZoC"" checks",2026-03-20T04:05:41.293Z,177397954129300
"""blessed @ qCJm12-9Fn"" checks",2026-03-20T04:05:40.405Z,177397954040500
"Flop:  [Q♥, 9♣, K♣]",2026-03-20T04:05:38.851Z,177397953885100
"""Eating @ 3GZqeC-ZoC"" calls 2.00",2026-03-20T04:05:38.035Z,177397953803500
"""Daveo da rula @ hL2HOafVVY"" folds",2026-03-20T04:05:33.789Z,177397953378900
"""blessed @ qCJm12-9Fn"" calls 2.00",2026-03-20T04:05:32.802Z,177397953280200
"""Triangle5 @ zn7jYkqxSJ"" folds",2026-03-20T04:05:30.555Z,177397953055500
"""drak @ 5Zglli3yOZ"" calls 2.00",2026-03-20T04:05:29.626Z,177397952962600
"""YL @ y5CNIFby67"" raises to 2.00",2026-03-20T04:05:26.021Z,177397952602100
"""Eating @ 3GZqeC-ZoC"" calls 0.50",2026-03-20T04:05:17.848Z,177397951784800
"""Daveo da rula @ hL2HOafVVY"" posts a big blind of 0.50",2026-03-20T04:05:15.251Z,177397951525110
"""blessed @ qCJm12-9Fn"" posts a small blind of 0.25",2026-03-20T04:05:15.251Z,177397951525109
"Player stacks: #1 ""blessed @ qCJm12-9Fn"" (43.98) | #2 ""Daveo da rula @ hL2HOafVVY"" (326.79) | #3 ""Eating @ 3GZqeC-ZoC"" (62.74) | #5 ""YL @ y5CNIFby67"" (98.44) | #6 ""drak @ 5Zglli3yOZ"" (234.66) | #9 ""Triangle5 @ zn7jYkqxSJ"" (85.87)",2026-03-20T04:05:15.251Z,177397951525102
"-- starting hand #161 (id: 2mif2utxhyj0)  No Limit Texas Hold'em (dealer: ""Triangle5 @ zn7jYkqxSJ"") --",2026-03-20T04:05:15.251Z,177397951525101
"The player ""Daveo da rula @ hL2HOafVVY"" joined the game with a stack of 326.79.",2026-03-20T04:05:15.251Z,177397951525100
"-- ending hand #160 --",2026-03-20T04:05:12.319Z,177397951231902
"""YL @ y5CNIFby67"" collected 1.25 from pot",2026-03-20T04:05:12.319Z,177397951231901
"Uncalled bet of 1.50 returned to ""YL @ y5CNIFby67""",2026-03-20T04:05:12.319Z,177397951231900
"""blessed @ qCJm12-9Fn"" folds",2026-03-20T04:05:11.487Z,177397951148700
"The player ""Daveo da rula @ hL2HOafVVY"" sit back with the stack of 326.79.",2026-03-20T04:04:54.723Z,177397949472300
"""Triangle5 @ zn7jYkqxSJ"" folds",2026-03-20T04:04:51.427Z,177397949142700
"""drak @ 5Zglli3yOZ"" folds",2026-03-20T04:04:50.466Z,177397949046600
"""YL @ y5CNIFby67"" raises to 2.00",2026-03-20T04:04:49.555Z,177397948955500
"""Eating @ 3GZqeC-ZoC"" folds",2026-03-20T04:04:46.187Z,177397948618700
"""blessed @ qCJm12-9Fn"" posts a big blind of 0.50",2026-03-20T04:04:44.510Z,177397948451008
"""Triangle5 @ zn7jYkqxSJ"" posts a small blind of 0.25",2026-03-20T04:04:44.510Z,177397948451007
"Player stacks: #1 ""blessed @ qCJm12-9Fn"" (44.48) | #3 ""Eating @ 3GZqeC-ZoC"" (62.74) | #5 ""YL @ y5CNIFby67"" (97.69) | #6 ""drak @ 5Zglli3yOZ"" (234.66) | #9 ""Triangle5 @ zn7jYkqxSJ"" (86.12)",2026-03-20T04:04:44.510Z,177397948451001
"-- starting hand #160 (id: zo4gdmdelytb)  No Limit Texas Hold'em (dealer: ""drak @ 5Zglli3yOZ"") --",2026-03-20T04:04:44.510Z,177397948451000
"-- ending hand #159 --",2026-03-20T04:04:41.502Z,177397948150203
"""Triangle5 @ zn7jYkqxSJ"" collected 4.00 from pot with Pair, K's (combination: 9♥, J♦, A♣, K♠, K♥)",2026-03-20T04:04:41.502Z,177397948150202
"""Triangle5 @ zn7jYkqxSJ"" shows a 9♥, K♠.",2026-03-20T04:04:41.502Z,177397948150201
"""drak @ 5Zglli3yOZ"" shows a Q♥, 3♥.",2026-03-20T04:04:41.502Z,177397948150200
"""Triangle5 @ zn7jYkqxSJ"" calls 0.50",2026-03-20T04:04:40.690Z,177397948069000
"""drak @ 5Zglli3yOZ"" bets 0.50",2026-03-20T04:04:38.858Z,177397947885800
"River: 5♦, J♦, A♣, 7♥ [K♥]",2026-03-20T04:04:36.404Z,177397947640400
"""Triangle5 @ zn7jYkqxSJ"" checks",2026-03-20T04:04:35.590Z,177397947559000
"""drak @ 5Zglli3yOZ"" checks",2026-03-20T04:04:34.005Z,177397947400500
"Turn: 5♦, J♦, A♣ [7♥]",2026-03-20T04:04:32.384Z,177397947238400
"""Triangle5 @ zn7jYkqxSJ"" checks",2026-03-20T04:04:31.510Z,177397947151000
"""drak @ 5Zglli3yOZ"" checks",2026-03-20T04:04:29.165Z,177397946916500
"Flop:  [5♦, J♦, A♣]",2026-03-20T04:04:27.482Z,177397946748200
"""Triangle5 @ zn7jYkqxSJ"" calls 1.50",2026-03-20T04:04:26.652Z,177397946665200
"""drak @ 5Zglli3yOZ"" raises to 1.50",2026-03-20T04:04:24.634Z,177397946463400
"""YL @ y5CNIFby67"" folds",2026-03-20T04:04:19.565Z,177397945956500
"""Eating @ 3GZqeC-ZoC"" folds",2026-03-20T04:04:18.356Z,177397945835600
"""blessed @ qCJm12-9Fn"" folds",2026-03-20T04:04:17.479Z,177397945747900
"""Triangle5 @ zn7jYkqxSJ"" posts a big blind of 0.50",2026-03-20T04:04:13.644Z,177397945364408
"""drak @ 5Zglli3yOZ"" posts a small blind of 0.25",2026-03-20T04:04:13.644Z,177397945364407
"Player stacks: #1 ""blessed @ qCJm12-9Fn"" (44.48) | #3 ""Eating @ 3GZqeC-ZoC"" (62.74) | #5 ""YL @ y5CNIFby67"" (97.69) | #6 ""drak @ 5Zglli3yOZ"" (236.66) | #9 ""Triangle5 @ zn7jYkqxSJ"" (84.12)",2026-03-20T04:04:13.644Z,177397945364401
"-- starting hand #159 (id: 2znylysrthtd)  No Limit Texas Hold'em (dealer: ""YL @ y5CNIFby67"") --",2026-03-20T04:04:13.644Z,177397945364400
"-- ending hand #158 --",2026-03-20T04:04:10.702Z,177397945070202
"""YL @ y5CNIFby67"" collected 12.00 from pot",2026-03-20T04:04:10.702Z,177397945070201
"Uncalled bet of 7.00 returned to ""YL @ y5CNIFby67""",2026-03-20T04:04:10.702Z,177397945070200
"""Eating @ 3GZqeC-ZoC"" folds",2026-03-20T04:04:09.851Z,177397944985100
"""drak @ 5Zglli3yOZ"" folds",2026-03-20T04:04:08.960Z,177397944896000
"""YL @ y5CNIFby67"" raises to 10.00",2026-03-20T04:04:07.665Z,177397944766500
"""Eating @ 3GZqeC-ZoC"" bets 3.00",2026-03-20T04:03:59.368Z,177397943936800
"""drak @ 5Zglli3yOZ"" checks",2026-03-20T04:03:49.766Z,177397942976600
"""YL @ y5CNIFby67"" checks",2026-03-20T04:03:48.614Z,177397942861400
"Flop:  [Q♣, 8♦, 2♠]",2026-03-20T04:03:47.166Z,177397942716600
"""drak @ 5Zglli3yOZ"" calls 2.00",2026-03-20T04:03:46.347Z,177397942634700
"""YL @ y5CNIFby67"" calls 2.00",2026-03-20T04:03:45.116Z,177397942511600
"""Eating @ 3GZqeC-ZoC"" raises to 2.00",2026-03-20T04:03:42.356Z,177397942235600
"""blessed @ qCJm12-9Fn"" folds",2026-03-20T04:03:38.866Z,177397941886600
"""Triangle5 @ zn7jYkqxSJ"" folds",2026-03-20T04:03:38.011Z,177397941801100
"""drak @ 5Zglli3yOZ"" posts a big blind of 0.50",2026-03-20T04:03:34.305Z,177397941430509
"""YL @ y5CNIFby67"" posts a small blind of 0.25",2026-03-20T04:03:34.305Z,177397941430508
"Player stacks: #1 ""blessed @ qCJm12-9Fn"" (44.48) | #3 ""Eating @ 3GZqeC-ZoC"" (67.74) | #5 ""YL @ y5CNIFby67"" (90.69) | #6 ""drak @ 5Zglli3yOZ"" (238.66) | #9 ""Triangle5 @ zn7jYkqxSJ"" (84.12)",2026-03-20T04:03:34.305Z,177397941430502
"-- starting hand #158 (id: ehcwh06qk4df)  No Limit Texas Hold'em (dealer: ""Eating @ 3GZqeC-ZoC"") --",2026-03-20T04:03:34.305Z,177397941430501
"The player ""Daveo da rula @ hL2HOafVVY"" stand up with the stack of 326.79.",2026-03-20T04:03:34.305Z,177397941430500
"-- ending hand #157 --",2026-03-20T04:03:31.304Z,177397941130402
"""drak @ 5Zglli3yOZ"" collected 1.25 from pot",2026-03-20T04:03:31.304Z,177397941130401
"Uncalled bet of 1.25 returned to ""drak @ 5Zglli3yOZ""",2026-03-20T04:03:31.304Z,177397941130400
"""YL @ y5CNIFby67"" folds",2026-03-20T04:03:30.398Z,177397941039800
"""Eating @ 3GZqeC-ZoC"" folds",2026-03-20T04:03:28.793Z,177397940879300
"""Daveo da rula @ hL2HOafVVY"" folds",2026-03-20T04:03:27.900Z,177397940790000
"""blessed @ qCJm12-9Fn"" folds",2026-03-20T04:03:27.047Z,177397940704700
"""Triangle5 @ zn7jYkqxSJ"" folds",2026-03-20T04:02:54.316Z,177397937431600
"""drak @ 5Zglli3yOZ"" raises to 1.75",2026-03-20T04:02:52.285Z,177397937228500
"""YL @ y5CNIFby67"" posts a big blind of 0.50",2026-03-20T04:02:49.208Z,177397936920809
"""Eating @ 3GZqeC-ZoC"" posts a small blind of 0.25",2026-03-20T04:02:49.208Z,177397936920808
"Player stacks: #1 ""blessed @ qCJm12-9Fn"" (44.48) | #2 ""Daveo da rula @ hL2HOafVVY"" (326.79) | #3 ""Eating @ 3GZqeC-ZoC"" (67.99) | #5 ""YL @ y5CNIFby67"" (91.19) | #6 ""drak @ 5Zglli3yOZ"" (237.91) | #9 ""Triangle5 @ zn7jYkqxSJ"" (84.12)",2026-03-20T04:02:49.208Z,177397936920801
"-- starting hand #157 (id: 5bevzwm9upka)  No Limit Texas Hold'em (dealer: ""Daveo da rula @ hL2HOafVVY"") --",2026-03-20T04:02:49.208Z,177397936920800
"-- ending hand #156 --",2026-03-20T04:02:46.207Z,177397936620702
"""drak @ 5Zglli3yOZ"" collected 8.75 from pot",2026-03-20T04:02:46.207Z,177397936620701
"Uncalled bet of 6.56 returned to ""drak @ 5Zglli3yOZ""",2026-03-20T04:02:46.207Z,177397936620700
"""Eating @ 3GZqeC-ZoC"" folds",2026-03-20T04:02:45.370Z,177397936537000
"""drak @ 5Zglli3yOZ"" bets 6.56",2026-03-20T04:02:42.939Z,177397936293900
"""Eating @ 3GZqeC-ZoC"" checks",2026-03-20T04:02:40.024Z,177397936002400
"River: 3♠, 2♥, 4♥, J♣ [3♦]",2026-03-20T04:02:37.617Z,177397935761700
"""drak @ 5Zglli3yOZ"" calls 2.00",2026-03-20T04:02:36.815Z,177397935681500
"""Eating @ 3GZqeC-ZoC"" bets 2.00",2026-03-20T04:02:34.315Z,177397935431500
"Turn: 3♠, 2♥, 4♥ [J♣]",2026-03-20T04:02:31.169Z,177397935116900
"""drak @ 5Zglli3yOZ"" checks",2026-03-20T04:02:30.312Z,177397935031200
"""Eating @ 3GZqeC-ZoC"" checks",2026-03-20T04:02:28.763Z,177397934876300
"Flop:  [3♠, 2♥, 4♥]",2026-03-20T04:02:27.054Z,177397934705400
"""Eating @ 3GZqeC-ZoC"" calls 2.25",2026-03-20T04:02:26.226Z,177397934622600
"""Daveo da rula @ hL2HOafVVY"" folds",2026-03-20T04:02:25.362Z,177397934536200
"""blessed @ qCJm12-9Fn"" folds",2026-03-20T04:02:11.794Z,177397933179400
"""Triangle5 @ zn7jYkqxSJ"" folds",2026-03-20T04:02:10.922Z,177397933092200
"""drak @ 5Zglli3yOZ"" raises to 2.25",2026-03-20T04:02:09.874Z,177397932987400
"""YL @ y5CNIFby67"" folds",2026-03-20T04:02:06.732Z,177397932673200
"""Eating @ 3GZqeC-ZoC"" posts a big blind of 0.50",2026-03-20T04:02:05.352Z,177397932535209
"""Daveo da rula @ hL2HOafVVY"" posts a small blind of 0.25",2026-03-20T04:02:05.352Z,177397932535208
"Player stacks: #1 ""blessed @ qCJm12-9Fn"" (44.48) | #2 ""Daveo da rula @ hL2HOafVVY"" (327.04) | #3 ""Eating @ 3GZqeC-ZoC"" (72.24) | #5 ""YL @ y5CNIFby67"" (91.19) | #6 ""drak @ 5Zglli3yOZ"" (233.41) | #9 ""Triangle5 @ zn7jYkqxSJ"" (84.12)",2026-03-20T04:02:05.352Z,177397932535201
"-- starting hand #156 (id: p7lkacoeebmj)  No Limit Texas Hold'em (dealer: ""blessed @ qCJm12-9Fn"") --",2026-03-20T04:02:05.352Z,177397932535200
"-- ending hand #155 --",2026-03-20T04:02:02.273Z,177397932227304
"""Triangle5 @ zn7jYkqxSJ"" collected 6.50 from pot with Two Pair, Q's & 3's (combination: K♠, 3♦, 3♥, Q♦, Q♣)",2026-03-20T04:02:02.273Z,177397932227303
"""Triangle5 @ zn7jYkqxSJ"" shows a 3♦, 3♥.",2026-03-20T04:02:02.273Z,177397932227302
"""Eating @ 3GZqeC-ZoC"" shows a J♦, 6♦.",2026-03-20T04:02:02.273Z,177397932227301
"""blessed @ qCJm12-9Fn"" shows a 9♥, 8♥.",2026-03-20T04:02:02.273Z,177397932227300
"""Triangle5 @ zn7jYkqxSJ"" checks",2026-03-20T04:02:01.385Z,177397932138500
"""Eating @ 3GZqeC-ZoC"" checks",2026-03-20T04:01:58.172Z,177397931817200
"""blessed @ qCJm12-9Fn"" checks",2026-03-20T04:01:57.244Z,177397931724400
"River: 10♠, K♠, Q♦, 2♠ [Q♣]",2026-03-20T04:01:54.251Z,177397931425100
"""Triangle5 @ zn7jYkqxSJ"" checks",2026-03-20T04:01:53.447Z,177397931344700
"""Eating @ 3GZqeC-ZoC"" checks",2026-03-20T04:01:49.575Z,177397930957500
"""blessed @ qCJm12-9Fn"" checks",2026-03-20T04:01:47.408Z,177397930740800
"Turn: 10♠, K♠, Q♦ [2♠]",2026-03-20T04:01:45.775Z,177397930577500
"""Triangle5 @ zn7jYkqxSJ"" checks",2026-03-20T04:01:44.949Z,177397930494900
"""Eating @ 3GZqeC-ZoC"" checks",2026-03-20T04:01:35.365Z,177397929536500
"""blessed @ qCJm12-9Fn"" checks",2026-03-20T04:01:30.685Z,177397929068500
"Flop:  [10♠, K♠, Q♦]",2026-03-20T04:01:28.269Z,177397928826900
"""Daveo da rula @ hL2HOafVVY"" folds",2026-03-20T04:01:27.419Z,177397928741900
"""blessed @ qCJm12-9Fn"" calls 2.00",2026-03-20T04:01:13.897Z,177397927389700
"""Triangle5 @ zn7jYkqxSJ"" calls 2.00",2026-03-20T04:01:10.424Z,177397927042400
"""drak @ 5Zglli3yOZ"" folds",2026-03-20T04:01:08.727Z,177397926872700
"""YL @ y5CNIFby67"" folds",2026-03-20T04:00:58.394Z,177397925839400
"""Eating @ 3GZqeC-ZoC"" raises to 2.00",2026-03-20T04:00:57.394Z,177397925739400
"""Daveo da rula @ hL2HOafVVY"" posts a big blind of 0.50",2026-03-20T04:00:52.800Z,177397925280010
"""blessed @ qCJm12-9Fn"" posts a small blind of 0.25",2026-03-20T04:00:52.800Z,177397925280009
"Player stacks: #1 ""blessed @ qCJm12-9Fn"" (46.48) | #2 ""Daveo da rula @ hL2HOafVVY"" (327.54) | #3 ""Eating @ 3GZqeC-ZoC"" (74.24) | #5 ""YL @ y5CNIFby67"" (91.19) | #6 ""drak @ 5Zglli3yOZ"" (233.41) | #9 ""Triangle5 @ zn7jYkqxSJ"" (79.62)",2026-03-20T04:00:52.800Z,177397925280002
"-- starting hand #155 (id: gct0smo2khic)  No Limit Texas Hold'em (dealer: ""Triangle5 @ zn7jYkqxSJ"") --",2026-03-20T04:00:52.800Z,177397925280001
"The player ""stacker @ cPdQESZJMN"" quits the game with a stack of 211.38.",2026-03-20T04:00:52.800Z,177397925280000
"-- ending hand #154 --",2026-03-20T04:00:49.897Z,177397924989702
"""blessed @ qCJm12-9Fn"" collected 2.25 from pot",2026-03-20T04:00:49.897Z,177397924989701
"Uncalled bet of 1.25 returned to ""blessed @ qCJm12-9Fn""",2026-03-20T04:00:49.897Z,177397924989700
"""drak @ 5Zglli3yOZ"" folds",2026-03-20T04:00:49.013Z,177397924901300
"""blessed @ qCJm12-9Fn"" bets 1.25",2026-03-20T04:00:47.490Z,177397924749000
"Turn: A♣, 2♥, 9♦ [A♦]",2026-03-20T04:00:42.860Z,177397924286000
"""drak @ 5Zglli3yOZ"" calls 0.50",2026-03-20T04:00:42.034Z,177397924203400
"""blessed @ qCJm12-9Fn"" bets 0.50",2026-03-20T04:00:40.608Z,177397924060800
"Flop:  [A♣, 2♥, 9♦]",2026-03-20T04:00:38.140Z,177397923814000
"""blessed @ qCJm12-9Fn"" checks",2026-03-20T04:00:37.297Z,177397923729700
"""Triangle5 @ zn7jYkqxSJ"" folds",2026-03-20T04:00:36.407Z,177397923640700
"""stacker @ cPdQESZJMN"" folds",2026-03-20T04:00:23.819Z,177397922381900
"""drak @ 5Zglli3yOZ"" calls 0.50",2026-03-20T04:00:22.928Z,177397922292800
"""YL @ y5CNIFby67"" folds",2026-03-20T04:00:20.952Z,177397922095200
"""Eating @ 3GZqeC-ZoC"" folds",2026-03-20T04:00:16.910Z,177397921691000
"""Daveo da rula @ hL2HOafVVY"" folds",2026-03-20T04:00:15.923Z,177397921592300
"""blessed @ qCJm12-9Fn"" posts a big blind of 0.50",2026-03-20T03:59:54.565Z,177397919456510
"""Triangle5 @ zn7jYkqxSJ"" posts a small blind of 0.25",2026-03-20T03:59:54.565Z,177397919456509
"Player stacks: #1 ""blessed @ qCJm12-9Fn"" (45.23) | #2 ""Daveo da rula @ hL2HOafVVY"" (327.54) | #3 ""Eating @ 3GZqeC-ZoC"" (74.24) | #5 ""YL @ y5CNIFby67"" (91.19) | #6 ""drak @ 5Zglli3yOZ"" (234.41) | #8 ""stacker @ cPdQESZJMN"" (211.38) | #9 ""Triangle5 @ zn7jYkqxSJ"" (79.87)",2026-03-20T03:59:54.565Z,177397919456501
"-- starting hand #154 (id: mfibedwb35uf)  No Limit Texas Hold'em (dealer: ""stacker @ cPdQESZJMN"") --",2026-03-20T03:59:54.565Z,177397919456500
"-- ending hand #153 --",2026-03-20T03:59:51.632Z,177397919163202
"""blessed @ qCJm12-9Fn"" collected 1.25 from pot",2026-03-20T03:59:51.632Z,177397919163201
"Uncalled bet of 1.00 returned to ""blessed @ qCJm12-9Fn""",2026-03-20T03:59:51.632Z,177397919163200
"""Triangle5 @ zn7jYkqxSJ"" folds",2026-03-20T03:59:50.802Z,177397919080200
"""stacker @ cPdQESZJMN"" folds",2026-03-20T03:59:44.947Z,177397918494700
"""drak @ 5Zglli3yOZ"" folds",2026-03-20T03:59:41.489Z,177397918148900
"""YL @ y5CNIFby67"" folds",2026-03-20T03:59:39.988Z,177397917998800
"""Eating @ 3GZqeC-ZoC"" folds",2026-03-20T03:59:38.824Z,177397917882400
"""Daveo da rula @ hL2HOafVVY"" folds",2026-03-20T03:59:33.909Z,177397917390900
"""blessed @ qCJm12-9Fn"" raises to 1.50",2026-03-20T03:59:31.628Z,177397917162800
"""Triangle5 @ zn7jYkqxSJ"" posts a big blind of 0.50",2026-03-20T03:59:26.537Z,177397916653710
"""stacker @ cPdQESZJMN"" posts a small blind of 0.25",2026-03-20T03:59:26.537Z,177397916653709
"Player stacks: #1 ""blessed @ qCJm12-9Fn"" (44.48) | #2 ""Daveo da rula @ hL2HOafVVY"" (327.54) | #3 ""Eating @ 3GZqeC-ZoC"" (74.24) | #5 ""YL @ y5CNIFby67"" (91.19) | #6 ""drak @ 5Zglli3yOZ"" (234.41) | #8 ""stacker @ cPdQESZJMN"" (211.63) | #9 ""Triangle5 @ zn7jYkqxSJ"" (80.37)",2026-03-20T03:59:26.537Z,177397916653701
"-- starting hand #153 (id: rrudpeedtlam)  No Limit Texas Hold'em (dealer: ""drak @ 5Zglli3yOZ"") --",2026-03-20T03:59:26.537Z,177397916653700
"-- ending hand #152 --",2026-03-20T03:59:23.531Z,177397916353102
"""drak @ 5Zglli3yOZ"" collected 70.97 from pot with Two Pair, 5's & 3's (combination: A♥, 3♥, 3♣, 5♥, 5♣)",2026-03-20T03:59:23.531Z,177397916353101
"""drak @ 5Zglli3yOZ"" shows a 3♥, 5♥.",2026-03-20T03:59:23.531Z,177397916353100
"""YL @ y5CNIFby67"" checks",2026-03-20T03:59:22.721Z,177397916272100
"""drak @ 5Zglli3yOZ"" checks",2026-03-20T03:59:21.411Z,177397916141100
"River: 5♣, A♥, 3♣, 9♦ [4♦]",2026-03-20T03:59:18.776Z,177397915877600
"""drak @ 5Zglli3yOZ"" calls 25.00",2026-03-20T03:59:17.955Z,177397915795500
"""YL @ y5CNIFby67"" raises to 25.00",2026-03-20T03:59:15.500Z,177397915550000
"""drak @ 5Zglli3yOZ"" bets 10.48",2026-03-20T03:58:59.195Z,177397913919500
"Turn: 5♣, A♥, 3♣ [9♦]",2026-03-20T03:58:54.250Z,177397913425000
"""YL @ y5CNIFby67"" calls 7.86",2026-03-20T03:58:53.416Z,177397913341600
"""stacker @ cPdQESZJMN"" folds",2026-03-20T03:58:45.703Z,177397912570300
"""drak @ 5Zglli3yOZ"" raises to 7.86",2026-03-20T03:58:44.822Z,177397912482200
"""YL @ y5CNIFby67"" bets 2.62",2026-03-20T03:58:34.898Z,177397911489800
"""stacker @ cPdQESZJMN"" checks",2026-03-20T03:58:31.170Z,177397911117000
"""drak @ 5Zglli3yOZ"" checks",2026-03-20T03:58:30.289Z,177397911028900
"Flop:  [5♣, A♥, 3♣]",2026-03-20T03:58:26.759Z,177397910675900
"""stacker @ cPdQESZJMN"" calls 1.75",2026-03-20T03:58:25.914Z,177397910591400
"""drak @ 5Zglli3yOZ"" calls 1.75",2026-03-20T03:58:22.989Z,177397910298900
"""YL @ y5CNIFby67"" raises to 1.75",2026-03-20T03:58:21.678Z,177397910167800
"""Eating @ 3GZqeC-ZoC"" folds",2026-03-20T03:58:18.827Z,177397909882700
"""Daveo da rula @ hL2HOafVVY"" folds",2026-03-20T03:58:17.926Z,177397909792600
"""blessed @ qCJm12-9Fn"" folds",2026-03-20T03:58:16.096Z,177397909609600
"""Triangle5 @ zn7jYkqxSJ"" folds",2026-03-20T03:58:14.230Z,177397909423000
"""stacker @ cPdQESZJMN"" posts a big blind of 0.50",2026-03-20T03:58:13.354Z,177397909335410
"""drak @ 5Zglli3yOZ"" posts a small blind of 0.25",2026-03-20T03:58:13.354Z,177397909335409
"Player stacks: #1 ""blessed @ qCJm12-9Fn"" (44.48) | #2 ""Daveo da rula @ hL2HOafVVY"" (327.54) | #3 ""Eating @ 3GZqeC-ZoC"" (74.24) | #5 ""YL @ y5CNIFby67"" (125.80) | #6 ""drak @ 5Zglli3yOZ"" (198.05) | #8 ""stacker @ cPdQESZJMN"" (213.38) | #9 ""Triangle5 @ zn7jYkqxSJ"" (80.37)",2026-03-20T03:58:13.354Z,177397909335401
"-- starting hand #152 (id: 4tw6o0xoj0zk)  No Limit Texas Hold'em (dealer: ""YL @ y5CNIFby67"") --",2026-03-20T03:58:13.354Z,177397909335400
"-- ending hand #151 --",2026-03-20T03:58:10.437Z,177397909043702
"""drak @ 5Zglli3yOZ"" collected 26.25 from pot",2026-03-20T03:58:10.437Z,177397909043701
"Uncalled bet of 13.12 returned to ""drak @ 5Zglli3yOZ""",2026-03-20T03:58:10.437Z,177397909043700
"""Eating @ 3GZqeC-ZoC"" folds",2026-03-20T03:58:09.633Z,177397908963300
"""Daveo da rula @ hL2HOafVVY"" folds",2026-03-20T03:58:08.536Z,177397908853600
"""Triangle5 @ zn7jYkqxSJ"" folds",2026-03-20T03:58:07.261Z,177397908726100
"""stacker @ cPdQESZJMN"" folds",2026-03-20T03:58:06.341Z,177397908634100
"""drak @ 5Zglli3yOZ"" bets 13.12",2026-03-20T03:58:04.152Z,177397908415200
"Turn: 8♣, 9♠, 5♣ [J♣]",2026-03-20T03:57:56.675Z,177397907667500
"""Eating @ 3GZqeC-ZoC"" checks",2026-03-20T03:57:55.840Z,177397907584000
"""Daveo da rula @ hL2HOafVVY"" checks",2026-03-20T03:57:53.831Z,177397907383100
"""Triangle5 @ zn7jYkqxSJ"" checks",2026-03-20T03:57:52.821Z,177397907282100
"""stacker @ cPdQESZJMN"" checks",2026-03-20T03:57:51.812Z,177397907181200
"""drak @ 5Zglli3yOZ"" checks",2026-03-20T03:57:49.615Z,177397906961500
"Flop:  [8♣, 9♠, 5♣]",2026-03-20T03:57:47.143Z,177397906714300
"""Daveo da rula @ hL2HOafVVY"" calls 5.00",2026-03-20T03:57:46.316Z,177397906631600
"""blessed @ qCJm12-9Fn"" folds",2026-03-20T03:57:44.474Z,177397906447400
"""Triangle5 @ zn7jYkqxSJ"" calls 5.00",2026-03-20T03:57:43.605Z,177397906360500
"""stacker @ cPdQESZJMN"" calls 5.00",2026-03-20T03:57:42.220Z,177397906222000
"""drak @ 5Zglli3yOZ"" calls 5.00",2026-03-20T03:57:36.391Z,177397905639100
"""YL @ y5CNIFby67"" folds",2026-03-20T03:57:34.857Z,177397905485700
"""Eating @ 3GZqeC-ZoC"" raises to 5.00",2026-03-20T03:57:31.377Z,177397905137700
"""Daveo da rula @ hL2HOafVVY"" calls 1.00",2026-03-20T03:57:21.770Z,177397904177000
"""blessed @ qCJm12-9Fn"" calls 1.00",2026-03-20T03:57:20.453Z,177397904045300
"""Triangle5 @ zn7jYkqxSJ"" calls 1.00",2026-03-20T03:57:19.260Z,177397903926000
"""stacker @ cPdQESZJMN"" raises to 1.00",2026-03-20T03:57:17.551Z,177397903755100
"""drak @ 5Zglli3yOZ"" posts a big blind of 0.50",2026-03-20T03:57:15.433Z,177397903543311
"""YL @ y5CNIFby67"" posts a small blind of 0.25",2026-03-20T03:57:15.433Z,177397903543310
"Player stacks: #1 ""blessed @ qCJm12-9Fn"" (45.48) | #2 ""Daveo da rula @ hL2HOafVVY"" (332.54) | #3 ""Eating @ 3GZqeC-ZoC"" (79.24) | #5 ""YL @ y5CNIFby67"" (126.05) | #6 ""drak @ 5Zglli3yOZ"" (176.80) | #8 ""stacker @ cPdQESZJMN"" (218.38) | #9 ""Triangle5 @ zn7jYkqxSJ"" (85.37)",2026-03-20T03:57:15.433Z,177397903543302
"-- starting hand #151 (id: hu3yirn1szz5)  No Limit Texas Hold'em (dealer: ""Eating @ 3GZqeC-ZoC"") --",2026-03-20T03:57:15.433Z,177397903543301
"The player ""eyz @ PFiA37ihL9"" quits the game with a stack of 161.27.",2026-03-20T03:57:15.433Z,177397903543300
"-- ending hand #150 --",2026-03-20T03:57:12.400Z,177397903240002
"""YL @ y5CNIFby67"" collected 37.49 from pot with Flush, 10 High (combination: 2♠, 4♠, 7♠, 8♠, 10♠)",2026-03-20T03:57:12.400Z,177397903240001
"""YL @ y5CNIFby67"" shows a 8♠, 4♠.",2026-03-20T03:57:12.400Z,177397903240000
"""Daveo da rula @ hL2HOafVVY"" checks",2026-03-20T03:57:11.543Z,177397903154300
"""YL @ y5CNIFby67"" checks",2026-03-20T03:57:10.144Z,177397903014400
"River: K♦, 7♠, 2♠, 10♠ [3♦]",2026-03-20T03:57:08.833Z,177397902883300
"""YL @ y5CNIFby67"" calls 9.37",2026-03-20T03:57:07.991Z,177397902799100
"""Daveo da rula @ hL2HOafVVY"" bets 9.37",2026-03-20T03:57:03.037Z,177397902303700
"""YL @ y5CNIFby67"" checks",2026-03-20T03:56:54.500Z,177397901450000
"Turn: K♦, 7♠, 2♠ [10♠]",2026-03-20T03:56:52.615Z,177397901261500
"""YL @ y5CNIFby67"" calls 5.75",2026-03-20T03:56:51.797Z,177397901179700
"""Daveo da rula @ hL2HOafVVY"" bets 5.75",2026-03-20T03:56:46.888Z,177397900688800
"""YL @ y5CNIFby67"" checks",2026-03-20T03:56:38.649Z,177397899864900
"Flop:  [K♦, 7♠, 2♠]",2026-03-20T03:56:37.237Z,177397899723700
"""blessed @ qCJm12-9Fn"" folds",2026-03-20T03:56:36.435Z,177397899643500
"""YL @ y5CNIFby67"" calls 3.25",2026-03-20T03:56:34.841Z,177397899484100
"""Eating @ 3GZqeC-ZoC"" folds",2026-03-20T03:56:30.695Z,177397899069500
"""Daveo da rula @ hL2HOafVVY"" raises to 3.25",2026-03-20T03:56:29.771Z,177397898977100
"""blessed @ qCJm12-9Fn"" calls 0.50",2026-03-20T03:56:25.947Z,177397898594700
"""Triangle5 @ zn7jYkqxSJ"" folds",2026-03-20T03:56:22.700Z,177397898270000
"""stacker @ cPdQESZJMN"" folds",2026-03-20T03:56:21.666Z,177397898166600
"""drak @ 5Zglli3yOZ"" folds",2026-03-20T03:56:20.763Z,177397898076300
"""YL @ y5CNIFby67"" posts a big blind of 0.50",2026-03-20T03:56:01.400Z,177397896140011
"""Eating @ 3GZqeC-ZoC"" posts a small blind of 0.25",2026-03-20T03:56:01.400Z,177397896140010
"Player stacks: #1 ""blessed @ qCJm12-9Fn"" (45.98) | #2 ""Daveo da rula @ hL2HOafVVY"" (350.91) | #3 ""Eating @ 3GZqeC-ZoC"" (79.49) | #5 ""YL @ y5CNIFby67"" (106.93) | #6 ""drak @ 5Zglli3yOZ"" (176.80) | #8 ""stacker @ cPdQESZJMN"" (218.38) | #9 ""Triangle5 @ zn7jYkqxSJ"" (85.37)",2026-03-20T03:56:01.400Z,177397896140002
"-- starting hand #150 (id: 7fnrhmq3thes)  No Limit Texas Hold'em (dealer: ""Daveo da rula @ hL2HOafVVY"") --",2026-03-20T03:56:01.400Z,177397896140001
"The player ""eyz @ PFiA37ihL9"" stand up with the stack of 161.27.",2026-03-20T03:56:01.400Z,177397896140000
"-- ending hand #149 --",2026-03-20T03:55:58.313Z,177397895831303
"""blessed @ qCJm12-9Fn"" collected 3.75 from pot with Three of a Kind, Q's (combination: J♣, K♦, Q♣, Q♦, Q♥)",2026-03-20T03:55:58.313Z,177397895831302
"""blessed @ qCJm12-9Fn"" shows a J♣, K♦.",2026-03-20T03:55:58.313Z,177397895831301
"""Eating @ 3GZqeC-ZoC"" shows a 6♥, 5♦.",2026-03-20T03:55:58.313Z,177397895831300
"""blessed @ qCJm12-9Fn"" checks",2026-03-20T03:55:57.507Z,177397895750700
"""Eating @ 3GZqeC-ZoC"" checks",2026-03-20T03:55:56.623Z,177397895662300
"River: 7♦, Q♣, 8♦, Q♦ [Q♥]",2026-03-20T03:55:54.347Z,177397895434700
"""blessed @ qCJm12-9Fn"" checks",2026-03-20T03:55:53.516Z,177397895351600
"""Eating @ 3GZqeC-ZoC"" checks",2026-03-20T03:55:52.655Z,177397895265500
"Turn: 7♦, Q♣, 8♦ [Q♦]",2026-03-20T03:55:49.335Z,177397894933500
"""blessed @ qCJm12-9Fn"" checks",2026-03-20T03:55:48.507Z,177397894850700
"""Eating @ 3GZqeC-ZoC"" checks",2026-03-20T03:55:47.623Z,177397894762300
"Flop:  [7♦, Q♣, 8♦]",2026-03-20T03:55:45.881Z,177397894588100
"""Eating @ 3GZqeC-ZoC"" calls 1.75",2026-03-20T03:55:45.064Z,177397894506400
"""Daveo da rula @ hL2HOafVVY"" folds",2026-03-20T03:55:43.271Z,177397894327100
"""blessed @ qCJm12-9Fn"" raises to 1.75",2026-03-20T03:55:42.116Z,177397894211600
"""eyz @ PFiA37ihL9"" folds",2026-03-20T03:55:39.697Z,177397893969700
"""Triangle5 @ zn7jYkqxSJ"" folds",2026-03-20T03:55:38.876Z,177397893887600
"""stacker @ cPdQESZJMN"" folds",2026-03-20T03:55:32.479Z,177397893247900
"""drak @ 5Zglli3yOZ"" folds",2026-03-20T03:55:31.535Z,177397893153500
"""YL @ y5CNIFby67"" folds",2026-03-20T03:55:29.459Z,177397892945900
"""Eating @ 3GZqeC-ZoC"" posts a big blind of 0.50",2026-03-20T03:55:27.849Z,177397892784912
"""Daveo da rula @ hL2HOafVVY"" posts a small blind of 0.25",2026-03-20T03:55:27.849Z,177397892784911
"Your hand is 9♣, 6♦",2026-03-20T03:55:27.849Z,177397892784910
"Player stacks: #1 ""blessed @ qCJm12-9Fn"" (43.98) | #2 ""Daveo da rula @ hL2HOafVVY"" (351.16) | #3 ""Eating @ 3GZqeC-ZoC"" (81.24) | #5 ""YL @ y5CNIFby67"" (106.93) | #6 ""drak @ 5Zglli3yOZ"" (176.80) | #8 ""stacker @ cPdQESZJMN"" (218.38) | #9 ""Triangle5 @ zn7jYkqxSJ"" (85.37) | #10 ""eyz @ PFiA37ihL9"" (161.27)",2026-03-20T03:55:27.849Z,177397892784902
"-- starting hand #149 (id: vn3hqvnndxo2)  No Limit Texas Hold'em (dealer: ""blessed @ qCJm12-9Fn"") --",2026-03-20T03:55:27.849Z,177397892784901
"Game Config Changes
* Restart Blind Schedule at Level: none » 1",2026-03-20T03:55:27.849Z,177397892784900
"-- ending hand #148 --",2026-03-20T03:55:24.841Z,177397892484103
"""Daveo da rula @ hL2HOafVVY"" collected 7.75 from pot with Pair, Q's (combination: 7♠, 9♦, K♦, Q♣, Q♦)",2026-03-20T03:55:24.841Z,177397892484102
"""Daveo da rula @ hL2HOafVVY"" shows a 7♠, Q♣.",2026-03-20T03:55:24.841Z,177397892484101
"""drak @ 5Zglli3yOZ"" shows a 9♠, 5♠.",2026-03-20T03:55:24.841Z,177397892484100
"""Daveo da rula @ hL2HOafVVY"" calls 3.25",2026-03-20T03:55:24.025Z,177397892402500
"""drak @ 5Zglli3yOZ"" bets 3.25",2026-03-20T03:55:22.675Z,177397892267500
"""Daveo da rula @ hL2HOafVVY"" checks",2026-03-20T03:55:15.826Z,177397891582600
"River: 2♥, 9♦, K♦, 4♠ [Q♦]",2026-03-20T03:55:14.607Z,177397891460700
"""drak @ 5Zglli3yOZ"" checks",2026-03-20T03:55:13.703Z,177397891370300
"""Daveo da rula @ hL2HOafVVY"" checks",2026-03-20T03:55:10.089Z,177397891008900
"Turn: 2♥, 9♦, K♦ [4♠]",2026-03-20T03:55:08.802Z,177397890880200
"""drak @ 5Zglli3yOZ"" checks",2026-03-20T03:55:07.881Z,177397890788100
"""Daveo da rula @ hL2HOafVVY"" checks",2026-03-20T03:55:04.918Z,177397890491800
"Flop:  [2♥, 9♦, K♦]",2026-03-20T03:55:03.798Z,177397890379800
"""Daveo da rula @ hL2HOafVVY"" checks",2026-03-20T03:55:02.989Z,177397890298900
"""blessed @ qCJm12-9Fn"" folds",2026-03-20T03:54:51.609Z,177397889160900
"""eyz @ PFiA37ihL9"" folds",2026-03-20T03:54:50.700Z,177397889070000
"""Triangle5 @ zn7jYkqxSJ"" folds",2026-03-20T03:54:49.726Z,177397888972600
"""stacker @ cPdQESZJMN"" folds",2026-03-20T03:54:48.816Z,177397888881600
"""drak @ 5Zglli3yOZ"" calls 0.50",2026-03-20T03:54:47.938Z,177397888793800
"""YL @ y5CNIFby67"" folds",2026-03-20T03:54:42.229Z,177397888222900
"""Eating @ 3GZqeC-ZoC"" folds",2026-03-20T03:54:38.876Z,177397887887600
"""Daveo da rula @ hL2HOafVVY"" posts a big blind of 0.50",2026-03-20T03:54:37.754Z,177397887775411
"""blessed @ qCJm12-9Fn"" posts a small blind of 0.25",2026-03-20T03:54:37.754Z,177397887775410
"Your hand is 6♣, Q♥",2026-03-20T03:54:37.754Z,177397887775409
"Player stacks: #1 ""blessed @ qCJm12-9Fn"" (44.23) | #2 ""Daveo da rula @ hL2HOafVVY"" (347.16) | #3 ""Eating @ 3GZqeC-ZoC"" (81.24) | #5 ""YL @ y5CNIFby67"" (106.93) | #6 ""drak @ 5Zglli3yOZ"" (180.55) | #8 ""stacker @ cPdQESZJMN"" (218.38) | #9 ""Triangle5 @ zn7jYkqxSJ"" (85.37) | #10 ""eyz @ PFiA37ihL9"" (161.27)",2026-03-20T03:54:37.754Z,177397887775401
"-- starting hand #148 (id: xdphchfm45rb)  No Limit Texas Hold'em (dealer: ""eyz @ PFiA37ihL9"") --",2026-03-20T03:54:37.754Z,177397887775400
"-- ending hand #147 --",2026-03-20T03:54:34.710Z,177397887471002
"""drak @ 5Zglli3yOZ"" collected 46.21 from pot with Straight, J High (combination: 7♥, 8♣, 9♥, 10♦, J♣)",2026-03-20T03:54:34.710Z,177397887471001
"""drak @ 5Zglli3yOZ"" shows a 8♣, 10♦.",2026-03-20T03:54:34.710Z,177397887471000
"""blessed @ qCJm12-9Fn"" calls 13.86",2026-03-20T03:54:33.878Z,177397887387800
"""drak @ 5Zglli3yOZ"" bets 13.86",2026-03-20T03:54:29.517Z,177397886951700
"""blessed @ qCJm12-9Fn"" checks",2026-03-20T03:54:25.026Z,177397886502600
"River: 4♠, 7♥, 4♦, 9♥ [J♣]",2026-03-20T03:54:23.033Z,177397886303300
"""stacker @ cPdQESZJMN"" folds",2026-03-20T03:54:22.215Z,177397886221500
"""drak @ 5Zglli3yOZ"" calls 4.62",2026-03-20T03:54:21.342Z,177397886134200
"""blessed @ qCJm12-9Fn"" bets 4.62",2026-03-20T03:53:58.672Z,177397883867200
"Turn: 4♠, 7♥, 4♦ [9♥]",2026-03-20T03:53:54.402Z,177397883440200
"""stacker @ cPdQESZJMN"" checks",2026-03-20T03:53:53.585Z,177397883358500
"""drak @ 5Zglli3yOZ"" checks",2026-03-20T03:53:50.062Z,177397883006200
"""blessed @ qCJm12-9Fn"" checks",2026-03-20T03:53:38.423Z,177397881842300
"Flop:  [4♠, 7♥, 4♦]",2026-03-20T03:53:36.323Z,177397881632300
"""stacker @ cPdQESZJMN"" calls 3.00",2026-03-20T03:53:35.512Z,177397881551200
"""drak @ 5Zglli3yOZ"" calls 3.00",2026-03-20T03:53:33.348Z,177397881334800
"The player ""aden @ ukS_JNj8Jp"" passed the room ownership to ""YL @ y5CNIFby67"".",2026-03-20T03:53:27.669Z,177397880766900
"""blessed @ qCJm12-9Fn"" raises to 3.00",2026-03-20T03:53:23.288Z,177397880328800
"""eyz @ PFiA37ihL9"" folds",2026-03-20T03:53:19.869Z,177397879986900
"""Triangle5 @ zn7jYkqxSJ"" folds",2026-03-20T03:53:15.831Z,177397879583100
"""stacker @ cPdQESZJMN"" calls 0.50",2026-03-20T03:53:14.913Z,177397879491300
"""drak @ 5Zglli3yOZ"" calls 0.50",2026-03-20T03:53:12.601Z,177397879260100
"""YL @ y5CNIFby67"" folds",2026-03-20T03:53:07.771Z,177397878777100
"""Eating @ 3GZqeC-ZoC"" folds",2026-03-20T03:53:05.070Z,177397878507000
"""Daveo da rula @ hL2HOafVVY"" folds",2026-03-20T03:53:04.183Z,177397878418300
"""blessed @ qCJm12-9Fn"" posts a big blind of 0.50",2026-03-20T03:53:01.470Z,177397878147012
"""eyz @ PFiA37ihL9"" posts a small blind of 0.25",2026-03-20T03:53:01.470Z,177397878147011
"Your hand is 5♠, A♣",2026-03-20T03:53:01.470Z,177397878147010
"Player stacks: #1 ""blessed @ qCJm12-9Fn"" (65.71) | #2 ""Daveo da rula @ hL2HOafVVY"" (347.16) | #3 ""Eating @ 3GZqeC-ZoC"" (81.24) | #5 ""YL @ y5CNIFby67"" (106.93) | #6 ""drak @ 5Zglli3yOZ"" (155.82) | #8 ""stacker @ cPdQESZJMN"" (221.38) | #9 ""Triangle5 @ zn7jYkqxSJ"" (85.37) | #10 ""eyz @ PFiA37ihL9"" (161.52)",2026-03-20T03:53:01.470Z,177397878147002
"-- starting hand #147 (id: rl4a0epttsvq)  No Limit Texas Hold'em (dealer: ""Triangle5 @ zn7jYkqxSJ"") --",2026-03-20T03:53:01.470Z,177397878147001
"The player ""Brogod @ E_b3ONoyca"" quits the game with a stack of 80.77.",2026-03-20T03:53:01.470Z,177397878147000
"-- ending hand #146 --",2026-03-20T03:52:58.464Z,177397877846402
"""YL @ y5CNIFby67"" collected 13.11 from pot",2026-03-20T03:52:58.464Z,177397877846401
"Uncalled bet of 9.83 returned to ""YL @ y5CNIFby67""",2026-03-20T03:52:58.464Z,177397877846400
"""blessed @ qCJm12-9Fn"" folds",2026-03-20T03:52:57.568Z,177397877756800
"""YL @ y5CNIFby67"" raises to 13.76",2026-03-20T03:52:55.883Z,177397877588300
"""blessed @ qCJm12-9Fn"" bets 3.93",2026-03-20T03:52:47.449Z,177397876744900
"Flop:  [8♠, 10♥, 9♠]",2026-03-20T03:52:42.504Z,177397876250400
"""blessed @ qCJm12-9Fn"" calls 2.25",2026-03-20T03:52:41.700Z,177397876170000
"""eyz @ PFiA37ihL9"" folds",2026-03-20T03:52:40.750Z,177397876075000
"""Triangle5 @ zn7jYkqxSJ"" folds",2026-03-20T03:52:39.872Z,177397875987200
"""stacker @ cPdQESZJMN"" folds",2026-03-20T03:52:33.503Z,177397875350300
"""Brogod @ E_b3ONoyca"" folds",2026-03-20T03:52:32.551Z,177397875255100
"""drak @ 5Zglli3yOZ"" folds",2026-03-20T03:52:31.563Z,177397875156300
"""YL @ y5CNIFby67"" raises to 2.25",2026-03-20T03:52:29.414Z,177397874941400
"""Eating @ 3GZqeC-ZoC"" folds",2026-03-20T03:52:26.985Z,177397874698500
"""Daveo da rula @ hL2HOafVVY"" folds",2026-03-20T03:52:26.060Z,177397874606000
"""blessed @ qCJm12-9Fn"" calls 0.50",2026-03-20T03:52:16.082Z,177397873608200
"""eyz @ PFiA37ihL9"" posts a big blind of 0.50",2026-03-20T03:52:14.258Z,177397873425813
"""Triangle5 @ zn7jYkqxSJ"" posts a small blind of 0.25",2026-03-20T03:52:14.258Z,177397873425812
"Your hand is 7♣, A♠",2026-03-20T03:52:14.258Z,177397873425811
"Player stacks: #1 ""blessed @ qCJm12-9Fn"" (71.89) | #2 ""Daveo da rula @ hL2HOafVVY"" (347.16) | #3 ""Eating @ 3GZqeC-ZoC"" (81.24) | #5 ""YL @ y5CNIFby67"" (100.00) | #6 ""drak @ 5Zglli3yOZ"" (155.82) | #7 ""Brogod @ E_b3ONoyca"" (80.77) | #8 ""stacker @ cPdQESZJMN"" (221.38) | #9 ""Triangle5 @ zn7jYkqxSJ"" (85.62) | #10 ""eyz @ PFiA37ihL9"" (162.02)",2026-03-20T03:52:14.258Z,177397873425802
"-- starting hand #146 (id: 7pduswfdvtuf)  No Limit Texas Hold'em (dealer: ""stacker @ cPdQESZJMN"") --",2026-03-20T03:52:14.258Z,177397873425801
"The player ""YL @ y5CNIFby67"" joined the game with a stack of 100.00.",2026-03-20T03:52:14.258Z,177397873425800
"-- ending hand #145 --",2026-03-20T03:52:11.238Z,177397873123803
"""Daveo da rula @ hL2HOafVVY"" collected 127.73 from pot with Pair, K's (combination: 6♣, 7♦, Q♦, K♦, K♥)",2026-03-20T03:52:11.238Z,177397873123802
"""Daveo da rula @ hL2HOafVVY"" shows a 3♦, K♦.",2026-03-20T03:52:11.238Z,177397873123801
"""Brogod @ E_b3ONoyca"" shows a Q♥, A♠.",2026-03-20T03:52:11.238Z,177397873123800
"""Daveo da rula @ hL2HOafVVY"" calls 25.00",2026-03-20T03:52:10.389Z,177397873038900
"""Brogod @ E_b3ONoyca"" bets 25.00",2026-03-20T03:52:08.908Z,177397872890800
"""Daveo da rula @ hL2HOafVVY"" checks",2026-03-20T03:52:00.717Z,177397872071700
"River: 6♣, Q♦, 7♦, K♥ [2♥]",2026-03-20T03:51:58.798Z,177397871879800
"""Daveo da rula @ hL2HOafVVY"" calls 20.43",2026-03-20T03:51:57.923Z,177397871792300
"""Brogod @ E_b3ONoyca"" bets 20.43",2026-03-20T03:51:54.356Z,177397871435600
"""Daveo da rula @ hL2HOafVVY"" checks",2026-03-20T03:51:49.639Z,177397870963900
"Turn: 6♣, Q♦, 7♦ [K♥]",2026-03-20T03:51:47.679Z,177397870767900
"""Daveo da rula @ hL2HOafVVY"" calls 11.06",2026-03-20T03:51:46.854Z,177397870685400
"""Brogod @ E_b3ONoyca"" bets 11.06",2026-03-20T03:51:44.121Z,177397870412100
"""Daveo da rula @ hL2HOafVVY"" checks",2026-03-20T03:51:40.405Z,177397870040500
"Flop:  [6♣, Q♦, 7♦]",2026-03-20T03:51:39.021Z,177397869902100
"""Daveo da rula @ hL2HOafVVY"" calls 7.00",2026-03-20T03:51:38.205Z,177397869820500
"""Triangle5 @ zn7jYkqxSJ"" folds",2026-03-20T03:51:35.966Z,177397869596600
"""stacker @ cPdQESZJMN"" folds",2026-03-20T03:51:35.029Z,177397869502900
"The admin approved the player ""YL @ y5CNIFby67"" participation with a stack of 100.00.",2026-03-20T03:51:29.918Z,177397868991800
"""Brogod @ E_b3ONoyca"" raises to 7.00",2026-03-20T03:51:28.911Z,177397868891100
"""drak @ 5Zglli3yOZ"" folds",2026-03-20T03:51:25.119Z,177397868511900
"The player ""YL @ y5CNIFby67"" requested a seat.",2026-03-20T03:51:23.304Z,177397868330400
"""Eating @ 3GZqeC-ZoC"" folds",2026-03-20T03:51:22.882Z,177397868288200
"""Daveo da rula @ hL2HOafVVY"" raises to 1.75",2026-03-20T03:51:21.994Z,177397868199400
"""blessed @ qCJm12-9Fn"" folds",2026-03-20T03:51:18.835Z,177397867883500
"""eyz @ PFiA37ihL9"" folds",2026-03-20T03:51:17.981Z,177397867798100
"""Triangle5 @ zn7jYkqxSJ"" posts a big blind of 0.50",2026-03-20T03:51:16.788Z,177397867678812
"""stacker @ cPdQESZJMN"" posts a small blind of 0.25",2026-03-20T03:51:16.788Z,177397867678811
"Your hand is 5♥, 10♣",2026-03-20T03:51:16.788Z,177397867678810
"Player stacks: #1 ""blessed @ qCJm12-9Fn"" (71.89) | #2 ""Daveo da rula @ hL2HOafVVY"" (282.92) | #3 ""Eating @ 3GZqeC-ZoC"" (81.24) | #6 ""drak @ 5Zglli3yOZ"" (155.82) | #7 ""Brogod @ E_b3ONoyca"" (144.26) | #8 ""stacker @ cPdQESZJMN"" (221.63) | #9 ""Triangle5 @ zn7jYkqxSJ"" (86.12) | #10 ""eyz @ PFiA37ihL9"" (162.02)",2026-03-20T03:51:16.788Z,177397867678802
"-- starting hand #145 (id: x1vdryyqsddq)  No Limit Texas Hold'em (dealer: ""Brogod @ E_b3ONoyca"") --",2026-03-20T03:51:16.788Z,177397867678801
"The player ""Goober @ xKINFe6J18"" quits the game with a stack of 404.14.",2026-03-20T03:51:16.788Z,177397867678800
"-- ending hand #144 --",2026-03-20T03:51:13.778Z,177397867377803
"""drak @ 5Zglli3yOZ"" collected 73.01 from pot with Three of a Kind, 8's (combination: 10♦, A♥, 8♣, 8♠, 8♦)",2026-03-20T03:51:13.778Z,177397867377802
"""drak @ 5Zglli3yOZ"" shows a 8♣, 8♠.",2026-03-20T03:51:13.778Z,177397867377801
"""blessed @ qCJm12-9Fn"" shows a 6♦, 6♠.",2026-03-20T03:51:13.778Z,177397867377800
"""drak @ 5Zglli3yOZ"" checks",2026-03-20T03:51:12.959Z,177397867295900
"""blessed @ qCJm12-9Fn"" checks",2026-03-20T03:51:06.545Z,177397866654500
"River: 10♦, 6♣, 9♣, 8♦ [A♥]",2026-03-20T03:51:05.337Z,177397866533700
"""blessed @ qCJm12-9Fn"" calls 21.90",2026-03-20T03:51:04.454Z,177397866445400
"""drak @ 5Zglli3yOZ"" bets 21.90",2026-03-20T03:51:03.087Z,177397866308700
"""blessed @ qCJm12-9Fn"" checks",2026-03-20T03:50:57.702Z,177397865770200
"Turn: 10♦, 6♣, 9♣ [8♦]",2026-03-20T03:50:54.493Z,177397865449300
"""blessed @ qCJm12-9Fn"" calls 7.30",2026-03-20T03:50:53.615Z,177397865361500
"""drak @ 5Zglli3yOZ"" bets 7.30",2026-03-20T03:50:48.818Z,177397864881800
"""blessed @ qCJm12-9Fn"" checks",2026-03-20T03:50:43.825Z,177397864382500
"Flop:  [10♦, 6♣, 9♣]",2026-03-20T03:50:42.522Z,177397864252200
"""Eating @ 3GZqeC-ZoC"" folds",2026-03-20T03:50:41.716Z,177397864171600
"""blessed @ qCJm12-9Fn"" calls 5.93",2026-03-20T03:50:40.777Z,177397864077700
"""stacker @ cPdQESZJMN"" folds",2026-03-20T03:50:39.162Z,177397863916200
"""Brogod @ E_b3ONoyca"" folds",2026-03-20T03:50:36.841Z,177397863684100
"""drak @ 5Zglli3yOZ"" raises to 5.93",2026-03-20T03:50:35.867Z,177397863586700
"""Eating @ 3GZqeC-ZoC"" raises to 2.00",2026-03-20T03:50:31.822Z,177397863182200
"""Daveo da rula @ hL2HOafVVY"" folds",2026-03-20T03:50:28.219Z,177397862821900
"""blessed @ qCJm12-9Fn"" calls 0.50",2026-03-20T03:50:15.802Z,177397861580200
"""eyz @ PFiA37ihL9"" folds",2026-03-20T03:50:14.344Z,177397861434400
"""Triangle5 @ zn7jYkqxSJ"" folds",2026-03-20T03:50:13.486Z,177397861348600
"""stacker @ cPdQESZJMN"" posts a big blind of 0.50",2026-03-20T03:50:11.752Z,177397861175212
"""Brogod @ E_b3ONoyca"" posts a small blind of 0.25",2026-03-20T03:50:11.752Z,177397861175211
"Your hand is 2♦, 5♥",2026-03-20T03:50:11.752Z,177397861175210
"Player stacks: #1 ""blessed @ qCJm12-9Fn"" (107.02) | #2 ""Daveo da rula @ hL2HOafVVY"" (282.92) | #3 ""Eating @ 3GZqeC-ZoC"" (83.24) | #6 ""drak @ 5Zglli3yOZ"" (117.94) | #7 ""Brogod @ E_b3ONoyca"" (144.51) | #8 ""stacker @ cPdQESZJMN"" (222.13) | #9 ""Triangle5 @ zn7jYkqxSJ"" (86.12) | #10 ""eyz @ PFiA37ihL9"" (162.02)",2026-03-20T03:50:11.752Z,177397861175202
"-- starting hand #144 (id: jxttt6dvwgwa)  No Limit Texas Hold'em (dealer: ""drak @ 5Zglli3yOZ"") --",2026-03-20T03:50:11.752Z,177397861175201
"The player ""Goober @ xKINFe6J18"" stand up with the stack of 404.14.",2026-03-20T03:50:11.752Z,177397861175200
"-- ending hand #143 --",2026-03-20T03:50:08.838Z,177397860883802
"""blessed @ qCJm12-9Fn"" collected 24.00 from pot",2026-03-20T03:50:08.838Z,177397860883801
"Uncalled bet of 12.00 returned to ""blessed @ qCJm12-9Fn""",2026-03-20T03:50:08.838Z,177397860883800
"""Triangle5 @ zn7jYkqxSJ"" folds",2026-03-20T03:50:08.011Z,177397860801100
"""stacker @ cPdQESZJMN"" folds",2026-03-20T03:50:07.020Z,177397860702000
"""Brogod @ E_b3ONoyca"" folds",2026-03-20T03:50:06.122Z,177397860612200
"""Goober @ xKINFe6J18"" folds",2026-03-20T03:50:05.226Z,177397860522600
"""blessed @ qCJm12-9Fn"" bets 12.00",2026-03-20T03:50:00.227Z,177397860022700
"""Triangle5 @ zn7jYkqxSJ"" checks",2026-03-20T03:49:56.564Z,177397859656400
"""stacker @ cPdQESZJMN"" checks",2026-03-20T03:49:54.303Z,177397859430300
"""Brogod @ E_b3ONoyca"" checks",2026-03-20T03:49:53.413Z,177397859341300
"Flop:  [J♣, 6♠, 5♣]",2026-03-20T03:49:50.724Z,177397859072400
"""Triangle5 @ zn7jYkqxSJ"" calls 4.75",2026-03-20T03:49:49.844Z,177397858984400
"""stacker @ cPdQESZJMN"" calls 4.75",2026-03-20T03:49:48.437Z,177397858843700
"""Brogod @ E_b3ONoyca"" calls 4.75",2026-03-20T03:49:46.530Z,177397858653000
"""drak @ 5Zglli3yOZ"" folds",2026-03-20T03:49:42.945Z,177397858294500
"""Goober @ xKINFe6J18"" calls 4.75",2026-03-20T03:49:35.433Z,177397857543300
"""Eating @ 3GZqeC-ZoC"" folds",2026-03-20T03:49:19.179Z,177397855917900
"""Daveo da rula @ hL2HOafVVY"" folds",2026-03-20T03:49:18.242Z,177397855824200
"""blessed @ qCJm12-9Fn"" raises to 4.75",2026-03-20T03:49:17.239Z,177397855723900
"""eyz @ PFiA37ihL9"" folds",2026-03-20T03:49:14.513Z,177397855451300
"""Triangle5 @ zn7jYkqxSJ"" calls 1.00",2026-03-20T03:49:13.546Z,177397855354600
"""stacker @ cPdQESZJMN"" raises to 1.00",2026-03-20T03:49:07.071Z,177397854707100
"""Brogod @ E_b3ONoyca"" posts a big blind of 0.50",2026-03-20T03:49:04.803Z,177397854480312
"""drak @ 5Zglli3yOZ"" posts a small blind of 0.25",2026-03-20T03:49:04.803Z,177397854480311
"Your hand is 9♣, 3♥",2026-03-20T03:49:04.803Z,177397854480310
"Player stacks: #1 ""blessed @ qCJm12-9Fn"" (87.77) | #2 ""Daveo da rula @ hL2HOafVVY"" (282.92) | #3 ""Eating @ 3GZqeC-ZoC"" (83.24) | #5 ""Goober @ xKINFe6J18"" (408.89) | #6 ""drak @ 5Zglli3yOZ"" (118.19) | #7 ""Brogod @ E_b3ONoyca"" (149.26) | #8 ""stacker @ cPdQESZJMN"" (226.88) | #9 ""Triangle5 @ zn7jYkqxSJ"" (90.87) | #10 ""eyz @ PFiA37ihL9"" (162.02)",2026-03-20T03:49:04.803Z,177397854480301
"-- starting hand #143 (id: f3entbqhvyjs)  No Limit Texas Hold'em (dealer: ""Goober @ xKINFe6J18"") --",2026-03-20T03:49:04.803Z,177397854480300
"-- ending hand #142 --",2026-03-20T03:49:01.715Z,177397854171503
"""stacker @ cPdQESZJMN"" collected 30.75 from pot with Two Pair, 10's & 5's (combination: A♥, 5♥, 5♠, 10♥, 10♣)",2026-03-20T03:49:01.715Z,177397854171502
"""stacker @ cPdQESZJMN"" shows a A♥, 5♥.",2026-03-20T03:49:01.715Z,177397854171501
"""drak @ 5Zglli3yOZ"" shows a 4♠, 4♥.",2026-03-20T03:49:01.715Z,177397854171500
"""stacker @ cPdQESZJMN"" checks",2026-03-20T03:49:00.855Z,177397854085500
"""drak @ 5Zglli3yOZ"" checks",2026-03-20T03:48:59.592Z,177397853959200
"River: K♣, 10♥, 5♠, 10♣ [6♠]",2026-03-20T03:48:54.012Z,177397853401200
"""stacker @ cPdQESZJMN"" calls 8.50",2026-03-20T03:48:53.143Z,177397853314300
"""drak @ 5Zglli3yOZ"" bets 8.50",2026-03-20T03:48:49.277Z,177397852927700
"Turn: K♣, 10♥, 5♠ [10♣]",2026-03-20T03:48:41.934Z,177397852193400
"""stacker @ cPdQESZJMN"" calls 3.50",2026-03-20T03:48:41.089Z,177397852108900
"""drak @ 5Zglli3yOZ"" bets 3.50",2026-03-20T03:48:38.105Z,177397851810500
"Flop:  [K♣, 10♥, 5♠]",2026-03-20T03:48:28.057Z,177397850805700
"""stacker @ cPdQESZJMN"" calls 3.25",2026-03-20T03:48:27.232Z,177397850723200
"""drak @ 5Zglli3yOZ"" raises to 3.25",2026-03-20T03:48:24.733Z,177397850473300
"""Goober @ xKINFe6J18"" folds",2026-03-20T03:48:21.833Z,177397850183300
"""Eating @ 3GZqeC-ZoC"" folds",2026-03-20T03:48:20.858Z,177397850085800
"""Daveo da rula @ hL2HOafVVY"" folds",2026-03-20T03:48:12.645Z,177397849264500
"""blessed @ qCJm12-9Fn"" folds",2026-03-20T03:48:11.607Z,177397849160700
"""eyz @ PFiA37ihL9"" folds",2026-03-20T03:48:10.725Z,177397849072500
"""Triangle5 @ zn7jYkqxSJ"" folds",2026-03-20T03:48:06.062Z,177397848606200
"""stacker @ cPdQESZJMN"" raises to 1.00",2026-03-20T03:48:05.076Z,177397848507600
"""Brogod @ E_b3ONoyca"" folds",2026-03-20T03:47:53.386Z,177397847338600
"""drak @ 5Zglli3yOZ"" posts a big blind of 0.50",2026-03-20T03:47:51.073Z,177397847107312
"""Goober @ xKINFe6J18"" posts a small blind of 0.25",2026-03-20T03:47:51.073Z,177397847107311
"Your hand is 8♠, 7♥",2026-03-20T03:47:51.073Z,177397847107310
"Player stacks: #1 ""blessed @ qCJm12-9Fn"" (87.77) | #2 ""Daveo da rula @ hL2HOafVVY"" (282.92) | #3 ""Eating @ 3GZqeC-ZoC"" (83.24) | #5 ""Goober @ xKINFe6J18"" (409.14) | #6 ""drak @ 5Zglli3yOZ"" (133.44) | #7 ""Brogod @ E_b3ONoyca"" (149.26) | #8 ""stacker @ cPdQESZJMN"" (211.38) | #9 ""Triangle5 @ zn7jYkqxSJ"" (90.87) | #10 ""eyz @ PFiA37ihL9"" (162.02)",2026-03-20T03:47:51.073Z,177397847107301
"-- starting hand #142 (id: bfemumq21bks)  No Limit Texas Hold'em (dealer: ""Eating @ 3GZqeC-ZoC"") --",2026-03-20T03:47:51.073Z,177397847107300
"-- ending hand #141 --",2026-03-20T03:47:48.132Z,177397846813202
"""eyz @ PFiA37ihL9"" collected 11.87 from pot",2026-03-20T03:47:48.132Z,177397846813201
"Uncalled bet of 20.00 returned to ""eyz @ PFiA37ihL9""",2026-03-20T03:47:48.132Z,177397846813200
"""drak @ 5Zglli3yOZ"" folds",2026-03-20T03:47:47.280Z,177397846728000
"""eyz @ PFiA37ihL9"" bets 20.00",2026-03-20T03:47:34.661Z,177397845466100
"""drak @ 5Zglli3yOZ"" checks",2026-03-20T03:47:26.709Z,177397844670900
"River: 5♥, Q♠, 8♣, 10♥ [7♥]",2026-03-20T03:47:17.937Z,177397843793700
"""Goober @ xKINFe6J18"" folds",2026-03-20T03:47:17.121Z,177397843712100
"""eyz @ PFiA37ihL9"" calls 3.56",2026-03-20T03:47:16.130Z,177397843613000
"""drak @ 5Zglli3yOZ"" bets 3.56",2026-03-20T03:47:14.557Z,177397843455700
"""Goober @ xKINFe6J18"" checks",2026-03-20T03:47:10.428Z,177397843042800
"Turn: 5♥, Q♠, 8♣ [10♥]",2026-03-20T03:47:04.750Z,177397842475000
"""eyz @ PFiA37ihL9"" checks",2026-03-20T03:47:03.929Z,177397842392900
"""drak @ 5Zglli3yOZ"" checks",2026-03-20T03:47:02.636Z,177397842263600
"""Goober @ xKINFe6J18"" checks",2026-03-20T03:46:57.852Z,177397841785200
"Flop:  [5♥, Q♠, 8♣]",2026-03-20T03:46:55.344Z,177397841534400
"""drak @ 5Zglli3yOZ"" calls 1.50",2026-03-20T03:46:54.518Z,177397841451800
"""Goober @ xKINFe6J18"" calls 1.50",2026-03-20T03:46:44.237Z,177397840423700
"""Eating @ 3GZqeC-ZoC"" folds",2026-03-20T03:46:30.045Z,177397839004500
"""Daveo da rula @ hL2HOafVVY"" folds",2026-03-20T03:46:26.971Z,177397838697100
"""blessed @ qCJm12-9Fn"" folds",2026-03-20T03:46:09.813Z,177397836981300
"""eyz @ PFiA37ihL9"" raises to 1.50",2026-03-20T03:46:08.933Z,177397836893300
"""Triangle5 @ zn7jYkqxSJ"" folds",2026-03-20T03:46:06.118Z,177397836611800
"""stacker @ cPdQESZJMN"" folds",2026-03-20T03:45:53.239Z,177397835323900
"""Brogod @ E_b3ONoyca"" folds",2026-03-20T03:45:52.372Z,177397835237200
"""drak @ 5Zglli3yOZ"" calls 0.50",2026-03-20T03:45:51.465Z,177397835146500
"""Goober @ xKINFe6J18"" posts a big blind of 0.50",2026-03-20T03:45:49.964Z,177397834996412
"""Eating @ 3GZqeC-ZoC"" posts a small blind of 0.25",2026-03-20T03:45:49.964Z,177397834996411
"Your hand is K♥, 6♥",2026-03-20T03:45:49.964Z,177397834996410
"Player stacks: #1 ""blessed @ qCJm12-9Fn"" (87.77) | #2 ""Daveo da rula @ hL2HOafVVY"" (282.92) | #3 ""Eating @ 3GZqeC-ZoC"" (83.49) | #5 ""Goober @ xKINFe6J18"" (410.64) | #6 ""drak @ 5Zglli3yOZ"" (138.50) | #7 ""Brogod @ E_b3ONoyca"" (149.26) | #8 ""stacker @ cPdQESZJMN"" (211.38) | #9 ""Triangle5 @ zn7jYkqxSJ"" (90.87) | #10 ""eyz @ PFiA37ihL9"" (155.21)",2026-03-20T03:45:49.964Z,177397834996401
"-- starting hand #141 (id: aoaurgf8usnc)  No Limit Texas Hold'em (dealer: ""Daveo da rula @ hL2HOafVVY"") --",2026-03-20T03:45:49.964Z,177397834996400
"-- ending hand #140 --",2026-03-20T03:45:47.026Z,177397834702602
"""Brogod @ E_b3ONoyca"" collected 9.75 from pot",2026-03-20T03:45:47.026Z,177397834702601
"Uncalled bet of 4.37 returned to ""Brogod @ E_b3ONoyca""",2026-03-20T03:45:47.026Z,177397834702600
"""Goober @ xKINFe6J18"" folds",2026-03-20T03:45:46.187Z,177397834618700
"""Brogod @ E_b3ONoyca"" bets 4.37",2026-03-20T03:45:29.491Z,177397832949100
"""Goober @ xKINFe6J18"" checks",2026-03-20T03:45:25.115Z,177397832511500
"Flop:  [4♣, 3♦, 9♦]",2026-03-20T03:45:23.336Z,177397832333600
"""Goober @ xKINFe6J18"" calls 4.50",2026-03-20T03:45:22.502Z,177397832250200
"""Eating @ 3GZqeC-ZoC"" folds",2026-03-20T03:45:16.622Z,177397831662200
"""Daveo da rula @ hL2HOafVVY"" folds",2026-03-20T03:45:15.421Z,177397831542100
"""blessed @ qCJm12-9Fn"" folds",2026-03-20T03:45:14.434Z,177397831443400
"""eyz @ PFiA37ihL9"" folds",2026-03-20T03:45:13.580Z,177397831358000
"""Triangle5 @ zn7jYkqxSJ"" folds",2026-03-20T03:45:12.591Z,177397831259100
"""stacker @ cPdQESZJMN"" folds",2026-03-20T03:45:11.647Z,177397831164700
"""Brogod @ E_b3ONoyca"" raises to 4.50",2026-03-20T03:45:09.739Z,177397830973900
"""drak @ 5Zglli3yOZ"" folds",2026-03-20T03:45:04.925Z,177397830492500
"""Goober @ xKINFe6J18"" raises to 1.50",2026-03-20T03:45:04.061Z,177397830406100
"""Eating @ 3GZqeC-ZoC"" posts a big blind of 0.50",2026-03-20T03:44:56.741Z,177397829674112
"""Daveo da rula @ hL2HOafVVY"" posts a small blind of 0.25",2026-03-20T03:44:56.741Z,177397829674111
"Your hand is 3♥, 9♠",2026-03-20T03:44:56.741Z,177397829674110
"Player stacks: #1 ""blessed @ qCJm12-9Fn"" (87.77) | #2 ""Daveo da rula @ hL2HOafVVY"" (283.17) | #3 ""Eating @ 3GZqeC-ZoC"" (83.99) | #5 ""Goober @ xKINFe6J18"" (415.14) | #6 ""drak @ 5Zglli3yOZ"" (138.50) | #7 ""Brogod @ E_b3ONoyca"" (144.01) | #8 ""stacker @ cPdQESZJMN"" (211.38) | #9 ""Triangle5 @ zn7jYkqxSJ"" (90.87) | #10 ""eyz @ PFiA37ihL9"" (155.21)",2026-03-20T03:44:56.741Z,177397829674101
"-- starting hand #140 (id: pqpbdc7vxztz)  No Limit Texas Hold'em (dealer: ""blessed @ qCJm12-9Fn"") --",2026-03-20T03:44:56.741Z,177397829674100
"-- ending hand #139 --",2026-03-20T03:44:53.835Z,177397829383502
"""drak @ 5Zglli3yOZ"" collected 18.75 from pot",2026-03-20T03:44:53.835Z,177397829383501
"Uncalled bet of 18.75 returned to ""drak @ 5Zglli3yOZ""",2026-03-20T03:44:53.835Z,177397829383500
"""Eating @ 3GZqeC-ZoC"" folds",2026-03-20T03:44:52.927Z,177397829292700
"""drak @ 5Zglli3yOZ"" bets 18.75",2026-03-20T03:44:48.535Z,177397828853500
"""Eating @ 3GZqeC-ZoC"" checks",2026-03-20T03:44:44.490Z,177397828449000
"River: 7♦, 6♥, 10♠, 2♣ [9♥]",2026-03-20T03:44:42.466Z,177397828246600
"""drak @ 5Zglli3yOZ"" calls 5.00",2026-03-20T03:44:41.650Z,177397828165000
"""Eating @ 3GZqeC-ZoC"" bets 5.00",2026-03-20T03:44:40.011Z,177397828001100
"Turn: 7♦, 6♥, 10♠ [2♣]",2026-03-20T03:44:32.823Z,177397827282300
"""drak @ 5Zglli3yOZ"" calls 2.00",2026-03-20T03:44:31.946Z,177397827194600
"""Eating @ 3GZqeC-ZoC"" bets 2.00",2026-03-20T03:44:30.614Z,177397827061400
"Flop:  [7♦, 6♥, 10♠]",2026-03-20T03:44:25.624Z,177397826562400
"""Daveo da rula @ hL2HOafVVY"" folds",2026-03-20T03:44:24.822Z,177397826482200
"""blessed @ qCJm12-9Fn"" folds",2026-03-20T03:44:23.729Z,177397826372900
"""eyz @ PFiA37ihL9"" folds",2026-03-20T03:44:22.877Z,177397826287700
"""Triangle5 @ zn7jYkqxSJ"" folds",2026-03-20T03:44:22.012Z,177397826201200
"""stacker @ cPdQESZJMN"" folds",2026-03-20T03:44:21.064Z,177397826106400
"""Brogod @ E_b3ONoyca"" folds",2026-03-20T03:44:20.112Z,177397826011200
"""drak @ 5Zglli3yOZ"" calls 2.00",2026-03-20T03:44:19.212Z,177397825921200
"""Goober @ xKINFe6J18"" folds",2026-03-20T03:44:17.210Z,177397825721000
"""Eating @ 3GZqeC-ZoC"" raises to 2.00",2026-03-20T03:44:16.291Z,177397825629100
"""Daveo da rula @ hL2HOafVVY"" posts a big blind of 0.50",2026-03-20T03:44:12.017Z,177397825201712
"""blessed @ qCJm12-9Fn"" posts a small blind of 0.25",2026-03-20T03:44:12.017Z,177397825201711
"Your hand is 6♠, 3♣",2026-03-20T03:44:12.017Z,177397825201710
"Player stacks: #1 ""blessed @ qCJm12-9Fn"" (88.02) | #2 ""Daveo da rula @ hL2HOafVVY"" (283.67) | #3 ""Eating @ 3GZqeC-ZoC"" (92.99) | #5 ""Goober @ xKINFe6J18"" (415.14) | #6 ""drak @ 5Zglli3yOZ"" (128.75) | #7 ""Brogod @ E_b3ONoyca"" (144.01) | #8 ""stacker @ cPdQESZJMN"" (211.38) | #9 ""Triangle5 @ zn7jYkqxSJ"" (90.87) | #10 ""eyz @ PFiA37ihL9"" (155.21)",2026-03-20T03:44:12.017Z,177397825201701
"-- starting hand #139 (id: 969bvqgoho3c)  No Limit Texas Hold'em (dealer: ""eyz @ PFiA37ihL9"") --",2026-03-20T03:44:12.017Z,177397825201700
"-- ending hand #138 --",2026-03-20T03:44:09.011Z,177397824901101
"""drak @ 5Zglli3yOZ"" collected 128.75 from pot with Three of a Kind, K's (combination: 10♠, Q♥, K♥, K♦, K♣)",2026-03-20T03:44:09.011Z,177397824901100
"River: 5♣, Q♥, 10♠, 6♥ [K♣]",2026-03-20T03:44:04.951Z,177397824495100
"""drak @ 5Zglli3yOZ"" shows a K♥, K♦.",2026-03-20T03:44:00.944Z,177397824094401
"""Daveo da rula @ hL2HOafVVY"" shows a 4♥, 4♣.",2026-03-20T03:44:00.944Z,177397824094400
"""drak @ 5Zglli3yOZ"" calls 42.63 and go all in",2026-03-20T03:44:00.105Z,177397824010500
"""Daveo da rula @ hL2HOafVVY"" raises to 42.63",2026-03-20T03:43:58.792Z,177397823879200
"""drak @ 5Zglli3yOZ"" bets 21.74",2026-03-20T03:43:53.289Z,177397823328900
"""Daveo da rula @ hL2HOafVVY"" checks",2026-03-20T03:43:43.781Z,177397822378100
"Turn: 5♣, Q♥, 10♠ [6♥]",2026-03-20T03:43:41.522Z,177397822152200
"""Daveo da rula @ hL2HOafVVY"" calls 10.87",2026-03-20T03:43:40.682Z,177397822068200
"""drak @ 5Zglli3yOZ"" bets 10.87",2026-03-20T03:43:31.231Z,177397821123100
"""Daveo da rula @ hL2HOafVVY"" checks",2026-03-20T03:43:27.698Z,177397820769800
"Flop:  [5♣, Q♥, 10♠]",2026-03-20T03:43:24.914Z,177397820491400
"""Daveo da rula @ hL2HOafVVY"" calls 10.50",2026-03-20T03:43:24.053Z,177397820405300
"""blessed @ qCJm12-9Fn"" folds",2026-03-20T03:43:21.414Z,177397820141400
"""eyz @ PFiA37ihL9"" folds",2026-03-20T03:43:20.516Z,177397820051600
"""Triangle5 @ zn7jYkqxSJ"" folds",2026-03-20T03:43:19.631Z,177397819963100
"""stacker @ cPdQESZJMN"" folds",2026-03-20T03:43:18.709Z,177397819870900
"""Brogod @ E_b3ONoyca"" folds",2026-03-20T03:43:17.808Z,177397819780800
"""drak @ 5Zglli3yOZ"" raises to 10.50",2026-03-20T03:43:16.927Z,177397819692700
"""Goober @ xKINFe6J18"" folds",2026-03-20T03:43:12.217Z,177397819221700
"""Eating @ 3GZqeC-ZoC"" folds",2026-03-20T03:42:51.757Z,177397817175700
"""Daveo da rula @ hL2HOafVVY"" raises to 2.75",2026-03-20T03:42:50.753Z,177397817075300
"""blessed @ qCJm12-9Fn"" posts a big blind of 0.50",2026-03-20T03:42:41.398Z,177397816139812
"""eyz @ PFiA37ihL9"" posts a small blind of 0.25",2026-03-20T03:42:41.398Z,177397816139811
"Your hand is Q♦, 8♥",2026-03-20T03:42:41.398Z,177397816139810
"Player stacks: #1 ""blessed @ qCJm12-9Fn"" (88.52) | #2 ""Daveo da rula @ hL2HOafVVY"" (347.67) | #3 ""Eating @ 3GZqeC-ZoC"" (92.99) | #5 ""Goober @ xKINFe6J18"" (415.14) | #6 ""drak @ 5Zglli3yOZ"" (64.00) | #7 ""Brogod @ E_b3ONoyca"" (144.01) | #8 ""stacker @ cPdQESZJMN"" (211.38) | #9 ""Triangle5 @ zn7jYkqxSJ"" (90.87) | #10 ""eyz @ PFiA37ihL9"" (155.46)",2026-03-20T03:42:41.398Z,177397816139801
"-- starting hand #138 (id: wxufrhp9m2ez)  No Limit Texas Hold'em (dealer: ""Triangle5 @ zn7jYkqxSJ"") --",2026-03-20T03:42:41.398Z,177397816139800
"-- ending hand #137 --",2026-03-20T03:42:38.482Z,177397815848202
"""eyz @ PFiA37ihL9"" collected 26.75 from pot",2026-03-20T03:42:38.482Z,177397815848201
"Uncalled bet of 15.00 returned to ""eyz @ PFiA37ihL9""",2026-03-20T03:42:38.482Z,177397815848200
"""drak @ 5Zglli3yOZ"" folds",2026-03-20T03:42:37.613Z,177397815761300
"""eyz @ PFiA37ihL9"" bets 15.00",2026-03-20T03:42:20.230Z,177397814023000
"Flop:  [5♠, 8♥, 3♥]",2026-03-20T03:42:11.852Z,177397813185200
"""drak @ 5Zglli3yOZ"" calls 12.50",2026-03-20T03:42:10.957Z,177397813095700
"""Daveo da rula @ hL2HOafVVY"" folds",2026-03-20T03:42:06.982Z,177397812698200
"""eyz @ PFiA37ihL9"" raises to 12.50",2026-03-20T03:42:05.469Z,177397812546900
"""Triangle5 @ zn7jYkqxSJ"" folds",2026-03-20T03:41:57.456Z,177397811745600
"""stacker @ cPdQESZJMN"" folds",2026-03-20T03:41:56.392Z,177397811639200
"""Brogod @ E_b3ONoyca"" folds",2026-03-20T03:41:55.525Z,177397811552500
"""drak @ 5Zglli3yOZ"" raises to 4.31",2026-03-20T03:41:54.623Z,177397811462300
"""Goober @ xKINFe6J18"" folds",2026-03-20T03:41:29.259Z,177397808925900
"""Eating @ 3GZqeC-ZoC"" folds",2026-03-20T03:41:28.133Z,177397808813300
"""Daveo da rula @ hL2HOafVVY"" raises to 1.50",2026-03-20T03:41:27.222Z,177397808722200
"""blessed @ qCJm12-9Fn"" folds",2026-03-20T03:41:25.082Z,177397808508200
"""eyz @ PFiA37ihL9"" posts a big blind of 0.50",2026-03-20T03:41:22.468Z,177397808246812
"""Triangle5 @ zn7jYkqxSJ"" posts a small blind of 0.25",2026-03-20T03:41:22.468Z,177397808246811
"Your hand is K♦, A♠",2026-03-20T03:41:22.468Z,177397808246810
"Player stacks: #1 ""blessed @ qCJm12-9Fn"" (88.52) | #2 ""Daveo da rula @ hL2HOafVVY"" (349.17) | #3 ""Eating @ 3GZqeC-ZoC"" (92.99) | #5 ""Goober @ xKINFe6J18"" (415.14) | #6 ""drak @ 5Zglli3yOZ"" (76.50) | #7 ""Brogod @ E_b3ONoyca"" (144.01) | #8 ""stacker @ cPdQESZJMN"" (211.38) | #9 ""Triangle5 @ zn7jYkqxSJ"" (91.12) | #10 ""eyz @ PFiA37ihL9"" (141.21)",2026-03-20T03:41:22.468Z,177397808246801
"-- starting hand #137 (id: jxwgerjsmsgd)  No Limit Texas Hold'em (dealer: ""stacker @ cPdQESZJMN"") --",2026-03-20T03:41:22.468Z,177397808246800
"""Brogod @ E_b3ONoyca"" shows a 5♦, A♦.",2026-03-20T03:41:20.865Z,177397808086500
"-- ending hand #136 --",2026-03-20T03:41:18.749Z,177397807874902
"""Daveo da rula @ hL2HOafVVY"" collected 45.00 from pot with Two Pair, A's & J's (combination: Q♥, J♥, J♠, A♣, A♥)",2026-03-20T03:41:18.749Z,177397807874901
"""Daveo da rula @ hL2HOafVVY"" shows a A♣, J♥.",2026-03-20T03:41:18.749Z,177397807874900
"""Brogod @ E_b3ONoyca"" checks",2026-03-20T03:41:17.877Z,177397807787700
"""Daveo da rula @ hL2HOafVVY"" checks",2026-03-20T03:41:13.028Z,177397807302800
"River: A♥, 10♥, 5♠, Q♥ [J♠]",2026-03-20T03:41:10.436Z,177397807043600
"""Brogod @ E_b3ONoyca"" checks",2026-03-20T03:41:09.625Z,177397806962500
"""Daveo da rula @ hL2HOafVVY"" checks",2026-03-20T03:41:06.560Z,177397806656000
"Turn: A♥, 10♥, 5♠ [Q♥]",2026-03-20T03:41:04.834Z,177397806483400
"""drak @ 5Zglli3yOZ"" folds",2026-03-20T03:41:04.009Z,177397806400900
"""Daveo da rula @ hL2HOafVVY"" calls 10.50",2026-03-20T03:41:03.141Z,177397806314100
"""Brogod @ E_b3ONoyca"" bets 10.50",2026-03-20T03:41:00.217Z,177397806021700
"""drak @ 5Zglli3yOZ"" checks",2026-03-20T03:40:56.048Z,177397805604800
"""Daveo da rula @ hL2HOafVVY"" checks",2026-03-20T03:40:55.103Z,177397805510300
"Flop:  [A♥, 10♥, 5♠]",2026-03-20T03:40:53.983Z,177397805398300
"""drak @ 5Zglli3yOZ"" calls 7.75",2026-03-20T03:40:53.137Z,177397805313700
"""Daveo da rula @ hL2HOafVVY"" calls 7.75",2026-03-20T03:40:51.786Z,177397805178600
"""Triangle5 @ zn7jYkqxSJ"" folds",2026-03-20T03:40:50.712Z,177397805071200
"""stacker @ cPdQESZJMN"" folds",2026-03-20T03:40:46.597Z,177397804659700
"""Brogod @ E_b3ONoyca"" raises to 7.75",2026-03-20T03:40:44.489Z,177397804448900
"""drak @ 5Zglli3yOZ"" calls 1.75",2026-03-20T03:40:40.705Z,177397804070500
"""Goober @ xKINFe6J18"" folds",2026-03-20T03:40:39.436Z,177397803943600
"""Eating @ 3GZqeC-ZoC"" folds",2026-03-20T03:40:38.317Z,177397803831700
"""Daveo da rula @ hL2HOafVVY"" raises to 1.75",2026-03-20T03:40:37.187Z,177397803718700
"""blessed @ qCJm12-9Fn"" folds",2026-03-20T03:40:35.073Z,177397803507300
"""eyz @ PFiA37ihL9"" folds",2026-03-20T03:40:34.136Z,177397803413600
"""Triangle5 @ zn7jYkqxSJ"" posts a big blind of 0.50",2026-03-20T03:40:33.122Z,177397803312212
"""stacker @ cPdQESZJMN"" posts a small blind of 0.25",2026-03-20T03:40:33.122Z,177397803312211
"Your hand is K♥, 3♥",2026-03-20T03:40:33.122Z,177397803312210
"Player stacks: #1 ""blessed @ qCJm12-9Fn"" (88.52) | #2 ""Daveo da rula @ hL2HOafVVY"" (322.42) | #3 ""Eating @ 3GZqeC-ZoC"" (92.99) | #5 ""Goober @ xKINFe6J18"" (415.14) | #6 ""drak @ 5Zglli3yOZ"" (84.25) | #7 ""Brogod @ E_b3ONoyca"" (162.26) | #8 ""stacker @ cPdQESZJMN"" (211.63) | #9 ""Triangle5 @ zn7jYkqxSJ"" (91.62) | #10 ""eyz @ PFiA37ihL9"" (141.21)",2026-03-20T03:40:33.122Z,177397803312201
"-- starting hand #136 (id: 3tzfs5djxpjt)  No Limit Texas Hold'em (dealer: ""Brogod @ E_b3ONoyca"") --",2026-03-20T03:40:33.122Z,177397803312200
"-- ending hand #135 --",2026-03-20T03:40:30.161Z,177397803016102
"""Eating @ 3GZqeC-ZoC"" collected 4.25 from pot",2026-03-20T03:40:30.161Z,177397803016101
"Uncalled bet of 2.00 returned to ""Eating @ 3GZqeC-ZoC""",2026-03-20T03:40:30.161Z,177397803016100
"""stacker @ cPdQESZJMN"" folds",2026-03-20T03:40:29.354Z,177397802935400
"""Eating @ 3GZqeC-ZoC"" bets 2.00",2026-03-20T03:40:09.950Z,177397800995000
"""stacker @ cPdQESZJMN"" checks",2026-03-20T03:40:06.241Z,177397800624100
"Flop:  [A♦, J♣, 5♥]",2026-03-20T03:40:02.735Z,177397800273500
"""stacker @ cPdQESZJMN"" calls 2.00",2026-03-20T03:40:01.883Z,177397800188300
"""Brogod @ E_b3ONoyca"" folds",2026-03-20T03:39:57.208Z,177397799720800
"""drak @ 5Zglli3yOZ"" folds",2026-03-20T03:39:44.320Z,177397798432000
"""Goober @ xKINFe6J18"" folds",2026-03-20T03:39:40.824Z,177397798082400
"""Eating @ 3GZqeC-ZoC"" raises to 2.00",2026-03-20T03:39:29.022Z,177397796902200
"""Daveo da rula @ hL2HOafVVY"" folds",2026-03-20T03:39:25.573Z,177397796557300
"""blessed @ qCJm12-9Fn"" folds",2026-03-20T03:39:11.911Z,177397795191100
"""eyz @ PFiA37ihL9"" folds",2026-03-20T03:39:11.013Z,177397795101300
"""Triangle5 @ zn7jYkqxSJ"" folds",2026-03-20T03:39:10.136Z,177397795013600
"""stacker @ cPdQESZJMN"" posts a big blind of 0.50",2026-03-20T03:39:08.566Z,177397794856612
"""Brogod @ E_b3ONoyca"" posts a small blind of 0.25",2026-03-20T03:39:08.566Z,177397794856611
"Your hand is 8♣, 2♠",2026-03-20T03:39:08.566Z,177397794856610
"Player stacks: #1 ""blessed @ qCJm12-9Fn"" (88.52) | #2 ""Daveo da rula @ hL2HOafVVY"" (322.42) | #3 ""Eating @ 3GZqeC-ZoC"" (90.74) | #5 ""Goober @ xKINFe6J18"" (415.14) | #6 ""drak @ 5Zglli3yOZ"" (84.25) | #7 ""Brogod @ E_b3ONoyca"" (162.51) | #8 ""stacker @ cPdQESZJMN"" (213.63) | #9 ""Triangle5 @ zn7jYkqxSJ"" (91.62) | #10 ""eyz @ PFiA37ihL9"" (141.21)",2026-03-20T03:39:08.566Z,177397794856601
"-- starting hand #135 (id: wtl2rcfjcxtm)  No Limit Texas Hold'em (dealer: ""drak @ 5Zglli3yOZ"") --",2026-03-20T03:39:08.566Z,177397794856600
"-- ending hand #134 --",2026-03-20T03:39:05.563Z,177397794556302
"""drak @ 5Zglli3yOZ"" collected 17.25 from pot",2026-03-20T03:39:05.563Z,177397794556301
"Uncalled bet of 8.62 returned to ""drak @ 5Zglli3yOZ""",2026-03-20T03:39:05.563Z,177397794556300
"""blessed @ qCJm12-9Fn"" folds",2026-03-20T03:39:04.641Z,177397794464100
"""drak @ 5Zglli3yOZ"" bets 8.62",2026-03-20T03:39:02.349Z,177397794234900
"Turn: Q♠, Q♥, 7♠ [2♣]",2026-03-20T03:38:59.558Z,177397793955800
"""blessed @ qCJm12-9Fn"" checks",2026-03-20T03:38:58.754Z,177397793875400
"""drak @ 5Zglli3yOZ"" checks",2026-03-20T03:38:55.225Z,177397793522500
"Flop:  [Q♠, Q♥, 7♠]",2026-03-20T03:38:52.855Z,177397793285500
"""Eating @ 3GZqeC-ZoC"" folds",2026-03-20T03:38:51.984Z,177397793198400
"""blessed @ qCJm12-9Fn"" calls 7.50",2026-03-20T03:38:50.975Z,177397793097500
"""Brogod @ E_b3ONoyca"" folds",2026-03-20T03:38:42.329Z,177397792232900
"""drak @ 5Zglli3yOZ"" raises to 7.50",2026-03-20T03:38:41.462Z,177397792146200
"""Goober @ xKINFe6J18"" folds",2026-03-20T03:38:38.864Z,177397791886400
"""Eating @ 3GZqeC-ZoC"" calls 1.75",2026-03-20T03:38:34.456Z,177397791445600
"""Daveo da rula @ hL2HOafVVY"" folds",2026-03-20T03:38:32.644Z,177397791264400
"""blessed @ qCJm12-9Fn"" raises to 1.75",2026-03-20T03:38:07.941Z,177397788794100
"""eyz @ PFiA37ihL9"" folds",2026-03-20T03:38:04.548Z,177397788454800
"""Triangle5 @ zn7jYkqxSJ"" folds",2026-03-20T03:38:03.121Z,177397788312100
"""stacker @ cPdQESZJMN"" folds",2026-03-20T03:38:02.149Z,177397788214900
"""Brogod @ E_b3ONoyca"" posts a big blind of 0.50",2026-03-20T03:38:00.595Z,177397788059513
"""drak @ 5Zglli3yOZ"" posts a small blind of 0.25",2026-03-20T03:38:00.595Z,177397788059512
"Your hand is 2♥, 9♣",2026-03-20T03:38:00.595Z,177397788059511
"Player stacks: #1 ""blessed @ qCJm12-9Fn"" (96.02) | #2 ""Daveo da rula @ hL2HOafVVY"" (322.42) | #3 ""Eating @ 3GZqeC-ZoC"" (92.49) | #5 ""Goober @ xKINFe6J18"" (415.14) | #6 ""drak @ 5Zglli3yOZ"" (74.50) | #7 ""Brogod @ E_b3ONoyca"" (163.01) | #8 ""stacker @ cPdQESZJMN"" (213.63) | #9 ""Triangle5 @ zn7jYkqxSJ"" (91.62) | #10 ""eyz @ PFiA37ihL9"" (141.21)",2026-03-20T03:38:00.595Z,177397788059502
"-- starting hand #134 (id: 6cfy216vn618)  No Limit Texas Hold'em (dealer: ""Goober @ xKINFe6J18"") --",2026-03-20T03:38:00.595Z,177397788059501
"The player ""Zona @ Zo0iDlVIxA"" stand up with the stack of 36.25.",2026-03-20T03:38:00.595Z,177397788059500
"-- ending hand #133 --",2026-03-20T03:37:57.587Z,177397787758702
"""Eating @ 3GZqeC-ZoC"" collected 44.36 from pot",2026-03-20T03:37:57.587Z,177397787758701
"Uncalled bet of 30.00 returned to ""Eating @ 3GZqeC-ZoC""",2026-03-20T03:37:57.587Z,177397787758700
"""eyz @ PFiA37ihL9"" folds",2026-03-20T03:37:56.722Z,177397787672200
"""Brogod @ E_b3ONoyca"" folds",2026-03-20T03:37:55.822Z,177397787582200
"""Eating @ 3GZqeC-ZoC"" bets 30.00",2026-03-20T03:37:53.011Z,177397787301100
"""eyz @ PFiA37ihL9"" checks",2026-03-20T03:37:48.490Z,177397786849000
"""Brogod @ E_b3ONoyca"" checks",2026-03-20T03:37:46.394Z,177397786639400
"River: Q♣, 7♣, 3♦, K♦ [10♠]",2026-03-20T03:37:42.400Z,177397786240000
"""Eating @ 3GZqeC-ZoC"" checks",2026-03-20T03:37:41.592Z,177397786159200
"""eyz @ PFiA37ihL9"" checks",2026-03-20T03:37:39.078Z,177397785907800
"""Brogod @ E_b3ONoyca"" checks",2026-03-20T03:37:34.188Z,177397785418800
"Turn: Q♣, 7♣, 3♦ [K♦]",2026-03-20T03:37:31.355Z,177397785135500
"""Brogod @ E_b3ONoyca"" calls 8.87",2026-03-20T03:37:30.396Z,177397785039600
"""Eating @ 3GZqeC-ZoC"" calls 8.87",2026-03-20T03:37:27.617Z,177397784761700
"""eyz @ PFiA37ihL9"" bets 8.87",2026-03-20T03:37:05.234Z,177397782523400
"""Brogod @ E_b3ONoyca"" checks",2026-03-20T03:37:00.346Z,177397782034600
"Flop:  [Q♣, 7♣, 3♦]",2026-03-20T03:36:57.112Z,177397781711200
"""blessed @ qCJm12-9Fn"" folds",2026-03-20T03:36:56.308Z,177397781630800
"""eyz @ PFiA37ihL9"" calls 5.00",2026-03-20T03:36:55.370Z,177397781537000
"""Triangle5 @ zn7jYkqxSJ"" folds",2026-03-20T03:36:54.456Z,177397781445600
"""Brogod @ E_b3ONoyca"" calls 5.00",2026-03-20T03:36:48.490Z,177397780849000
"""drak @ 5Zglli3yOZ"" folds",2026-03-20T03:36:46.351Z,177397780635100
"""Goober @ xKINFe6J18"" folds",2026-03-20T03:36:45.525Z,177397780552500
"""Zona @ Zo0iDlVIxA"" folds",2026-03-20T03:36:22.185Z,177397778218500
"""Eating @ 3GZqeC-ZoC"" raises to 5.00",2026-03-20T03:36:09.307Z,177397776930700
"""Daveo da rula @ hL2HOafVVY"" folds",2026-03-20T03:36:03.254Z,177397776325400
"""blessed @ qCJm12-9Fn"" calls 1.00",2026-03-20T03:36:02.226Z,177397776222600
"""eyz @ PFiA37ihL9"" calls 1.00",2026-03-20T03:35:59.167Z,177397775916700
"""Triangle5 @ zn7jYkqxSJ"" calls 1.00",2026-03-20T03:35:56.966Z,177397775696600
"""stacker @ cPdQESZJMN"" folds",2026-03-20T03:35:55.374Z,177397775537400
"""Brogod @ E_b3ONoyca"" raises to 1.00",2026-03-20T03:35:54.436Z,177397775443600
"""drak @ 5Zglli3yOZ"" posts a big blind of 0.50",2026-03-20T03:35:52.719Z,177397775271914
"""Goober @ xKINFe6J18"" posts a small blind of 0.25",2026-03-20T03:35:52.719Z,177397775271913
"Your hand is K♣, Q♠",2026-03-20T03:35:52.719Z,177397775271912
"Player stacks: #1 ""blessed @ qCJm12-9Fn"" (97.02) | #2 ""Daveo da rula @ hL2HOafVVY"" (322.42) | #3 ""Eating @ 3GZqeC-ZoC"" (62.00) | #4 ""Zona @ Zo0iDlVIxA"" (36.25) | #5 ""Goober @ xKINFe6J18"" (415.39) | #6 ""drak @ 5Zglli3yOZ"" (75.00) | #7 ""Brogod @ E_b3ONoyca"" (176.88) | #8 ""stacker @ cPdQESZJMN"" (213.63) | #9 ""Triangle5 @ zn7jYkqxSJ"" (92.62) | #10 ""eyz @ PFiA37ihL9"" (155.08)",2026-03-20T03:35:52.719Z,177397775271902
"-- starting hand #133 (id: nwycasnp1ann)  No Limit Texas Hold'em (dealer: ""Zona @ Zo0iDlVIxA"") --",2026-03-20T03:35:52.719Z,177397775271901
"The player ""drak @ 5Zglli3yOZ"" joined the game with a stack of 75.00.",2026-03-20T03:35:52.719Z,177397775271900
"""Daveo da rula @ hL2HOafVVY"" shows a 8♦, J♦.",2026-03-20T03:35:51.116Z,177397775111600
"-- ending hand #132 --",2026-03-20T03:35:49.113Z,177397774911302
"""Daveo da rula @ hL2HOafVVY"" collected 138.74 from pot",2026-03-20T03:35:49.113Z,177397774911301
"Uncalled bet of 69.37 returned to ""Daveo da rula @ hL2HOafVVY""",2026-03-20T03:35:49.113Z,177397774911300
"""Brogod @ E_b3ONoyca"" folds",2026-03-20T03:35:48.276Z,177397774827600
"""Daveo da rula @ hL2HOafVVY"" bets 69.37",2026-03-20T03:35:39.868Z,177397773986800
"""Brogod @ E_b3ONoyca"" checks",2026-03-20T03:35:29.215Z,177397772921500
"River: 9♠, A♣, 7♠, 6♦ [Q♥]",2026-03-20T03:35:25.923Z,177397772592300
"""Brogod @ E_b3ONoyca"" calls 51.62",2026-03-20T03:35:25.119Z,177397772511900
"""Daveo da rula @ hL2HOafVVY"" raises to 51.62",2026-03-20T03:35:19.496Z,177397771949600
"""Brogod @ E_b3ONoyca"" bets 10.00",2026-03-20T03:35:11.869Z,177397771186900
"Turn: 9♠, A♣, 7♠ [6♦]",2026-03-20T03:35:04.184Z,177397770418400
"""Daveo da rula @ hL2HOafVVY"" checks",2026-03-20T03:35:03.333Z,177397770333300
"""Brogod @ E_b3ONoyca"" checks",2026-03-20T03:34:59.296Z,177397769929600
"Flop:  [9♠, A♣, 7♠]",2026-03-20T03:34:56.808Z,177397769680800
"""Eating @ 3GZqeC-ZoC"" folds",2026-03-20T03:34:55.997Z,177397769599700
"""Daveo da rula @ hL2HOafVVY"" calls 15.25",2026-03-20T03:34:55.096Z,177397769509600
"""blessed @ qCJm12-9Fn"" folds",2026-03-20T03:34:46.302Z,177397768630200
"""eyz @ PFiA37ihL9"" folds",2026-03-20T03:34:44.854Z,177397768485400
"""Brogod @ E_b3ONoyca"" raises to 15.25",2026-03-20T03:34:43.608Z,177397768360800
"""Goober @ xKINFe6J18"" folds",2026-03-20T03:34:39.456Z,177397767945600
"""Zona @ Zo0iDlVIxA"" folds",2026-03-20T03:34:38.556Z,177397767855600
"The admin approved the player ""drak @ 5Zglli3yOZ"" participation with a stack of 75.00.",2026-03-20T03:34:29.466Z,177397766946600
"""Eating @ 3GZqeC-ZoC"" calls 3.25",2026-03-20T03:34:25.719Z,177397766571900
"""Daveo da rula @ hL2HOafVVY"" raises to 3.25",2026-03-20T03:34:24.209Z,177397766420900
"""blessed @ qCJm12-9Fn"" calls 0.50",2026-03-20T03:34:19.808Z,177397765980800
"""eyz @ PFiA37ihL9"" calls 0.50",2026-03-20T03:34:18.025Z,177397765802500
"""Triangle5 @ zn7jYkqxSJ"" folds",2026-03-20T03:34:16.892Z,177397765689200
"""stacker @ cPdQESZJMN"" folds",2026-03-20T03:34:15.870Z,177397765587000
"""Brogod @ E_b3ONoyca"" calls 0.50",2026-03-20T03:34:12.167Z,177397765216700
"""Goober @ xKINFe6J18"" posts a big blind of 0.50",2026-03-20T03:34:10.337Z,177397765033712
"""Zona @ Zo0iDlVIxA"" posts a small blind of 0.25",2026-03-20T03:34:10.337Z,177397765033711
"Your hand is 4♦, 4♠",2026-03-20T03:34:10.337Z,177397765033710
"Player stacks: #1 ""blessed @ qCJm12-9Fn"" (97.52) | #2 ""Daveo da rula @ hL2HOafVVY"" (250.55) | #3 ""Eating @ 3GZqeC-ZoC"" (65.25) | #4 ""Zona @ Zo0iDlVIxA"" (36.50) | #5 ""Goober @ xKINFe6J18"" (415.89) | #7 ""Brogod @ E_b3ONoyca"" (243.75) | #8 ""stacker @ cPdQESZJMN"" (213.63) | #9 ""Triangle5 @ zn7jYkqxSJ"" (92.62) | #10 ""eyz @ PFiA37ihL9"" (155.58)",2026-03-20T03:34:10.337Z,177397765033701
"-- starting hand #132 (id: hmc6yz78thth)  No Limit Texas Hold'em (dealer: ""Eating @ 3GZqeC-ZoC"") --",2026-03-20T03:34:10.337Z,177397765033700
"-- ending hand #131 --",2026-03-20T03:34:07.397Z,177397764739702
"""blessed @ qCJm12-9Fn"" collected 34.49 from pot",2026-03-20T03:34:07.397Z,177397764739701
"Uncalled bet of 17.24 returned to ""blessed @ qCJm12-9Fn""",2026-03-20T03:34:07.397Z,177397764739700
"""Daveo da rula @ hL2HOafVVY"" folds",2026-03-20T03:34:06.537Z,177397764653700
"""blessed @ qCJm12-9Fn"" bets 17.24",2026-03-20T03:34:05.541Z,177397764554100
"River: 5♠, 10♠, 4♠, Q♣ [Q♦]",2026-03-20T03:34:03.099Z,177397764309900
"""Daveo da rula @ hL2HOafVVY"" checks",2026-03-20T03:34:02.274Z,177397764227400
"""blessed @ qCJm12-9Fn"" checks",2026-03-20T03:34:00.853Z,177397764085300
"Turn: 5♠, 10♠, 4♠ [Q♣]",2026-03-20T03:34:00.208Z,177397764020800
"""blessed @ qCJm12-9Fn"" calls 8.62",2026-03-20T03:33:59.358Z,177397763935800
"""Daveo da rula @ hL2HOafVVY"" bets 8.62",2026-03-20T03:33:58.076Z,177397763807600
"""blessed @ qCJm12-9Fn"" checks",2026-03-20T03:33:54.832Z,177397763483200
"Flop:  [5♠, 10♠, 4♠]",2026-03-20T03:33:53.880Z,177397763388000
"""blessed @ qCJm12-9Fn"" calls 8.00",2026-03-20T03:33:53.069Z,177397763306900
"""Goober @ xKINFe6J18"" folds",2026-03-20T03:33:51.722Z,177397763172200
"""Zona @ Zo0iDlVIxA"" folds",2026-03-20T03:33:50.790Z,177397763079000
"""Eating @ 3GZqeC-ZoC"" folds",2026-03-20T03:33:42.343Z,177397762234300
"""Daveo da rula @ hL2HOafVVY"" raises to 8.00",2026-03-20T03:33:41.424Z,177397762142400
"""blessed @ qCJm12-9Fn"" raises to 2.25",2026-03-20T03:33:26.548Z,177397760654800
"""eyz @ PFiA37ihL9"" folds",2026-03-20T03:33:22.878Z,177397760287800
"""Triangle5 @ zn7jYkqxSJ"" folds",2026-03-20T03:33:22.031Z,177397760203100
"""stacker @ cPdQESZJMN"" folds",2026-03-20T03:33:21.027Z,177397760102700
"""Brogod @ E_b3ONoyca"" folds",2026-03-20T03:33:15.983Z,177397759598300
"""Goober @ xKINFe6J18"" calls 0.50",2026-03-20T03:33:15.059Z,177397759505900
"""Zona @ Zo0iDlVIxA"" posts a big blind of 0.50",2026-03-20T03:33:11.661Z,177397759166112
"""Eating @ 3GZqeC-ZoC"" posts a small blind of 0.25",2026-03-20T03:33:11.661Z,177397759166111
"Your hand is 3♦, K♣",2026-03-20T03:33:11.661Z,177397759166110
"Player stacks: #1 ""blessed @ qCJm12-9Fn"" (79.65) | #2 ""Daveo da rula @ hL2HOafVVY"" (267.17) | #3 ""Eating @ 3GZqeC-ZoC"" (65.50) | #4 ""Zona @ Zo0iDlVIxA"" (37.00) | #5 ""Goober @ xKINFe6J18"" (416.39) | #7 ""Brogod @ E_b3ONoyca"" (243.75) | #8 ""stacker @ cPdQESZJMN"" (213.63) | #9 ""Triangle5 @ zn7jYkqxSJ"" (92.62) | #10 ""eyz @ PFiA37ihL9"" (155.58)",2026-03-20T03:33:11.661Z,177397759166101
"-- starting hand #131 (id: yf95ntcf9yz0)  No Limit Texas Hold'em (dealer: ""Daveo da rula @ hL2HOafVVY"") --",2026-03-20T03:33:11.661Z,177397759166100
"-- ending hand #130 --",2026-03-20T03:33:08.732Z,177397758873202
"""Brogod @ E_b3ONoyca"" collected 5.00 from pot",2026-03-20T03:33:08.732Z,177397758873201
"Uncalled bet of 2.50 returned to ""Brogod @ E_b3ONoyca""",2026-03-20T03:33:08.732Z,177397758873200
"""Daveo da rula @ hL2HOafVVY"" folds",2026-03-20T03:33:07.914Z,177397758791400
"""blessed @ qCJm12-9Fn"" folds",2026-03-20T03:33:06.659Z,177397758665900
"""Brogod @ E_b3ONoyca"" bets 2.50",2026-03-20T03:33:05.506Z,177397758550600
"""Daveo da rula @ hL2HOafVVY"" checks",2026-03-20T03:33:03.120Z,177397758312000
"Flop:  [6♥, 5♥, K♠]",2026-03-20T03:33:01.937Z,177397758193700
"""Eating @ 3GZqeC-ZoC"" folds",2026-03-20T03:33:01.038Z,177397758103800
"""Daveo da rula @ hL2HOafVVY"" calls 1.50",2026-03-20T03:32:58.866Z,177397757886600
"""blessed @ qCJm12-9Fn"" calls 1.50",2026-03-20T03:32:57.305Z,177397757730500
"""eyz @ PFiA37ihL9"" folds",2026-03-20T03:32:56.289Z,177397757628900
"""Triangle5 @ zn7jYkqxSJ"" folds",2026-03-20T03:32:55.349Z,177397757534900
"""stacker @ cPdQESZJMN"" folds",2026-03-20T03:32:53.521Z,177397757352100
"""Brogod @ E_b3ONoyca"" raises to 1.50",2026-03-20T03:32:52.595Z,177397757259500
"""Goober @ xKINFe6J18"" folds",2026-03-20T03:32:50.530Z,177397757053000
"""Zona @ Zo0iDlVIxA"" folds",2026-03-20T03:32:42.317Z,177397756231700
"The player ""drak @ 5Zglli3yOZ"" requested a seat.",2026-03-20T03:32:39.437Z,177397755943700
"""Eating @ 3GZqeC-ZoC"" posts a big blind of 0.50",2026-03-20T03:32:39.254Z,177397755925412
"""Daveo da rula @ hL2HOafVVY"" posts a small blind of 0.25",2026-03-20T03:32:39.254Z,177397755925411
"Your hand is 2♥, K♣",2026-03-20T03:32:39.254Z,177397755925410
"Player stacks: #1 ""blessed @ qCJm12-9Fn"" (81.15) | #2 ""Daveo da rula @ hL2HOafVVY"" (268.67) | #3 ""Eating @ 3GZqeC-ZoC"" (66.00) | #4 ""Zona @ Zo0iDlVIxA"" (37.00) | #5 ""Goober @ xKINFe6J18"" (416.39) | #7 ""Brogod @ E_b3ONoyca"" (240.25) | #8 ""stacker @ cPdQESZJMN"" (213.63) | #9 ""Triangle5 @ zn7jYkqxSJ"" (92.62) | #10 ""eyz @ PFiA37ihL9"" (155.58)",2026-03-20T03:32:39.254Z,177397755925401
"-- starting hand #130 (id: yozadfh9pl7p)  No Limit Texas Hold'em (dealer: ""blessed @ qCJm12-9Fn"") --",2026-03-20T03:32:39.254Z,177397755925400
"-- ending hand #129 --",2026-03-20T03:32:36.295Z,177397755629502
"""Daveo da rula @ hL2HOafVVY"" collected 4.50 from pot",2026-03-20T03:32:36.295Z,177397755629501
"Uncalled bet of 5.50 returned to ""Daveo da rula @ hL2HOafVVY""",2026-03-20T03:32:36.295Z,177397755629500
"""blessed @ qCJm12-9Fn"" folds",2026-03-20T03:32:35.463Z,177397755546300
"""eyz @ PFiA37ihL9"" folds",2026-03-20T03:32:30.662Z,177397755066200
"""Daveo da rula @ hL2HOafVVY"" raises to 7.00",2026-03-20T03:32:26.376Z,177397754637600
"""blessed @ qCJm12-9Fn"" calls 1.50",2026-03-20T03:32:22.813Z,177397754281300
"""eyz @ PFiA37ihL9"" raises to 1.50",2026-03-20T03:32:18.211Z,177397753821100
"""Triangle5 @ zn7jYkqxSJ"" folds",2026-03-20T03:32:15.446Z,177397753544600
"""stacker @ cPdQESZJMN"" folds",2026-03-20T03:32:14.477Z,177397753447700
"""Brogod @ E_b3ONoyca"" folds",2026-03-20T03:32:01.394Z,177397752139400
"""Goober @ xKINFe6J18"" folds",2026-03-20T03:32:00.526Z,177397752052600
"""Zona @ Zo0iDlVIxA"" folds",2026-03-20T03:31:59.538Z,177397751953800
"""Eating @ 3GZqeC-ZoC"" folds",2026-03-20T03:31:58.539Z,177397751853900
"""Daveo da rula @ hL2HOafVVY"" posts a big blind of 0.50",2026-03-20T03:31:55.339Z,177397751533912
"""blessed @ qCJm12-9Fn"" posts a small blind of 0.25",2026-03-20T03:31:55.339Z,177397751533911
"Your hand is 7♣, A♥",2026-03-20T03:31:55.339Z,177397751533910
"Player stacks: #1 ""blessed @ qCJm12-9Fn"" (82.65) | #2 ""Daveo da rula @ hL2HOafVVY"" (265.67) | #3 ""Eating @ 3GZqeC-ZoC"" (66.00) | #4 ""Zona @ Zo0iDlVIxA"" (37.00) | #5 ""Goober @ xKINFe6J18"" (416.39) | #7 ""Brogod @ E_b3ONoyca"" (240.25) | #8 ""stacker @ cPdQESZJMN"" (213.63) | #9 ""Triangle5 @ zn7jYkqxSJ"" (92.62) | #10 ""eyz @ PFiA37ihL9"" (157.08)",2026-03-20T03:31:55.339Z,177397751533901
"-- starting hand #129 (id: oqeinxxxd6jh)  No Limit Texas Hold'em (dealer: ""eyz @ PFiA37ihL9"") --",2026-03-20T03:31:55.339Z,177397751533900
"-- ending hand #128 --",2026-03-20T03:31:52.433Z,177397751243302
"""Zona @ Zo0iDlVIxA"" collected 1.25 from pot",2026-03-20T03:31:52.433Z,177397751243301
"Uncalled bet of 1.25 returned to ""Zona @ Zo0iDlVIxA""",2026-03-20T03:31:52.433Z,177397751243300
"""blessed @ qCJm12-9Fn"" folds",2026-03-20T03:31:51.597Z,177397751159700
"""eyz @ PFiA37ihL9"" folds",2026-03-20T03:31:50.741Z,177397751074100
"""Triangle5 @ zn7jYkqxSJ"" folds",2026-03-20T03:31:49.847Z,177397750984700
"""stacker @ cPdQESZJMN"" folds",2026-03-20T03:31:48.895Z,177397750889500
"""Brogod @ E_b3ONoyca"" folds",2026-03-20T03:31:36.258Z,177397749625800
"""Goober @ xKINFe6J18"" folds",2026-03-20T03:31:35.333Z,177397749533300
"""Zona @ Zo0iDlVIxA"" raises to 1.75",2026-03-20T03:31:34.321Z,177397749432100
"""Eating @ 3GZqeC-ZoC"" folds",2026-03-20T03:31:29.807Z,177397748980700
"""Daveo da rula @ hL2HOafVVY"" folds",2026-03-20T03:31:28.884Z,177397748888400
"""blessed @ qCJm12-9Fn"" posts a big blind of 0.50",2026-03-20T03:31:27.359Z,177397748735912
"""eyz @ PFiA37ihL9"" posts a small blind of 0.25",2026-03-20T03:31:27.359Z,177397748735911
"Your hand is 2♥, 8♦",2026-03-20T03:31:27.359Z,177397748735910
"Player stacks: #1 ""blessed @ qCJm12-9Fn"" (83.15) | #2 ""Daveo da rula @ hL2HOafVVY"" (265.67) | #3 ""Eating @ 3GZqeC-ZoC"" (66.00) | #4 ""Zona @ Zo0iDlVIxA"" (36.25) | #5 ""Goober @ xKINFe6J18"" (416.39) | #7 ""Brogod @ E_b3ONoyca"" (240.25) | #8 ""stacker @ cPdQESZJMN"" (213.63) | #9 ""Triangle5 @ zn7jYkqxSJ"" (92.62) | #10 ""eyz @ PFiA37ihL9"" (157.33)",2026-03-20T03:31:27.359Z,177397748735901
"-- starting hand #128 (id: hvh5hnd6bd49)  No Limit Texas Hold'em (dealer: ""Triangle5 @ zn7jYkqxSJ"") --",2026-03-20T03:31:27.359Z,177397748735900
"-- ending hand #127 --",2026-03-20T03:31:24.440Z,177397748444002
"""Brogod @ E_b3ONoyca"" collected 28.00 from pot",2026-03-20T03:31:24.440Z,177397748444001
"Uncalled bet of 14.00 returned to ""Brogod @ E_b3ONoyca""",2026-03-20T03:31:24.440Z,177397748444000
"""Daveo da rula @ hL2HOafVVY"" folds",2026-03-20T03:31:23.635Z,177397748363500
"""Brogod @ E_b3ONoyca"" bets 14.00",2026-03-20T03:31:18.505Z,177397747850500
"""Daveo da rula @ hL2HOafVVY"" checks",2026-03-20T03:31:16.007Z,177397747600700
"Flop:  [6♦, 4♦, 9♠]",2026-03-20T03:31:14.725Z,177397747472500
"""Goober @ xKINFe6J18"" folds",2026-03-20T03:31:13.910Z,177397747391000
"""Daveo da rula @ hL2HOafVVY"" calls 12.25",2026-03-20T03:31:13.002Z,177397747300200
"""blessed @ qCJm12-9Fn"" folds",2026-03-20T03:31:11.994Z,177397747199400
"""eyz @ PFiA37ihL9"" folds",2026-03-20T03:31:10.395Z,177397747039500
"""Triangle5 @ zn7jYkqxSJ"" folds",2026-03-20T03:31:09.489Z,177397746948900
"""stacker @ cPdQESZJMN"" folds",2026-03-20T03:31:01.431Z,177397746143100
"""Brogod @ E_b3ONoyca"" raises to 12.25",2026-03-20T03:31:00.482Z,177397746048200
"""Goober @ xKINFe6J18"" calls 2.25",2026-03-20T03:30:52.880Z,177397745288000
"""Zona @ Zo0iDlVIxA"" folds",2026-03-20T03:30:47.195Z,177397744719500
"""Eating @ 3GZqeC-ZoC"" folds",2026-03-20T03:30:40.366Z,177397744036600
"""Daveo da rula @ hL2HOafVVY"" raises to 2.25",2026-03-20T03:30:39.436Z,177397743943600
"""blessed @ qCJm12-9Fn"" calls 0.50",2026-03-20T03:30:36.912Z,177397743691200
"""eyz @ PFiA37ihL9"" posts a big blind of 0.50",2026-03-20T03:30:34.095Z,177397743409512
"""Triangle5 @ zn7jYkqxSJ"" posts a small blind of 0.25",2026-03-20T03:30:34.095Z,177397743409511
"Your hand is 8♠, 10♣",2026-03-20T03:30:34.095Z,177397743409510
"Player stacks: #1 ""blessed @ qCJm12-9Fn"" (83.65) | #2 ""Daveo da rula @ hL2HOafVVY"" (277.92) | #3 ""Eating @ 3GZqeC-ZoC"" (66.00) | #4 ""Zona @ Zo0iDlVIxA"" (36.25) | #5 ""Goober @ xKINFe6J18"" (418.64) | #7 ""Brogod @ E_b3ONoyca"" (224.50) | #8 ""stacker @ cPdQESZJMN"" (213.63) | #9 ""Triangle5 @ zn7jYkqxSJ"" (92.87) | #10 ""eyz @ PFiA37ihL9"" (157.83)",2026-03-20T03:30:34.095Z,177397743409501
"-- starting hand #127 (id: ng8bppozsoer)  No Limit Texas Hold'em (dealer: ""stacker @ cPdQESZJMN"") --",2026-03-20T03:30:34.095Z,177397743409500
"-- ending hand #126 --",2026-03-20T03:30:31.171Z,177397743117102
"""Zona @ Zo0iDlVIxA"" collected 1.75 from pot",2026-03-20T03:30:31.171Z,177397743117101
"Uncalled bet of 2.50 returned to ""Zona @ Zo0iDlVIxA""",2026-03-20T03:30:31.171Z,177397743117100
"""Triangle5 @ zn7jYkqxSJ"" folds",2026-03-20T03:30:30.368Z,177397743036800
"""Brogod @ E_b3ONoyca"" folds",2026-03-20T03:30:25.692Z,177397742569200
"""Zona @ Zo0iDlVIxA"" bets 2.50",2026-03-20T03:30:24.387Z,177397742438700
"""Triangle5 @ zn7jYkqxSJ"" checks",2026-03-20T03:30:19.279Z,177397741927900
"Turn: 9♣, K♥, Q♠ [6♣]",2026-03-20T03:30:14.639Z,177397741463900
"""Brogod @ E_b3ONoyca"" checks",2026-03-20T03:30:13.823Z,177397741382300
"""Zona @ Zo0iDlVIxA"" checks",2026-03-20T03:30:12.878Z,177397741287800
"""Triangle5 @ zn7jYkqxSJ"" checks",2026-03-20T03:29:52.668Z,177397739266800
"Flop:  [9♣, K♥, Q♠]",2026-03-20T03:29:50.182Z,177397739018200
"""Triangle5 @ zn7jYkqxSJ"" checks",2026-03-20T03:29:49.321Z,177397738932100
"""stacker @ cPdQESZJMN"" folds",2026-03-20T03:29:46.177Z,177397738617700
"""Brogod @ E_b3ONoyca"" calls 0.50",2026-03-20T03:29:45.250Z,177397738525000
"""Goober @ xKINFe6J18"" folds",2026-03-20T03:29:43.126Z,177397738312600
"""Zona @ Zo0iDlVIxA"" calls 0.50",2026-03-20T03:29:42.202Z,177397738220200
"""Eating @ 3GZqeC-ZoC"" folds",2026-03-20T03:29:30.262Z,177397737026200
"""Daveo da rula @ hL2HOafVVY"" folds",2026-03-20T03:29:29.364Z,177397736936400
"""blessed @ qCJm12-9Fn"" folds",2026-03-20T03:29:28.208Z,177397736820800
"""eyz @ PFiA37ihL9"" folds",2026-03-20T03:29:26.797Z,177397736679700
"""Triangle5 @ zn7jYkqxSJ"" posts a big blind of 0.50",2026-03-20T03:29:25.565Z,177397736556512
"""stacker @ cPdQESZJMN"" posts a small blind of 0.25",2026-03-20T03:29:25.565Z,177397736556511
"Your hand is 3♠, Q♥",2026-03-20T03:29:25.565Z,177397736556510
"Player stacks: #1 ""blessed @ qCJm12-9Fn"" (83.65) | #2 ""Daveo da rula @ hL2HOafVVY"" (277.92) | #3 ""Eating @ 3GZqeC-ZoC"" (66.00) | #4 ""Zona @ Zo0iDlVIxA"" (35.00) | #5 ""Goober @ xKINFe6J18"" (418.64) | #7 ""Brogod @ E_b3ONoyca"" (225.00) | #8 ""stacker @ cPdQESZJMN"" (213.88) | #9 ""Triangle5 @ zn7jYkqxSJ"" (93.37) | #10 ""eyz @ PFiA37ihL9"" (157.83)",2026-03-20T03:29:25.565Z,177397736556501
"-- starting hand #126 (id: b7sdihzp93gk)  No Limit Texas Hold'em (dealer: ""Brogod @ E_b3ONoyca"") --",2026-03-20T03:29:25.565Z,177397736556500
"-- ending hand #125 --",2026-03-20T03:29:22.549Z,177397736254902
"""stacker @ cPdQESZJMN"" collected 83.66 from pot with Pair, K's (combination: 9♦, Q♥, A♠, K♦, K♣)",2026-03-20T03:29:22.549Z,177397736254901
"""blessed @ qCJm12-9Fn"" collected 83.65 from pot with Pair, K's (combination: 9♦, Q♥, A♦, K♥, K♣)",2026-03-20T03:29:22.549Z,177397736254900
"River: Q♥, 9♦, 2♣, 4♦ [K♣]",2026-03-20T03:29:18.501Z,177397735850100
"Turn: Q♥, 9♦, 2♣ [4♦]",2026-03-20T03:29:14.490Z,177397735449000
"Flop:  [Q♥, 9♦, 2♣]",2026-03-20T03:29:10.468Z,177397735046800
"""stacker @ cPdQESZJMN"" shows a A♠, K♦.",2026-03-20T03:29:06.400Z,177397734640002
"""blessed @ qCJm12-9Fn"" shows a A♦, K♥.",2026-03-20T03:29:06.400Z,177397734640001
"Uncalled bet of 130.22 returned to ""stacker @ cPdQESZJMN""",2026-03-20T03:29:06.400Z,177397734640000
"""Goober @ xKINFe6J18"" folds",2026-03-20T03:29:05.565Z,177397734556500
"""Zona @ Zo0iDlVIxA"" folds",2026-03-20T03:29:01.139Z,177397734113900
"""Eating @ 3GZqeC-ZoC"" folds",2026-03-20T03:28:59.828Z,177397733982800
"""Daveo da rula @ hL2HOafVVY"" folds",2026-03-20T03:28:58.613Z,177397733861300
"""blessed @ qCJm12-9Fn"" calls 77.53 and go all in",2026-03-20T03:28:57.666Z,177397733766600
"""stacker @ cPdQESZJMN"" raises to 207.75 and go all in",2026-03-20T03:28:53.424Z,177397733342400
"""Brogod @ E_b3ONoyca"" folds",2026-03-20T03:28:47.191Z,177397732719100
"""Goober @ xKINFe6J18"" calls 3.00",2026-03-20T03:28:46.208Z,177397732620800
"""Zona @ Zo0iDlVIxA"" calls 3.00",2026-03-20T03:28:44.907Z,177397732490700
"""Eating @ 3GZqeC-ZoC"" calls 3.00",2026-03-20T03:28:13.724Z,177397729372400
"""Daveo da rula @ hL2HOafVVY"" calls 3.00",2026-03-20T03:28:04.736Z,177397728473600
"""blessed @ qCJm12-9Fn"" raises to 3.00",2026-03-20T03:28:03.451Z,177397728345100
"""eyz @ PFiA37ihL9"" folds",2026-03-20T03:27:56.648Z,177397727664800
"""Triangle5 @ zn7jYkqxSJ"" folds",2026-03-20T03:27:55.751Z,177397727575100
"""stacker @ cPdQESZJMN"" posts a big blind of 0.50",2026-03-20T03:27:53.923Z,177397727392312
"""Brogod @ E_b3ONoyca"" posts a small blind of 0.25",2026-03-20T03:27:53.923Z,177397727392311
"Your hand is 8♦, 2♠",2026-03-20T03:27:53.923Z,177397727392310
"Player stacks: #1 ""blessed @ qCJm12-9Fn"" (77.53) | #2 ""Daveo da rula @ hL2HOafVVY"" (280.92) | #3 ""Eating @ 3GZqeC-ZoC"" (69.00) | #4 ""Zona @ Zo0iDlVIxA"" (38.00) | #5 ""Goober @ xKINFe6J18"" (421.64) | #7 ""Brogod @ E_b3ONoyca"" (225.25) | #8 ""stacker @ cPdQESZJMN"" (207.75) | #9 ""Triangle5 @ zn7jYkqxSJ"" (93.37) | #10 ""eyz @ PFiA37ihL9"" (157.83)",2026-03-20T03:27:53.923Z,177397727392301
"-- starting hand #125 (id: ehn13grxmsac)  No Limit Texas Hold'em (dealer: ""Goober @ xKINFe6J18"") --",2026-03-20T03:27:53.923Z,177397727392300
"-- ending hand #124 --",2026-03-20T03:27:50.972Z,177397727097202
"""stacker @ cPdQESZJMN"" collected 11.50 from pot",2026-03-20T03:27:50.972Z,177397727097201
"Uncalled bet of 6.75 returned to ""stacker @ cPdQESZJMN""",2026-03-20T03:27:50.972Z,177397727097200
"""Brogod @ E_b3ONoyca"" folds",2026-03-20T03:27:50.157Z,177397727015700
"""Daveo da rula @ hL2HOafVVY"" folds",2026-03-20T03:27:49.102Z,177397726910200
"""stacker @ cPdQESZJMN"" bets 6.75",2026-03-20T03:27:47.186Z,177397726718600
"""Brogod @ E_b3ONoyca"" checks",2026-03-20T03:27:44.394Z,177397726439400
"Turn: 10♠, 2♦, 8♣ [6♠]",2026-03-20T03:27:41.561Z,177397726156100
"""Daveo da rula @ hL2HOafVVY"" checks",2026-03-20T03:27:40.742Z,177397726074200
"""stacker @ cPdQESZJMN"" checks",2026-03-20T03:27:39.753Z,177397725975300
"""Brogod @ E_b3ONoyca"" checks",2026-03-20T03:27:36.540Z,177397725654000
"Flop:  [10♠, 2♦, 8♣]",2026-03-20T03:27:33.558Z,177397725355800
"""stacker @ cPdQESZJMN"" calls 3.75",2026-03-20T03:27:32.679Z,177397725267900
"""Brogod @ E_b3ONoyca"" calls 3.75",2026-03-20T03:27:30.304Z,177397725030400
"""Goober @ xKINFe6J18"" folds",2026-03-20T03:27:28.325Z,177397724832500
"""Zona @ Zo0iDlVIxA"" folds",2026-03-20T03:27:27.328Z,177397724732800
"""Eating @ 3GZqeC-ZoC"" folds",2026-03-20T03:27:21.199Z,177397724119900
"""Daveo da rula @ hL2HOafVVY"" raises to 3.75",2026-03-20T03:27:20.272Z,177397724027200
"""blessed @ qCJm12-9Fn"" folds",2026-03-20T03:27:16.756Z,177397723675600
"""eyz @ PFiA37ihL9"" folds",2026-03-20T03:27:14.066Z,177397723406600
"""Triangle5 @ zn7jYkqxSJ"" folds",2026-03-20T03:27:13.053Z,177397723305300
"""stacker @ cPdQESZJMN"" raises to 1.00",2026-03-20T03:27:12.049Z,177397723204900
"""Brogod @ E_b3ONoyca"" posts a big blind of 0.50",2026-03-20T03:27:08.551Z,177397722855114
"""Goober @ xKINFe6J18"" posts a small blind of 0.25",2026-03-20T03:27:08.551Z,177397722855113
"Your hand is 3♦, J♦",2026-03-20T03:27:08.551Z,177397722855112
"Player stacks: #1 ""blessed @ qCJm12-9Fn"" (77.53) | #2 ""Daveo da rula @ hL2HOafVVY"" (284.67) | #3 ""Eating @ 3GZqeC-ZoC"" (69.00) | #4 ""Zona @ Zo0iDlVIxA"" (38.00) | #5 ""Goober @ xKINFe6J18"" (421.89) | #7 ""Brogod @ E_b3ONoyca"" (229.00) | #8 ""stacker @ cPdQESZJMN"" (200.00) | #9 ""Triangle5 @ zn7jYkqxSJ"" (93.37) | #10 ""eyz @ PFiA37ihL9"" (157.83)",2026-03-20T03:27:08.551Z,177397722855103
"-- starting hand #124 (id: bnznpdugqtrr)  No Limit Texas Hold'em (dealer: ""Zona @ Zo0iDlVIxA"") --",2026-03-20T03:27:08.551Z,177397722855102
"The player ""chasingflushie @ E1NtDR8Iy-"" quits the game with a stack of 215.75.",2026-03-20T03:27:08.551Z,177397722855101
"The player ""chasingflushie @ E1NtDR8Iy-"" stand up with the stack of 215.75.",2026-03-20T03:27:08.551Z,177397722855100
"-- ending hand #123 --",2026-03-20T03:27:05.638Z,177397722563802
"""Daveo da rula @ hL2HOafVVY"" collected 3.75 from pot",2026-03-20T03:27:05.638Z,177397722563801
"Uncalled bet of 3.75 returned to ""Daveo da rula @ hL2HOafVVY""",2026-03-20T03:27:05.638Z,177397722563800
"""Goober @ xKINFe6J18"" folds",2026-03-20T03:27:04.809Z,177397722480900
"""Daveo da rula @ hL2HOafVVY"" bets 3.75",2026-03-20T03:27:03.409Z,177397722340900
"""Goober @ xKINFe6J18"" checks",2026-03-20T03:27:00.680Z,177397722068000
"Flop:  [6♦, 9♥, 10♠]",2026-03-20T03:26:43.370Z,177397720337000
"""Goober @ xKINFe6J18"" calls 1.75",2026-03-20T03:26:42.543Z,177397720254300
"""Zona @ Zo0iDlVIxA"" folds",2026-03-20T03:26:34.673Z,177397719467300
"""Eating @ 3GZqeC-ZoC"" folds",2026-03-20T03:26:33.649Z,177397719364900
"""Daveo da rula @ hL2HOafVVY"" raises to 1.75",2026-03-20T03:26:32.512Z,177397719251200
"""blessed @ qCJm12-9Fn"" folds",2026-03-20T03:26:27.138Z,177397718713800
"""eyz @ PFiA37ihL9"" folds",2026-03-20T03:26:26.231Z,177397718623100
"""Triangle5 @ zn7jYkqxSJ"" folds",2026-03-20T03:26:25.356Z,177397718535600
"""stacker @ cPdQESZJMN"" folds",2026-03-20T03:26:24.435Z,177397718443500
"""Brogod @ E_b3ONoyca"" folds",2026-03-20T03:26:15.953Z,177397717595300
"""chasingflushie @ E1NtDR8Iy-"" folds",2026-03-20T03:26:14.897Z,177397717489700
"""Goober @ xKINFe6J18"" posts a big blind of 0.50",2026-03-20T03:26:13.317Z,177397717331713
"""Zona @ Zo0iDlVIxA"" posts a small blind of 0.25",2026-03-20T03:26:13.317Z,177397717331712
"Your hand is 2♣, 5♠",2026-03-20T03:26:13.317Z,177397717331711
"Player stacks: #1 ""blessed @ qCJm12-9Fn"" (77.53) | #2 ""Daveo da rula @ hL2HOafVVY"" (282.67) | #3 ""Eating @ 3GZqeC-ZoC"" (69.00) | #4 ""Zona @ Zo0iDlVIxA"" (38.25) | #5 ""Goober @ xKINFe6J18"" (423.64) | #6 ""chasingflushie @ E1NtDR8Iy-"" (215.75) | #7 ""Brogod @ E_b3ONoyca"" (229.00) | #8 ""stacker @ cPdQESZJMN"" (200.00) | #9 ""Triangle5 @ zn7jYkqxSJ"" (93.37) | #10 ""eyz @ PFiA37ihL9"" (157.83)",2026-03-20T03:26:13.317Z,177397717331701
"-- starting hand #123 (id: nhziz3ig4xpv)  No Limit Texas Hold'em (dealer: ""Eating @ 3GZqeC-ZoC"") --",2026-03-20T03:26:13.317Z,177397717331700
"-- ending hand #122 --",2026-03-20T03:26:10.397Z,177397717039702
"""eyz @ PFiA37ihL9"" collected 26.00 from pot",2026-03-20T03:26:10.397Z,177397717039701
"Uncalled bet of 19.50 returned to ""eyz @ PFiA37ihL9""",2026-03-20T03:26:10.397Z,177397717039700
"""Daveo da rula @ hL2HOafVVY"" folds",2026-03-20T03:26:09.564Z,177397716956400
"""eyz @ PFiA37ihL9"" bets 19.50",2026-03-20T03:26:03.837Z,177397716383700
"Turn: Q♣, 9♥, J♠ [A♦]",2026-03-20T03:25:58.575Z,177397715857500
"""Daveo da rula @ hL2HOafVVY"" calls 6.50",2026-03-20T03:25:57.731Z,177397715773100
"""eyz @ PFiA37ihL9"" bets 6.50",2026-03-20T03:25:55.202Z,177397715520200
"Flop:  [Q♣, 9♥, J♠]",2026-03-20T03:25:49.569Z,177397714956900
"""eyz @ PFiA37ihL9"" calls 6.00",2026-03-20T03:25:48.696Z,177397714869600
"""Zona @ Zo0iDlVIxA"" folds",2026-03-20T03:25:46.875Z,177397714687500
"""Eating @ 3GZqeC-ZoC"" folds",2026-03-20T03:25:43.391Z,177397714339100
"""Daveo da rula @ hL2HOafVVY"" raises to 6.00",2026-03-20T03:25:42.324Z,177397714232400
"""blessed @ qCJm12-9Fn"" folds",2026-03-20T03:25:39.532Z,177397713953200
"""eyz @ PFiA37ihL9"" raises to 1.50",2026-03-20T03:25:38.661Z,177397713866100
"""Triangle5 @ zn7jYkqxSJ"" folds",2026-03-20T03:25:35.373Z,177397713537300
"""stacker @ cPdQESZJMN"" folds",2026-03-20T03:25:31.011Z,177397713101100
"""Brogod @ E_b3ONoyca"" folds",2026-03-20T03:25:30.073Z,177397713007300
"""chasingflushie @ E1NtDR8Iy-"" folds",2026-03-20T03:25:28.800Z,177397712880000
"""Goober @ xKINFe6J18"" folds",2026-03-20T03:25:27.441Z,177397712744100
"""Zona @ Zo0iDlVIxA"" posts a missing small blind of 0.25",2026-03-20T03:25:22.554Z,177397712255416
"""Zona @ Zo0iDlVIxA"" posts a big blind of 0.50",2026-03-20T03:25:22.554Z,177397712255415
"""Eating @ 3GZqeC-ZoC"" posts a small blind of 0.25",2026-03-20T03:25:22.554Z,177397712255414
"Your hand is K♣, A♣",2026-03-20T03:25:22.554Z,177397712255413
"Player stacks: #1 ""blessed @ qCJm12-9Fn"" (77.53) | #2 ""Daveo da rula @ hL2HOafVVY"" (295.17) | #3 ""Eating @ 3GZqeC-ZoC"" (69.25) | #4 ""Zona @ Zo0iDlVIxA"" (39.00) | #5 ""Goober @ xKINFe6J18"" (423.64) | #6 ""chasingflushie @ E1NtDR8Iy-"" (215.75) | #7 ""Brogod @ E_b3ONoyca"" (229.00) | #8 ""stacker @ cPdQESZJMN"" (200.00) | #9 ""Triangle5 @ zn7jYkqxSJ"" (93.37) | #10 ""eyz @ PFiA37ihL9"" (144.33)",2026-03-20T03:25:22.554Z,177397712255403
"-- starting hand #122 (id: 8dobgsp3rru2)  No Limit Texas Hold'em (dealer: ""Daveo da rula @ hL2HOafVVY"") --",2026-03-20T03:25:22.554Z,177397712255402
"The player ""stacker @ cPdQESZJMN"" joined the game with a stack of 200.00.",2026-03-20T03:25:22.554Z,177397712255401
"The player ""Zona @ Zo0iDlVIxA"" joined the game with a stack of 39.00.",2026-03-20T03:25:22.554Z,177397712255400
"-- ending hand #121 --",2026-03-20T03:25:19.629Z,177397711962902
"""Triangle5 @ zn7jYkqxSJ"" collected 9.49 from pot",2026-03-20T03:25:19.629Z,177397711962901
"Uncalled bet of 7.55 returned to ""Triangle5 @ zn7jYkqxSJ""",2026-03-20T03:25:19.629Z,177397711962900
"""Goober @ xKINFe6J18"" folds",2026-03-20T03:25:18.818Z,177397711881800
"""Triangle5 @ zn7jYkqxSJ"" bets 7.55",2026-03-20T03:25:17.851Z,177397711785100
"The admin approved the player ""stacker @ cPdQESZJMN"" participation with a stack of 200.00.",2026-03-20T03:25:14.433Z,177397711443300
"The player ""Zona @ Zo0iDlVIxA"" sit back with the stack of 39.00.",2026-03-20T03:25:09.574Z,177397710957400
"""Goober @ xKINFe6J18"" checks",2026-03-20T03:25:05.521Z,177397710552100
"River: 5♠, Q♣, 4♣, 10♥ [9♣]",2026-03-20T03:24:56.871Z,177397709687100
"""Eating @ 3GZqeC-ZoC"" folds",2026-03-20T03:24:56.041Z,177397709604100
"""Triangle5 @ zn7jYkqxSJ"" calls 2.37",2026-03-20T03:24:49.470Z,177397708947000
"""Goober @ xKINFe6J18"" bets 2.37",2026-03-20T03:24:47.828Z,177397708782800
"The player ""stacker @ cPdQESZJMN"" requested a seat.",2026-03-20T03:24:45.587Z,177397708558700
"""Eating @ 3GZqeC-ZoC"" checks",2026-03-20T03:24:39.038Z,177397707903800
"Turn: 5♠, Q♣, 4♣ [10♥]",2026-03-20T03:24:33.394Z,177397707339400
"""Triangle5 @ zn7jYkqxSJ"" checks",2026-03-20T03:24:32.550Z,177397707255000
"""Goober @ xKINFe6J18"" checks",2026-03-20T03:24:30.549Z,177397707054900
"""Eating @ 3GZqeC-ZoC"" checks",2026-03-20T03:24:22.580Z,177397706258000
"Flop:  [5♠, Q♣, 4♣]",2026-03-20T03:24:21.010Z,177397706101000
"""Eating @ 3GZqeC-ZoC"" calls 1.50",2026-03-20T03:24:20.171Z,177397706017100
"""Daveo da rula @ hL2HOafVVY"" folds",2026-03-20T03:24:10.950Z,177397705095000
"""blessed @ qCJm12-9Fn"" folds",2026-03-20T03:24:03.566Z,177397704356600
"""eyz @ PFiA37ihL9"" folds",2026-03-20T03:24:02.611Z,177397704261100
"""Triangle5 @ zn7jYkqxSJ"" calls 1.50",2026-03-20T03:24:01.356Z,177397704135600
"""Brogod @ E_b3ONoyca"" folds",2026-03-20T03:23:52.609Z,177397703260900
"""chasingflushie @ E1NtDR8Iy-"" folds",2026-03-20T03:23:45.525Z,177397702552500
"""Goober @ xKINFe6J18"" raises to 1.50",2026-03-20T03:23:44.474Z,177397702447400
"""Eating @ 3GZqeC-ZoC"" posts a big blind of 0.50",2026-03-20T03:23:38.125Z,177397701812511
"""Daveo da rula @ hL2HOafVVY"" posts a small blind of 0.25",2026-03-20T03:23:38.125Z,177397701812510
"Your hand is 3♠, J♠",2026-03-20T03:23:38.125Z,177397701812509
"Player stacks: #1 ""blessed @ qCJm12-9Fn"" (77.53) | #2 ""Daveo da rula @ hL2HOafVVY"" (295.42) | #3 ""Eating @ 3GZqeC-ZoC"" (70.75) | #5 ""Goober @ xKINFe6J18"" (427.51) | #6 ""chasingflushie @ E1NtDR8Iy-"" (215.75) | #7 ""Brogod @ E_b3ONoyca"" (229.00) | #9 ""Triangle5 @ zn7jYkqxSJ"" (87.75) | #10 ""eyz @ PFiA37ihL9"" (144.33)",2026-03-20T03:23:38.125Z,177397701812501
"-- starting hand #121 (id: h4ngut8usohe)  No Limit Texas Hold'em (dealer: ""blessed @ qCJm12-9Fn"") --",2026-03-20T03:23:38.125Z,177397701812500
"-- ending hand #120 --",2026-03-20T03:23:35.220Z,177397701522002
"""eyz @ PFiA37ihL9"" collected 1.25 from pot",2026-03-20T03:23:35.220Z,177397701522001
"Uncalled bet of 1.00 returned to ""eyz @ PFiA37ihL9""",2026-03-20T03:23:35.220Z,177397701522000
"""Daveo da rula @ hL2HOafVVY"" folds",2026-03-20T03:23:34.379Z,177397701437900
"""blessed @ qCJm12-9Fn"" folds",2026-03-20T03:23:33.214Z,177397701321400
"""eyz @ PFiA37ihL9"" raises to 1.50",2026-03-20T03:23:28.840Z,177397700884000
"""Triangle5 @ zn7jYkqxSJ"" folds",2026-03-20T03:23:26.233Z,177397700623300
"""Brogod @ E_b3ONoyca"" folds",2026-03-20T03:23:25.134Z,177397700513400
"""chasingflushie @ E1NtDR8Iy-"" folds",2026-03-20T03:23:24.120Z,177397700412000
"""Goober @ xKINFe6J18"" folds",2026-03-20T03:23:23.096Z,177397700309600
"""Eating @ 3GZqeC-ZoC"" folds",2026-03-20T03:23:22.119Z,177397700211900
"""Daveo da rula @ hL2HOafVVY"" posts a big blind of 0.50",2026-03-20T03:23:20.712Z,177397700071211
"""blessed @ qCJm12-9Fn"" posts a small blind of 0.25",2026-03-20T03:23:20.712Z,177397700071210
"Your hand is 5♠, 4♦",2026-03-20T03:23:20.712Z,177397700071209
"Player stacks: #1 ""blessed @ qCJm12-9Fn"" (77.78) | #2 ""Daveo da rula @ hL2HOafVVY"" (295.92) | #3 ""Eating @ 3GZqeC-ZoC"" (70.75) | #5 ""Goober @ xKINFe6J18"" (427.51) | #6 ""chasingflushie @ E1NtDR8Iy-"" (215.75) | #7 ""Brogod @ E_b3ONoyca"" (229.00) | #9 ""Triangle5 @ zn7jYkqxSJ"" (87.75) | #10 ""eyz @ PFiA37ihL9"" (143.58)",2026-03-20T03:23:20.712Z,177397700071201
"-- starting hand #120 (id: qcyfd1r8rbuu)  No Limit Texas Hold'em (dealer: ""eyz @ PFiA37ihL9"") --",2026-03-20T03:23:20.712Z,177397700071200
"-- ending hand #119 --",2026-03-20T03:23:17.797Z,177397699779702
"""Brogod @ E_b3ONoyca"" collected 3.75 from pot",2026-03-20T03:23:17.797Z,177397699779701
"Uncalled bet of 4.75 returned to ""Brogod @ E_b3ONoyca""",2026-03-20T03:23:17.797Z,177397699779700
"""Goober @ xKINFe6J18"" folds",2026-03-20T03:23:16.980Z,177397699698000
"""blessed @ qCJm12-9Fn"" folds",2026-03-20T03:23:11.209Z,177397699120900
"""eyz @ PFiA37ihL9"" folds",2026-03-20T03:23:07.872Z,177397698787200
"""Triangle5 @ zn7jYkqxSJ"" folds",2026-03-20T03:23:07.016Z,177397698701600
"""Brogod @ E_b3ONoyca"" raises to 6.25",2026-03-20T03:23:04.008Z,177397698400800
"""chasingflushie @ E1NtDR8Iy-"" folds",2026-03-20T03:22:59.073Z,177397697907300
"""Goober @ xKINFe6J18"" raises to 1.50",2026-03-20T03:22:58.145Z,177397697814500
"""Eating @ 3GZqeC-ZoC"" folds",2026-03-20T03:22:50.580Z,177397697058000
"""Daveo da rula @ hL2HOafVVY"" folds",2026-03-20T03:22:49.585Z,177397696958500
"""blessed @ qCJm12-9Fn"" posts a big blind of 0.50",2026-03-20T03:22:48.335Z,177397696833511
"""eyz @ PFiA37ihL9"" posts a small blind of 0.25",2026-03-20T03:22:48.335Z,177397696833510
"Your hand is 8♣, A♥",2026-03-20T03:22:48.335Z,177397696833509
"Player stacks: #1 ""blessed @ qCJm12-9Fn"" (78.28) | #2 ""Daveo da rula @ hL2HOafVVY"" (295.92) | #3 ""Eating @ 3GZqeC-ZoC"" (70.75) | #5 ""Goober @ xKINFe6J18"" (429.01) | #6 ""chasingflushie @ E1NtDR8Iy-"" (215.75) | #7 ""Brogod @ E_b3ONoyca"" (226.75) | #9 ""Triangle5 @ zn7jYkqxSJ"" (87.75) | #10 ""eyz @ PFiA37ihL9"" (143.83)",2026-03-20T03:22:48.335Z,177397696833501
"-- starting hand #119 (id: fiopc0vtvs8o)  No Limit Texas Hold'em (dealer: ""Triangle5 @ zn7jYkqxSJ"") --",2026-03-20T03:22:48.335Z,177397696833500
"-- ending hand #118 --",2026-03-20T03:22:45.420Z,177397696542002
"""eyz @ PFiA37ihL9"" collected 19.37 from pot",2026-03-20T03:22:45.420Z,177397696542001
"Uncalled bet of 19.37 returned to ""eyz @ PFiA37ihL9""",2026-03-20T03:22:45.420Z,177397696542000
"""Daveo da rula @ hL2HOafVVY"" folds",2026-03-20T03:22:44.575Z,177397696457500
"""eyz @ PFiA37ihL9"" bets 19.37",2026-03-20T03:22:40.289Z,177397696028900
"Turn: J♣, 4♦, 3♣ [6♥]",2026-03-20T03:22:33.215Z,177397695321500
"""Eating @ 3GZqeC-ZoC"" folds",2026-03-20T03:22:32.369Z,177397695236900
"""Daveo da rula @ hL2HOafVVY"" calls 5.81",2026-03-20T03:22:31.172Z,177397695117200
"""eyz @ PFiA37ihL9"" bets 5.81",2026-03-20T03:22:28.556Z,177397694855600
"Flop:  [J♣, 4♦, 3♣]",2026-03-20T03:22:21.668Z,177397694166800
"""Eating @ 3GZqeC-ZoC"" calls 2.50",2026-03-20T03:22:20.829Z,177397694082900
"""Daveo da rula @ hL2HOafVVY"" calls 2.50",2026-03-20T03:22:19.824Z,177397693982400
"""eyz @ PFiA37ihL9"" raises to 2.50",2026-03-20T03:22:04.412Z,177397692441200
"""Triangle5 @ zn7jYkqxSJ"" folds",2026-03-20T03:21:57.141Z,177397691714100
"""Brogod @ E_b3ONoyca"" folds",2026-03-20T03:21:56.153Z,177397691615300
"""chasingflushie @ E1NtDR8Iy-"" folds",2026-03-20T03:21:54.936Z,177397691493600
"""Goober @ xKINFe6J18"" folds",2026-03-20T03:21:53.898Z,177397691389800
"""Eating @ 3GZqeC-ZoC"" calls 0.50",2026-03-20T03:21:52.818Z,177397691281800
"""Daveo da rula @ hL2HOafVVY"" calls 0.50",2026-03-20T03:21:49.794Z,177397690979400
"""blessed @ qCJm12-9Fn"" folds",2026-03-20T03:21:48.065Z,177397690806500
"""eyz @ PFiA37ihL9"" posts a big blind of 0.50",2026-03-20T03:21:45.399Z,177397690539911
"""Triangle5 @ zn7jYkqxSJ"" posts a small blind of 0.25",2026-03-20T03:21:45.399Z,177397690539910
"Your hand is A♥, A♣",2026-03-20T03:21:45.399Z,177397690539909
"Player stacks: #1 ""blessed @ qCJm12-9Fn"" (78.28) | #2 ""Daveo da rula @ hL2HOafVVY"" (304.23) | #3 ""Eating @ 3GZqeC-ZoC"" (73.25) | #5 ""Goober @ xKINFe6J18"" (429.01) | #6 ""chasingflushie @ E1NtDR8Iy-"" (215.75) | #7 ""Brogod @ E_b3ONoyca"" (226.75) | #9 ""Triangle5 @ zn7jYkqxSJ"" (88.00) | #10 ""eyz @ PFiA37ihL9"" (132.77)",2026-03-20T03:21:45.399Z,177397690539901
"-- starting hand #118 (id: jnjedvafftx0)  No Limit Texas Hold'em (dealer: ""Brogod @ E_b3ONoyca"") --",2026-03-20T03:21:45.399Z,177397690539900
"-- ending hand #117 --",2026-03-20T03:21:42.483Z,177397690248302
"""Brogod @ E_b3ONoyca"" collected 4.00 from pot",2026-03-20T03:21:42.483Z,177397690248301
"Uncalled bet of 3.00 returned to ""Brogod @ E_b3ONoyca""",2026-03-20T03:21:42.483Z,177397690248300
"""Daveo da rula @ hL2HOafVVY"" folds",2026-03-20T03:21:41.656Z,177397690165600
"""Brogod @ E_b3ONoyca"" bets 3.00",2026-03-20T03:21:40.452Z,177397690045200
"Turn: 9♥, 5♠, 8♦ [6♥]",2026-03-20T03:21:38.012Z,177397689801200
"""Daveo da rula @ hL2HOafVVY"" checks",2026-03-20T03:21:37.208Z,177397689720800
"""Brogod @ E_b3ONoyca"" checks",2026-03-20T03:21:36.013Z,177397689601300
"Flop:  [9♥, 5♠, 8♦]",2026-03-20T03:21:34.410Z,177397689441000
"""Triangle5 @ zn7jYkqxSJ"" folds",2026-03-20T03:21:33.582Z,177397689358200
"""Brogod @ E_b3ONoyca"" calls 1.75",2026-03-20T03:21:32.542Z,177397689254200
"""chasingflushie @ E1NtDR8Iy-"" folds",2026-03-20T03:21:30.184Z,177397689018400
"""Goober @ xKINFe6J18"" folds",2026-03-20T03:21:29.267Z,177397688926700
"""Eating @ 3GZqeC-ZoC"" folds",2026-03-20T03:21:28.219Z,177397688821900
"""Daveo da rula @ hL2HOafVVY"" raises to 1.75",2026-03-20T03:21:27.356Z,177397688735600
"""blessed @ qCJm12-9Fn"" folds",2026-03-20T03:21:24.961Z,177397688496100
"""eyz @ PFiA37ihL9"" folds",2026-03-20T03:21:23.191Z,177397688319100
"""Triangle5 @ zn7jYkqxSJ"" posts a big blind of 0.50",2026-03-20T03:21:21.605Z,177397688160511
"""Brogod @ E_b3ONoyca"" posts a small blind of 0.25",2026-03-20T03:21:21.605Z,177397688160510
"Your hand is 3♦, 7♣",2026-03-20T03:21:21.605Z,177397688160509
"Player stacks: #1 ""blessed @ qCJm12-9Fn"" (78.28) | #2 ""Daveo da rula @ hL2HOafVVY"" (305.98) | #3 ""Eating @ 3GZqeC-ZoC"" (73.25) | #5 ""Goober @ xKINFe6J18"" (429.01) | #6 ""chasingflushie @ E1NtDR8Iy-"" (215.75) | #7 ""Brogod @ E_b3ONoyca"" (224.50) | #9 ""Triangle5 @ zn7jYkqxSJ"" (88.50) | #10 ""eyz @ PFiA37ihL9"" (132.77)",2026-03-20T03:21:21.605Z,177397688160501
"-- starting hand #117 (id: 8f6m6dntxqtd)  No Limit Texas Hold'em (dealer: ""chasingflushie @ E1NtDR8Iy-"") --",2026-03-20T03:21:21.605Z,177397688160500
"-- ending hand #116 --",2026-03-20T03:21:18.692Z,177397687869202
"""Daveo da rula @ hL2HOafVVY"" collected 8.50 from pot",2026-03-20T03:21:18.692Z,177397687869201
"Uncalled bet of 4.25 returned to ""Daveo da rula @ hL2HOafVVY""",2026-03-20T03:21:18.692Z,177397687869200
"""blessed @ qCJm12-9Fn"" folds",2026-03-20T03:21:17.883Z,177397687788300
"""Brogod @ E_b3ONoyca"" folds",2026-03-20T03:21:16.958Z,177397687695800
"""Daveo da rula @ hL2HOafVVY"" bets 4.25",2026-03-20T03:21:15.636Z,177397687563600
"""blessed @ qCJm12-9Fn"" checks",2026-03-20T03:21:13.273Z,177397687327300
"""Brogod @ E_b3ONoyca"" checks",2026-03-20T03:21:12.371Z,177397687237100
"River: 9♣, Q♣, 10♥, 4♥ [2♣]",2026-03-20T03:21:10.066Z,177397687006600
"""Daveo da rula @ hL2HOafVVY"" checks",2026-03-20T03:21:09.240Z,177397686924000
"""blessed @ qCJm12-9Fn"" checks",2026-03-20T03:21:07.440Z,177397686744000
"""Brogod @ E_b3ONoyca"" checks",2026-03-20T03:21:06.504Z,177397686650400
"Turn: 9♣, Q♣, 10♥ [4♥]",2026-03-20T03:21:03.800Z,177397686380000
"""Daveo da rula @ hL2HOafVVY"" checks",2026-03-20T03:21:02.995Z,177397686299500
"""blessed @ qCJm12-9Fn"" checks",2026-03-20T03:21:02.000Z,177397686200000
"""Brogod @ E_b3ONoyca"" checks",2026-03-20T03:21:00.953Z,177397686095300
"Flop:  [9♣, Q♣, 10♥]",2026-03-20T03:20:58.531Z,177397685853100
"""Triangle5 @ zn7jYkqxSJ"" folds",2026-03-20T03:20:57.728Z,177397685772800
"""Brogod @ E_b3ONoyca"" calls 2.50",2026-03-20T03:20:56.809Z,177397685680900
"""chasingflushie @ E1NtDR8Iy-"" folds",2026-03-20T03:20:54.410Z,177397685441000
"""Goober @ xKINFe6J18"" folds",2026-03-20T03:20:53.444Z,177397685344400
"""Eating @ 3GZqeC-ZoC"" folds",2026-03-20T03:20:52.514Z,177397685251400
"""Daveo da rula @ hL2HOafVVY"" calls 2.50",2026-03-20T03:20:51.565Z,177397685156500
"""blessed @ qCJm12-9Fn"" raises to 2.50",2026-03-20T03:20:49.191Z,177397684919100
"""eyz @ PFiA37ihL9"" folds",2026-03-20T03:20:44.131Z,177397684413100
"""Triangle5 @ zn7jYkqxSJ"" checks",2026-03-20T03:20:41.802Z,177397684180200
"""Triangle5 @ zn7jYkqxSJ"" posts a missed big blind of 0.50",2026-03-20T03:20:40.627Z,177397684062714
"""Triangle5 @ zn7jYkqxSJ"" posts a missing small blind of 0.25",2026-03-20T03:20:40.627Z,177397684062713
"""Brogod @ E_b3ONoyca"" posts a big blind of 0.50",2026-03-20T03:20:40.627Z,177397684062712
"""chasingflushie @ E1NtDR8Iy-"" posts a small blind of 0.25",2026-03-20T03:20:40.627Z,177397684062711
"Your hand is 7♠, 8♥",2026-03-20T03:20:40.627Z,177397684062710
"Player stacks: #1 ""blessed @ qCJm12-9Fn"" (80.78) | #2 ""Daveo da rula @ hL2HOafVVY"" (299.98) | #3 ""Eating @ 3GZqeC-ZoC"" (73.25) | #5 ""Goober @ xKINFe6J18"" (429.01) | #6 ""chasingflushie @ E1NtDR8Iy-"" (216.00) | #7 ""Brogod @ E_b3ONoyca"" (227.00) | #9 ""Triangle5 @ zn7jYkqxSJ"" (89.25) | #10 ""eyz @ PFiA37ihL9"" (132.77)",2026-03-20T03:20:40.627Z,177397684062702
"-- starting hand #116 (id: hlzenprpsxph)  No Limit Texas Hold'em (dealer: ""Goober @ xKINFe6J18"") --",2026-03-20T03:20:40.627Z,177397684062701
"The player ""Triangle5 @ zn7jYkqxSJ"" joined the game with a stack of 89.25.",2026-03-20T03:20:40.627Z,177397684062700
"-- ending hand #115 --",2026-03-20T03:20:37.717Z,177397683771702
"""Eating @ 3GZqeC-ZoC"" collected 5.50 from pot",2026-03-20T03:20:37.717Z,177397683771701
"Uncalled bet of 4.50 returned to ""Eating @ 3GZqeC-ZoC""",2026-03-20T03:20:37.717Z,177397683771700
"""Goober @ xKINFe6J18"" folds",2026-03-20T03:20:36.902Z,177397683690200
"""Eating @ 3GZqeC-ZoC"" raises to 5.00",2026-03-20T03:20:34.162Z,177397683416200
"""Goober @ xKINFe6J18"" bets 0.50",2026-03-20T03:20:29.268Z,177397682926800
"River: 7♥, 6♥, K♥, 5♣ [6♦]",2026-03-20T03:20:25.817Z,177397682581700
"""Eating @ 3GZqeC-ZoC"" checks",2026-03-20T03:20:25.011Z,177397682501100
"The player ""Triangle5 @ zn7jYkqxSJ"" sit back with the stack of 89.25.",2026-03-20T03:20:21.812Z,177397682181200
"""Goober @ xKINFe6J18"" checks",2026-03-20T03:20:17.869Z,177397681786900
"Turn: 7♥, 6♥, K♥ [5♣]",2026-03-20T03:20:10.593Z,177397681059300
"""Eating @ 3GZqeC-ZoC"" checks",2026-03-20T03:20:09.740Z,177397680974000
"""Goober @ xKINFe6J18"" checks",2026-03-20T03:20:07.725Z,177397680772500
"Flop:  [7♥, 6♥, K♥]",2026-03-20T03:20:04.885Z,177397680488500
"""chasingflushie @ E1NtDR8Iy-"" folds",2026-03-20T03:20:04.035Z,177397680403500
"""Goober @ xKINFe6J18"" calls 2.00",2026-03-20T03:20:03.021Z,177397680302100
"""Eating @ 3GZqeC-ZoC"" raises to 2.00",2026-03-20T03:19:59.470Z,177397679947000
"""Daveo da rula @ hL2HOafVVY"" folds",2026-03-20T03:19:48.729Z,177397678872900
"""blessed @ qCJm12-9Fn"" folds",2026-03-20T03:19:47.766Z,177397678776600
"""eyz @ PFiA37ihL9"" folds",2026-03-20T03:19:43.876Z,177397678387600
"""Brogod @ E_b3ONoyca"" folds",2026-03-20T03:19:42.094Z,177397678209400
"""chasingflushie @ E1NtDR8Iy-"" posts a big blind of 0.50",2026-03-20T03:19:41.100Z,177397678110010
"""Goober @ xKINFe6J18"" posts a small blind of 0.25",2026-03-20T03:19:41.100Z,177397678110009
"Your hand is 8♥, 5♠",2026-03-20T03:19:41.100Z,177397678110008
"Player stacks: #1 ""blessed @ qCJm12-9Fn"" (80.78) | #2 ""Daveo da rula @ hL2HOafVVY"" (299.98) | #3 ""Eating @ 3GZqeC-ZoC"" (70.25) | #5 ""Goober @ xKINFe6J18"" (431.51) | #6 ""chasingflushie @ E1NtDR8Iy-"" (216.50) | #7 ""Brogod @ E_b3ONoyca"" (227.00) | #10 ""eyz @ PFiA37ihL9"" (132.77)",2026-03-20T03:19:41.100Z,177397678110001
"-- starting hand #115 (id: f9ryxxjp1odd)  No Limit Texas Hold'em (dealer: ""Eating @ 3GZqeC-ZoC"") --",2026-03-20T03:19:41.100Z,177397678110000
"-- ending hand #114 --",2026-03-20T03:19:38.139Z,177397677813902
"""Daveo da rula @ hL2HOafVVY"" collected 5.25 from pot",2026-03-20T03:19:38.139Z,177397677813901
"Uncalled bet of 2.12 returned to ""Daveo da rula @ hL2HOafVVY""",2026-03-20T03:19:38.139Z,177397677813900
"""Brogod @ E_b3ONoyca"" folds",2026-03-20T03:19:37.327Z,177397677732700
"""Daveo da rula @ hL2HOafVVY"" bets 2.12",2026-03-20T03:19:35.148Z,177397677514800
"""Brogod @ E_b3ONoyca"" checks",2026-03-20T03:19:32.156Z,177397677215600
"Flop:  [6♠, 6♥, 2♥]",2026-03-20T03:19:30.342Z,177397677034200
"""Brogod @ E_b3ONoyca"" calls 2.25",2026-03-20T03:19:29.523Z,177397676952300
"""Goober @ xKINFe6J18"" folds",2026-03-20T03:19:22.658Z,177397676265800
"""Eating @ 3GZqeC-ZoC"" folds",2026-03-20T03:19:21.627Z,177397676162700
"""Daveo da rula @ hL2HOafVVY"" raises to 2.25",2026-03-20T03:19:20.737Z,177397676073700
"""blessed @ qCJm12-9Fn"" folds",2026-03-20T03:19:18.385Z,177397675838500
"""eyz @ PFiA37ihL9"" folds",2026-03-20T03:19:17.477Z,177397675747700
"""Brogod @ E_b3ONoyca"" calls 0.50",2026-03-20T03:19:16.546Z,177397675654600
"""chasingflushie @ E1NtDR8Iy-"" folds",2026-03-20T03:19:14.268Z,177397675426800
"""Goober @ xKINFe6J18"" posts a big blind of 0.50",2026-03-20T03:19:12.951Z,177397675295112
"""Eating @ 3GZqeC-ZoC"" posts a small blind of 0.25",2026-03-20T03:19:12.951Z,177397675295111
"Your hand is 7♠, 8♦",2026-03-20T03:19:12.951Z,177397675295110
"Player stacks: #1 ""blessed @ qCJm12-9Fn"" (80.78) | #2 ""Daveo da rula @ hL2HOafVVY"" (296.98) | #3 ""Eating @ 3GZqeC-ZoC"" (70.50) | #5 ""Goober @ xKINFe6J18"" (432.01) | #6 ""chasingflushie @ E1NtDR8Iy-"" (216.50) | #7 ""Brogod @ E_b3ONoyca"" (229.25) | #10 ""eyz @ PFiA37ihL9"" (132.77)",2026-03-20T03:19:12.951Z,177397675295103
"-- starting hand #114 (id: 3yka2s0qdowi)  No Limit Texas Hold'em (dealer: ""Daveo da rula @ hL2HOafVVY"") --",2026-03-20T03:19:12.951Z,177397675295102
"The player ""momoji @ TL0f_A3349"" quits the game with a stack of 0.00.",2026-03-20T03:19:12.951Z,177397675295101
"The player ""Zona @ Zo0iDlVIxA"" stand up with the stack of 39.00.",2026-03-20T03:19:12.951Z,177397675295100
"-- ending hand #113 --",2026-03-20T03:19:09.942Z,177397674994201
"""Daveo da rula @ hL2HOafVVY"" collected 64.51 from pot with Pair, K's (combination: 5♠, 7♥, 10♣, K♣, K♥)",2026-03-20T03:19:09.942Z,177397674994200
"River: 4♠, 5♠, K♥, 7♥ [3♦]",2026-03-20T03:19:05.937Z,177397674593700
"""momoji @ TL0f_A3349"" shows a Q♣, Q♥.",2026-03-20T03:19:01.930Z,177397674193001
"""Daveo da rula @ hL2HOafVVY"" shows a 10♣.",2026-03-20T03:19:01.930Z,177397674193000
"""Daveo da rula @ hL2HOafVVY"" shows a K♣.",2026-03-20T03:19:01.638Z,177397674163800
"""Daveo da rula @ hL2HOafVVY"" calls 3.01",2026-03-20T03:19:01.031Z,177397674103100
"""momoji @ TL0f_A3349"" bets 3.01 and go all in",2026-03-20T03:18:59.883Z,177397673988300
"""Daveo da rula @ hL2HOafVVY"" checks",2026-03-20T03:18:57.293Z,177397673729300
"Turn: 4♠, 5♠, K♥ [7♥]",2026-03-20T03:18:56.304Z,177397673630400
"""blessed @ qCJm12-9Fn"" folds",2026-03-20T03:18:55.476Z,177397673547600
"""momoji @ TL0f_A3349"" calls 21.37",2026-03-20T03:18:54.607Z,177397673460700
"""Eating @ 3GZqeC-ZoC"" folds",2026-03-20T03:18:52.185Z,177397673218500
"""Daveo da rula @ hL2HOafVVY"" raises to 21.37",2026-03-20T03:18:51.054Z,177397673105400
"""blessed @ qCJm12-9Fn"" calls 6.75",2026-03-20T03:18:48.097Z,177397672809700
"""momoji @ TL0f_A3349"" bets 6.75",2026-03-20T03:18:46.582Z,177397672658200
"""Eating @ 3GZqeC-ZoC"" checks",2026-03-20T03:18:44.179Z,177397672417900
"""Daveo da rula @ hL2HOafVVY"" checks",2026-03-20T03:18:42.973Z,177397672297300
"Flop:  [4♠, 5♠, K♥]",2026-03-20T03:18:41.367Z,177397672136700
"""Eating @ 3GZqeC-ZoC"" calls 2.25",2026-03-20T03:18:40.539Z,177397672053900
"""Daveo da rula @ hL2HOafVVY"" calls 2.25",2026-03-20T03:18:39.397Z,177397671939700
"""blessed @ qCJm12-9Fn"" calls 2.25",2026-03-20T03:18:37.320Z,177397671732000
"""eyz @ PFiA37ihL9"" folds",2026-03-20T03:18:33.860Z,177397671386000
"""momoji @ TL0f_A3349"" raises to 2.25",2026-03-20T03:18:32.928Z,177397671292800
"""Brogod @ E_b3ONoyca"" folds",2026-03-20T03:18:30.026Z,177397671002600
"""chasingflushie @ E1NtDR8Iy-"" folds",2026-03-20T03:18:29.057Z,177397670905700
"""Goober @ xKINFe6J18"" folds",2026-03-20T03:18:28.093Z,177397670809300
"""Zona @ Zo0iDlVIxA"" folds",2026-03-20T03:18:27.031Z,177397670703100
"""Eating @ 3GZqeC-ZoC"" posts a big blind of 0.50",2026-03-20T03:18:15.021Z,177397669502112
"""Daveo da rula @ hL2HOafVVY"" posts a small blind of 0.25",2026-03-20T03:18:15.021Z,177397669502111
"Your hand is 8♣, 10♥",2026-03-20T03:18:15.021Z,177397669502110
"Player stacks: #1 ""blessed @ qCJm12-9Fn"" (89.78) | #2 ""Daveo da rula @ hL2HOafVVY"" (259.10) | #3 ""Eating @ 3GZqeC-ZoC"" (72.75) | #4 ""Zona @ Zo0iDlVIxA"" (39.00) | #5 ""Goober @ xKINFe6J18"" (432.01) | #6 ""chasingflushie @ E1NtDR8Iy-"" (216.50) | #7 ""Brogod @ E_b3ONoyca"" (229.25) | #8 ""momoji @ TL0f_A3349"" (26.63) | #10 ""eyz @ PFiA37ihL9"" (132.77)",2026-03-20T03:18:15.021Z,177397669502101
"-- starting hand #113 (id: 8iehtgsxqf75)  No Limit Texas Hold'em (dealer: ""blessed @ qCJm12-9Fn"") --",2026-03-20T03:18:15.021Z,177397669502100
"-- ending hand #112 --",2026-03-20T03:18:12.070Z,177397669207002
"""chasingflushie @ E1NtDR8Iy-"" collected 40.00 from pot",2026-03-20T03:18:12.070Z,177397669207001
"Uncalled bet of 26.63 returned to ""chasingflushie @ E1NtDR8Iy-""",2026-03-20T03:18:12.070Z,177397669207000
"""momoji @ TL0f_A3349"" folds",2026-03-20T03:18:11.245Z,177397669124500
"""chasingflushie @ E1NtDR8Iy-"" bets 26.63",2026-03-20T03:18:09.265Z,177397668926500
"Flop:  [4♠, 7♥, 6♥]",2026-03-20T03:18:05.230Z,177397668523000
"""Daveo da rula @ hL2HOafVVY"" folds",2026-03-20T03:18:04.414Z,177397668441400
"""momoji @ TL0f_A3349"" calls 17.25",2026-03-20T03:18:03.448Z,177397668344800
"""chasingflushie @ E1NtDR8Iy-"" raises to 17.25",2026-03-20T03:17:57.518Z,177397667751800
"""Daveo da rula @ hL2HOafVVY"" calls 5.25",2026-03-20T03:17:40.086Z,177397666008600
"""blessed @ qCJm12-9Fn"" folds",2026-03-20T03:17:38.231Z,177397665823100
"""eyz @ PFiA37ihL9"" folds",2026-03-20T03:17:37.328Z,177397665732800
"""momoji @ TL0f_A3349"" raises to 5.25",2026-03-20T03:17:36.433Z,177397665643300
"""Brogod @ E_b3ONoyca"" folds",2026-03-20T03:17:31.839Z,177397665183900
"""chasingflushie @ E1NtDR8Iy-"" raises to 1.50",2026-03-20T03:17:28.732Z,177397664873200
"""Goober @ xKINFe6J18"" folds",2026-03-20T03:17:26.450Z,177397664645000
"""Zona @ Zo0iDlVIxA"" folds",2026-03-20T03:17:25.516Z,177397664551600
"""Eating @ 3GZqeC-ZoC"" folds",2026-03-20T03:17:12.648Z,177397663264800
"""Daveo da rula @ hL2HOafVVY"" posts a big blind of 0.50",2026-03-20T03:17:11.453Z,177397663145312
"""blessed @ qCJm12-9Fn"" posts a small blind of 0.25",2026-03-20T03:17:11.453Z,177397663145311
"Your hand is 3♠, K♦",2026-03-20T03:17:11.453Z,177397663145310
"Player stacks: #1 ""blessed @ qCJm12-9Fn"" (90.03) | #2 ""Daveo da rula @ hL2HOafVVY"" (264.35) | #3 ""Eating @ 3GZqeC-ZoC"" (72.75) | #4 ""Zona @ Zo0iDlVIxA"" (39.00) | #5 ""Goober @ xKINFe6J18"" (432.01) | #6 ""chasingflushie @ E1NtDR8Iy-"" (193.75) | #7 ""Brogod @ E_b3ONoyca"" (229.25) | #8 ""momoji @ TL0f_A3349"" (43.88) | #10 ""eyz @ PFiA37ihL9"" (132.77)",2026-03-20T03:17:11.453Z,177397663145301
"-- starting hand #112 (id: kxhjlb2x0luh)  No Limit Texas Hold'em (dealer: ""eyz @ PFiA37ihL9"") --",2026-03-20T03:17:11.453Z,177397663145300
"""Eating @ 3GZqeC-ZoC"" shows a 3♦.",2026-03-20T03:17:08.823Z,177397662882300
"-- ending hand #111 --",2026-03-20T03:17:07.791Z,177397662779102
"""Goober @ xKINFe6J18"" collected 5.25 from pot",2026-03-20T03:17:07.791Z,177397662779101
"Uncalled bet of 5.25 returned to ""Goober @ xKINFe6J18""",2026-03-20T03:17:07.791Z,177397662779100
"""Eating @ 3GZqeC-ZoC"" folds",2026-03-20T03:17:06.964Z,177397662696400
"""Goober @ xKINFe6J18"" bets 5.25",2026-03-20T03:17:04.177Z,177397662417700
"""Eating @ 3GZqeC-ZoC"" checks",2026-03-20T03:16:58.898Z,177397661889800
"River: 9♣, K♦, 3♣, 10♠ [A♠]",2026-03-20T03:16:56.115Z,177397661611500
"""Goober @ xKINFe6J18"" checks",2026-03-20T03:16:55.235Z,177397661523500
"""Eating @ 3GZqeC-ZoC"" checks",2026-03-20T03:16:54.310Z,177397661431000
"Turn: 9♣, K♦, 3♣ [10♠]",2026-03-20T03:16:52.113Z,177397661211300
"""Goober @ xKINFe6J18"" checks",2026-03-20T03:16:51.276Z,177397661127600
"""Eating @ 3GZqeC-ZoC"" checks",2026-03-20T03:16:49.727Z,177397660972700
"Flop:  [9♣, K♦, 3♣]",2026-03-20T03:16:47.914Z,177397660791400
"""Eating @ 3GZqeC-ZoC"" calls 2.25",2026-03-20T03:16:47.077Z,177397660707700
"""blessed @ qCJm12-9Fn"" folds",2026-03-20T03:16:46.108Z,177397660610800
"""eyz @ PFiA37ihL9"" folds",2026-03-20T03:16:45.169Z,177397660516900
"""momoji @ TL0f_A3349"" folds",2026-03-20T03:16:44.240Z,177397660424000
"""Brogod @ E_b3ONoyca"" folds",2026-03-20T03:16:43.240Z,177397660324000
"""chasingflushie @ E1NtDR8Iy-"" folds",2026-03-20T03:16:42.313Z,177397660231300
"""Goober @ xKINFe6J18"" raises to 2.25",2026-03-20T03:16:41.385Z,177397660138500
"""Zona @ Zo0iDlVIxA"" folds",2026-03-20T03:16:35.384Z,177397659538400
"""Eating @ 3GZqeC-ZoC"" calls 0.50",2026-03-20T03:16:22.571Z,177397658257100
"""Daveo da rula @ hL2HOafVVY"" folds",2026-03-20T03:16:15.259Z,177397657525900
"""blessed @ qCJm12-9Fn"" posts a big blind of 0.50",2026-03-20T03:16:02.539Z,177397656253912
"""eyz @ PFiA37ihL9"" posts a small blind of 0.25",2026-03-20T03:16:02.539Z,177397656253911
"Your hand is 8♥, 7♣",2026-03-20T03:16:02.539Z,177397656253910
"Player stacks: #1 ""blessed @ qCJm12-9Fn"" (90.53) | #2 ""Daveo da rula @ hL2HOafVVY"" (264.35) | #3 ""Eating @ 3GZqeC-ZoC"" (75.00) | #4 ""Zona @ Zo0iDlVIxA"" (39.00) | #5 ""Goober @ xKINFe6J18"" (429.01) | #6 ""chasingflushie @ E1NtDR8Iy-"" (193.75) | #7 ""Brogod @ E_b3ONoyca"" (229.25) | #8 ""momoji @ TL0f_A3349"" (43.88) | #10 ""eyz @ PFiA37ihL9"" (133.02)",2026-03-20T03:16:02.539Z,177397656253901
"-- starting hand #111 (id: qxfvk6fu4ukh)  No Limit Texas Hold'em (dealer: ""momoji @ TL0f_A3349"") --",2026-03-20T03:16:02.539Z,177397656253900
"-- ending hand #110 --",2026-03-20T03:15:59.606Z,177397655960602
"""Brogod @ E_b3ONoyca"" collected 1.25 from pot",2026-03-20T03:15:59.606Z,177397655960601
"Uncalled bet of 1.25 returned to ""Brogod @ E_b3ONoyca""",2026-03-20T03:15:59.606Z,177397655960600
"""eyz @ PFiA37ihL9"" folds",2026-03-20T03:15:58.800Z,177397655880000
"""momoji @ TL0f_A3349"" folds",2026-03-20T03:15:53.229Z,177397655322900
"""Brogod @ E_b3ONoyca"" raises to 1.75",2026-03-20T03:15:50.814Z,177397655081400
"""chasingflushie @ E1NtDR8Iy-"" folds",2026-03-20T03:15:45.474Z,177397654547400
"""Goober @ xKINFe6J18"" folds",2026-03-20T03:15:44.467Z,177397654446700
"""Zona @ Zo0iDlVIxA"" folds",2026-03-20T03:15:43.531Z,177397654353100
"""Eating @ 3GZqeC-ZoC"" folds",2026-03-20T03:15:41.283Z,177397654128300
"""Daveo da rula @ hL2HOafVVY"" folds",2026-03-20T03:15:40.395Z,177397654039500
"""blessed @ qCJm12-9Fn"" folds",2026-03-20T03:15:26.843Z,177397652684300
"""eyz @ PFiA37ihL9"" posts a big blind of 0.50",2026-03-20T03:15:24.391Z,177397652439112
"""momoji @ TL0f_A3349"" posts a small blind of 0.25",2026-03-20T03:15:24.391Z,177397652439111
"Your hand is 3♥, 10♦",2026-03-20T03:15:24.391Z,177397652439110
"Player stacks: #1 ""blessed @ qCJm12-9Fn"" (90.53) | #2 ""Daveo da rula @ hL2HOafVVY"" (264.35) | #3 ""Eating @ 3GZqeC-ZoC"" (75.00) | #4 ""Zona @ Zo0iDlVIxA"" (39.00) | #5 ""Goober @ xKINFe6J18"" (429.01) | #6 ""chasingflushie @ E1NtDR8Iy-"" (193.75) | #7 ""Brogod @ E_b3ONoyca"" (228.50) | #8 ""momoji @ TL0f_A3349"" (44.13) | #10 ""eyz @ PFiA37ihL9"" (133.52)",2026-03-20T03:15:24.391Z,177397652439101
"-- starting hand #110 (id: afncu4qlvjw2)  No Limit Texas Hold'em (dealer: ""Brogod @ E_b3ONoyca"") --",2026-03-20T03:15:24.391Z,177397652439100
"-- ending hand #109 --",2026-03-20T03:15:21.364Z,177397652136403
"""Goober @ xKINFe6J18"" collected 19.49 from pot with Two Pair, J's & 10's (combination: A♣, 10♦, 10♥, J♥, J♣)",2026-03-20T03:15:21.364Z,177397652136402
"""Goober @ xKINFe6J18"" shows a J♥, K♠.",2026-03-20T03:15:21.364Z,177397652136401
"""momoji @ TL0f_A3349"" shows a K♣, 9♣.",2026-03-20T03:15:21.364Z,177397652136400
"""Goober @ xKINFe6J18"" checks",2026-03-20T03:15:20.540Z,177397652054000
"""momoji @ TL0f_A3349"" checks",2026-03-20T03:15:18.588Z,177397651858800
"River: 10♦, A♣, J♣, 9♠ [10♥]",2026-03-20T03:15:17.295Z,177397651729500
"""Goober @ xKINFe6J18"" checks",2026-03-20T03:15:16.473Z,177397651647300
"""momoji @ TL0f_A3349"" checks",2026-03-20T03:15:12.408Z,177397651240800
"Turn: 10♦, A♣, J♣ [9♠]",2026-03-20T03:15:10.858Z,177397651085800
"""Goober @ xKINFe6J18"" calls 4.87",2026-03-20T03:15:10.047Z,177397651004700
"""momoji @ TL0f_A3349"" bets 4.87",2026-03-20T03:15:05.698Z,177397650569800
"Flop:  [10♦, A♣, J♣]",2026-03-20T03:15:02.602Z,177397650260200
"""Goober @ xKINFe6J18"" calls 4.75",2026-03-20T03:15:01.772Z,177397650177200
"""momoji @ TL0f_A3349"" raises to 4.75",2026-03-20T03:14:53.342Z,177397649334200
"""Brogod @ E_b3ONoyca"" folds",2026-03-20T03:14:45.111Z,177397648511100
"""chasingflushie @ E1NtDR8Iy-"" folds",2026-03-20T03:14:44.159Z,177397648415900
"""Goober @ xKINFe6J18"" raises to 1.50",2026-03-20T03:14:38.848Z,177397647884800
"""Zona @ Zo0iDlVIxA"" folds",2026-03-20T03:14:28.188Z,177397646818800
"""Eating @ 3GZqeC-ZoC"" folds",2026-03-20T03:14:27.230Z,177397646723000
"""Daveo da rula @ hL2HOafVVY"" folds",2026-03-20T03:14:26.058Z,177397646605800
"""blessed @ qCJm12-9Fn"" folds",2026-03-20T03:13:48.192Z,177397642819200
"""eyz @ PFiA37ihL9"" folds",2026-03-20T03:13:46.442Z,177397642644200
"""momoji @ TL0f_A3349"" posts a big blind of 0.50",2026-03-20T03:13:45.461Z,177397642546112
"""Brogod @ E_b3ONoyca"" posts a small blind of 0.25",2026-03-20T03:13:45.461Z,177397642546111
"Your hand is 5♣, 4♠",2026-03-20T03:13:45.461Z,177397642546110
"Player stacks: #1 ""blessed @ qCJm12-9Fn"" (90.53) | #2 ""Daveo da rula @ hL2HOafVVY"" (264.35) | #3 ""Eating @ 3GZqeC-ZoC"" (75.00) | #4 ""Zona @ Zo0iDlVIxA"" (39.00) | #5 ""Goober @ xKINFe6J18"" (419.14) | #6 ""chasingflushie @ E1NtDR8Iy-"" (193.75) | #7 ""Brogod @ E_b3ONoyca"" (228.75) | #8 ""momoji @ TL0f_A3349"" (53.75) | #10 ""eyz @ PFiA37ihL9"" (133.52)",2026-03-20T03:13:45.461Z,177397642546101
"-- starting hand #109 (id: dhx8klylxxfu)  No Limit Texas Hold'em (dealer: ""chasingflushie @ E1NtDR8Iy-"") --",2026-03-20T03:13:45.461Z,177397642546100
"""momoji @ TL0f_A3349"" shows a 5♠.",2026-03-20T03:13:42.503Z,177397642250300
"-- ending hand #108 --",2026-03-20T03:13:41.830Z,177397642183002
"""momoji @ TL0f_A3349"" collected 5.50 from pot",2026-03-20T03:13:41.830Z,177397642183001
"Uncalled bet of 2.25 returned to ""momoji @ TL0f_A3349""",2026-03-20T03:13:41.830Z,177397642183000
"""Brogod @ E_b3ONoyca"" folds",2026-03-20T03:13:40.998Z,177397642099800
"""blessed @ qCJm12-9Fn"" folds",2026-03-20T03:13:40.015Z,177397642001500
"""momoji @ TL0f_A3349"" bets 2.25",2026-03-20T03:13:37.521Z,177397641752100
"""Brogod @ E_b3ONoyca"" checks",2026-03-20T03:13:35.248Z,177397641524800
"Flop:  [K♥, 8♦, 4♣]",2026-03-20T03:13:33.522Z,177397641352200
"""Brogod @ E_b3ONoyca"" calls 1.75",2026-03-20T03:13:32.694Z,177397641269400
"""chasingflushie @ E1NtDR8Iy-"" folds",2026-03-20T03:13:30.912Z,177397641091200
"""Goober @ xKINFe6J18"" folds",2026-03-20T03:13:29.933Z,177397640993300
"""Zona @ Zo0iDlVIxA"" folds",2026-03-20T03:13:29.014Z,177397640901400
"""Eating @ 3GZqeC-ZoC"" folds",2026-03-20T03:13:28.048Z,177397640804800
"""Daveo da rula @ hL2HOafVVY"" folds",2026-03-20T03:13:26.851Z,177397640685100
"""blessed @ qCJm12-9Fn"" calls 1.75",2026-03-20T03:13:25.781Z,177397640578100
"""eyz @ PFiA37ihL9"" folds",2026-03-20T03:13:22.552Z,177397640255200
"""momoji @ TL0f_A3349"" raises to 1.75",2026-03-20T03:13:21.580Z,177397640158000
"""Brogod @ E_b3ONoyca"" posts a big blind of 0.50",2026-03-20T03:13:17.858Z,177397639785813
"""chasingflushie @ E1NtDR8Iy-"" posts a small blind of 0.25",2026-03-20T03:13:17.858Z,177397639785812
"Your hand is 2♥, 10♣",2026-03-20T03:13:17.858Z,177397639785811
"Player stacks: #1 ""blessed @ qCJm12-9Fn"" (92.28) | #2 ""Daveo da rula @ hL2HOafVVY"" (264.35) | #3 ""Eating @ 3GZqeC-ZoC"" (75.00) | #4 ""Zona @ Zo0iDlVIxA"" (39.00) | #5 ""Goober @ xKINFe6J18"" (419.14) | #6 ""chasingflushie @ E1NtDR8Iy-"" (194.00) | #7 ""Brogod @ E_b3ONoyca"" (230.50) | #8 ""momoji @ TL0f_A3349"" (50.00) | #10 ""eyz @ PFiA37ihL9"" (133.52)",2026-03-20T03:13:17.858Z,177397639785802
"-- starting hand #108 (id: s98spzxdesal)  No Limit Texas Hold'em (dealer: ""Goober @ xKINFe6J18"") --",2026-03-20T03:13:17.858Z,177397639785801
"The player ""Eating @ 3GZqeC-ZoC"" joined the game with a stack of 75.00.",2026-03-20T03:13:17.858Z,177397639785800
"-- ending hand #107 --",2026-03-20T03:13:14.954Z,177397639495402
"""eyz @ PFiA37ihL9"" collected 4.50 from pot",2026-03-20T03:13:14.954Z,177397639495401
"Uncalled bet of 2.25 returned to ""eyz @ PFiA37ihL9""",2026-03-20T03:13:14.954Z,177397639495400
"""Goober @ xKINFe6J18"" folds",2026-03-20T03:13:14.145Z,177397639414500
"""eyz @ PFiA37ihL9"" bets 2.25",2026-03-20T03:13:13.216Z,177397639321600
"""Goober @ xKINFe6J18"" checks",2026-03-20T03:13:10.617Z,177397639061700
"Flop:  [K♥, A♣, 10♦]",2026-03-20T03:13:07.201Z,177397638720100
"""eyz @ PFiA37ihL9"" calls 2.00",2026-03-20T03:13:06.373Z,177397638637300
"""chasingflushie @ E1NtDR8Iy-"" folds",2026-03-20T03:13:05.019Z,177397638501900
"""Goober @ xKINFe6J18"" raises to 2.00",2026-03-20T03:13:04.028Z,177397638402800
"The admin approved the player ""Eating @ 3GZqeC-ZoC"" participation with a stack of 75.00.",2026-03-20T03:12:58.883Z,177397637888300
"""Zona @ Zo0iDlVIxA"" folds",2026-03-20T03:12:55.652Z,177397637565200
"""Daveo da rula @ hL2HOafVVY"" folds",2026-03-20T03:12:47.863Z,177397636786300
"""blessed @ qCJm12-9Fn"" folds",2026-03-20T03:12:46.786Z,177397636678600
"""eyz @ PFiA37ihL9"" calls 0.50",2026-03-20T03:12:45.935Z,177397636593500
"""momoji @ TL0f_A3349"" folds",2026-03-20T03:12:43.333Z,177397636333300
"""Brogod @ E_b3ONoyca"" folds",2026-03-20T03:12:33.287Z,177397635328700
"""chasingflushie @ E1NtDR8Iy-"" posts a big blind of 0.50",2026-03-20T03:12:32.115Z,177397635211512
"""Goober @ xKINFe6J18"" posts a small blind of 0.25",2026-03-20T03:12:32.115Z,177397635211511
"Your hand is 10♠, K♣",2026-03-20T03:12:32.115Z,177397635211510
"Player stacks: #1 ""blessed @ qCJm12-9Fn"" (92.28) | #2 ""Daveo da rula @ hL2HOafVVY"" (264.35) | #4 ""Zona @ Zo0iDlVIxA"" (39.00) | #5 ""Goober @ xKINFe6J18"" (421.14) | #6 ""chasingflushie @ E1NtDR8Iy-"" (194.50) | #7 ""Brogod @ E_b3ONoyca"" (230.50) | #8 ""momoji @ TL0f_A3349"" (50.00) | #10 ""eyz @ PFiA37ihL9"" (131.02)",2026-03-20T03:12:32.115Z,177397635211502
"-- starting hand #107 (id: w51oyxkvvdbs)  No Limit Texas Hold'em (dealer: ""Zona @ Zo0iDlVIxA"") --",2026-03-20T03:12:32.115Z,177397635211501
"The player ""momoji @ TL0f_A3349"" joined the game with a stack of 50.00.",2026-03-20T03:12:32.115Z,177397635211500
"-- ending hand #106 --",2026-03-20T03:12:29.103Z,177397634910302
"""eyz @ PFiA37ihL9"" collected 80.00 from pot with Full House, Q's over 2's (combination: 2♣, 2♠, Q♠, Q♦, Q♣)",2026-03-20T03:12:29.103Z,177397634910301
"""eyz @ PFiA37ihL9"" shows a Q♠, J♣.",2026-03-20T03:12:29.103Z,177397634910300
"""chasingflushie @ E1NtDR8Iy-"" calls 20.00",2026-03-20T03:12:28.268Z,177397634826800
"""eyz @ PFiA37ihL9"" bets 20.00",2026-03-20T03:12:05.470Z,177397632547000
"""chasingflushie @ E1NtDR8Iy-"" checks",2026-03-20T03:12:01.101Z,177397632110100
"River: Q♦, 2♣, Q♣, 2♠ [5♥]",2026-03-20T03:11:58.292Z,177397631829200
"""eyz @ PFiA37ihL9"" checks",2026-03-20T03:11:57.453Z,177397631745300
"""chasingflushie @ E1NtDR8Iy-"" checks",2026-03-20T03:11:54.998Z,177397631499800
"Turn: Q♦, 2♣, Q♣ [2♠]",2026-03-20T03:11:50.168Z,177397631016800
"""chasingflushie @ E1NtDR8Iy-"" calls 10.00",2026-03-20T03:11:49.355Z,177397630935500
"""Zona @ Zo0iDlVIxA"" folds",2026-03-20T03:11:40.856Z,177397630085600
"""eyz @ PFiA37ihL9"" bets 10.00",2026-03-20T03:11:39.204Z,177397629920400
"The admin approved the player ""momoji @ TL0f_A3349"" participation with a stack of 50.00.",2026-03-20T03:11:36.270Z,177397629627000
"""chasingflushie @ E1NtDR8Iy-"" checks",2026-03-20T03:11:36.087Z,177397629608700
"""Zona @ Zo0iDlVIxA"" checks",2026-03-20T03:11:31.710Z,177397629171000
"Flop:  [Q♦, 2♣, Q♣]",2026-03-20T03:11:29.029Z,177397628902900
"The player ""Eating @ 3GZqeC-ZoC"" requested a seat.",2026-03-20T03:11:28.369Z,177397628836900
"""eyz @ PFiA37ihL9"" calls 6.50",2026-03-20T03:11:28.197Z,177397628819700
"""chasingflushie @ E1NtDR8Iy-"" calls 6.50",2026-03-20T03:11:26.686Z,177397628668600
"""Goober @ xKINFe6J18"" folds",2026-03-20T03:11:23.189Z,177397628318900
"""Zona @ Zo0iDlVIxA"" raises to 6.50",2026-03-20T03:11:22.200Z,177397628220000
"""Daveo da rula @ hL2HOafVVY"" folds",2026-03-20T03:11:17.630Z,177397627763000
"""blessed @ qCJm12-9Fn"" folds",2026-03-20T03:11:16.478Z,177397627647800
"""eyz @ PFiA37ihL9"" calls 1.50",2026-03-20T03:11:15.560Z,177397627556000
"The player ""momoji @ TL0f_A3349"" requested a seat.",2026-03-20T03:11:14.274Z,177397627427400
"""Brogod @ E_b3ONoyca"" folds",2026-03-20T03:11:12.086Z,177397627208600
"""chasingflushie @ E1NtDR8Iy-"" raises to 1.50",2026-03-20T03:11:08.252Z,177397626825200
"""Goober @ xKINFe6J18"" posts a big blind of 0.50",2026-03-20T03:11:00.827Z,177397626082711
"""Zona @ Zo0iDlVIxA"" posts a small blind of 0.25",2026-03-20T03:11:00.827Z,177397626082710
"Your hand is Q♠, J♣",2026-03-20T03:11:00.827Z,177397626082709
"Player stacks: #1 ""blessed @ qCJm12-9Fn"" (92.28) | #2 ""Daveo da rula @ hL2HOafVVY"" (264.35) | #4 ""Zona @ Zo0iDlVIxA"" (45.50) | #5 ""Goober @ xKINFe6J18"" (421.64) | #6 ""chasingflushie @ E1NtDR8Iy-"" (231.00) | #7 ""Brogod @ E_b3ONoyca"" (230.50) | #10 ""eyz @ PFiA37ihL9"" (87.52)",2026-03-20T03:11:00.827Z,177397626082702
"-- starting hand #106 (id: sskyl60h0x8d)  No Limit Texas Hold'em (dead button) --",2026-03-20T03:11:00.827Z,177397626082701
"The player ""Eating @ 3GZqeC-ZoC"" quits the game with a stack of 0.00.",2026-03-20T03:11:00.827Z,177397626082700
"The player ""momoji @ TL0f_A3349"" canceled the seat request.",2026-03-20T03:10:59.752Z,177397625975200
"-- ending hand #105 --",2026-03-20T03:10:57.761Z,177397625776103
"""Eating @ 3GZqeC-ZoC"" shows a A♥, A♣.",2026-03-20T03:10:57.761Z,177397625776102
"""Daveo da rula @ hL2HOafVVY"" collected 122.64 from pot with Straight, 7 High (combination: 3♠, 4♣, 5♣, 6♥, 7♦)",2026-03-20T03:10:57.761Z,177397625776101
"""Daveo da rula @ hL2HOafVVY"" shows a 6♥, 5♥.",2026-03-20T03:10:57.761Z,177397625776100
"The player ""momoji @ TL0f_A3349"" requested a seat.",2026-03-20T03:10:57.531Z,177397625753100
"""Eating @ 3GZqeC-ZoC"" calls 35.82 and go all in",2026-03-20T03:10:56.917Z,177397625691700
"""Daveo da rula @ hL2HOafVVY"" bets 35.82",2026-03-20T03:10:56.012Z,177397625601200
"""Eating @ 3GZqeC-ZoC"" checks",2026-03-20T03:10:53.751Z,177397625375100
"River: 5♣, 3♣, 7♦, 3♠ [4♣]",2026-03-20T03:10:50.628Z,177397625062800
"""Daveo da rula @ hL2HOafVVY"" checks",2026-03-20T03:10:49.816Z,177397624981600
"""Eating @ 3GZqeC-ZoC"" checks",2026-03-20T03:10:48.845Z,177397624884500
"Turn: 5♣, 3♣, 7♦ [3♠]",2026-03-20T03:10:47.285Z,177397624728500
"""Eating @ 3GZqeC-ZoC"" calls 17.00",2026-03-20T03:10:46.455Z,177397624645500
"""Daveo da rula @ hL2HOafVVY"" bets 17.00",2026-03-20T03:10:42.314Z,177397624231400
"""Eating @ 3GZqeC-ZoC"" checks",2026-03-20T03:10:38.381Z,177397623838100
"Flop:  [5♣, 3♣, 7♦]",2026-03-20T03:10:31.625Z,177397623162500
"""Daveo da rula @ hL2HOafVVY"" calls 8.00",2026-03-20T03:10:30.819Z,177397623081900
"""blessed @ qCJm12-9Fn"" folds",2026-03-20T03:10:29.489Z,177397622948900
"""Zona @ Zo0iDlVIxA"" folds",2026-03-20T03:10:28.558Z,177397622855800
"""Eating @ 3GZqeC-ZoC"" raises to 8.00",2026-03-20T03:10:25.420Z,177397622542000
"""Daveo da rula @ hL2HOafVVY"" raises to 2.25",2026-03-20T03:10:20.216Z,177397622021600
"""blessed @ qCJm12-9Fn"" calls 0.50",2026-03-20T03:10:18.004Z,177397621800400
"""eyz @ PFiA37ihL9"" folds",2026-03-20T03:10:16.077Z,177397621607700
"""Brogod @ E_b3ONoyca"" folds",2026-03-20T03:10:15.128Z,177397621512800
"""chasingflushie @ E1NtDR8Iy-"" folds",2026-03-20T03:10:14.193Z,177397621419300
"""Goober @ xKINFe6J18"" folds",2026-03-20T03:10:10.851Z,177397621085100
"""Zona @ Zo0iDlVIxA"" posts a big blind of 0.50",2026-03-20T03:10:08.583Z,177397620858313
"""Eating @ 3GZqeC-ZoC"" posts a small blind of 0.25",2026-03-20T03:10:08.583Z,177397620858312
"Your hand is 3♥, J♣",2026-03-20T03:10:08.583Z,177397620858311
"Player stacks: #1 ""blessed @ qCJm12-9Fn"" (92.78) | #2 ""Daveo da rula @ hL2HOafVVY"" (202.53) | #3 ""Eating @ 3GZqeC-ZoC"" (60.82) | #4 ""Zona @ Zo0iDlVIxA"" (46.00) | #5 ""Goober @ xKINFe6J18"" (421.64) | #6 ""chasingflushie @ E1NtDR8Iy-"" (231.00) | #7 ""Brogod @ E_b3ONoyca"" (230.50) | #10 ""eyz @ PFiA37ihL9"" (87.52)",2026-03-20T03:10:08.583Z,177397620858303
"-- starting hand #105 (id: vylqcph3dhrv)  No Limit Texas Hold'em (dealer: ""Daveo da rula @ hL2HOafVVY"") --",2026-03-20T03:10:08.583Z,177397620858302
"The player ""jolly @ ZT-25AXnSd"" quits the game with a stack of 0.00.",2026-03-20T03:10:08.583Z,177397620858301
"The player ""Triangle5 @ zn7jYkqxSJ"" stand up with the stack of 89.25.",2026-03-20T03:10:08.583Z,177397620858300
"""blessed @ qCJm12-9Fn"" shows a K♥, K♦.",2026-03-20T03:10:07.559Z,177397620755900
"""Goober @ xKINFe6J18"" collected 20.00 from the 7-2 bounty",2026-03-20T03:10:04.955Z,177397620495508
"""Zona @ Zo0iDlVIxA"" paid 2.50 for the 7-2 bounty to ""Goober @ xKINFe6J18""",2026-03-20T03:10:04.955Z,177397620495507
"""Brogod @ E_b3ONoyca"" paid 2.50 for the 7-2 bounty to ""Goober @ xKINFe6J18""",2026-03-20T03:10:04.955Z,177397620495506
"""Eating @ 3GZqeC-ZoC"" paid 2.50 for the 7-2 bounty to ""Goober @ xKINFe6J18""",2026-03-20T03:10:04.955Z,177397620495505
"""Triangle5 @ zn7jYkqxSJ"" paid 2.50 for the 7-2 bounty to ""Goober @ xKINFe6J18""",2026-03-20T03:10:04.955Z,177397620495504
"""chasingflushie @ E1NtDR8Iy-"" paid 2.50 for the 7-2 bounty to ""Goober @ xKINFe6J18""",2026-03-20T03:10:04.955Z,177397620495503
"""eyz @ PFiA37ihL9"" paid 2.50 for the 7-2 bounty to ""Goober @ xKINFe6J18""",2026-03-20T03:10:04.955Z,177397620495502
"""blessed @ qCJm12-9Fn"" paid 2.50 for the 7-2 bounty to ""Goober @ xKINFe6J18""",2026-03-20T03:10:04.955Z,177397620495501
"""Daveo da rula @ hL2HOafVVY"" paid 2.50 for the 7-2 bounty to ""Goober @ xKINFe6J18""",2026-03-20T03:10:04.955Z,177397620495500
"-- ending hand #104 --",2026-03-20T03:10:01.892Z,177397620189201
"""Goober @ xKINFe6J18"" collected 179.07 from pot with Full House, 7's over 2's (combination: 2♦, 2♣, 7♦, 7♣, 7♠)",2026-03-20T03:10:01.892Z,177397620189200
"River: 7♣, A♠, 2♦, 2♣ [7♠]",2026-03-20T03:09:57.685Z,177397619768500
"Turn: 7♣, A♠, 2♦ [2♣]",2026-03-20T03:09:53.625Z,177397619362500
"""jolly @ ZT-25AXnSd"" shows a 4♦, 5♦.",2026-03-20T03:09:49.616Z,177397618961601
"""Goober @ xKINFe6J18"" shows a 2♥, 7♦.",2026-03-20T03:09:49.616Z,177397618961600
"""Goober @ xKINFe6J18"" calls 71.56",2026-03-20T03:09:48.790Z,177397618879000
"""blessed @ qCJm12-9Fn"" folds",2026-03-20T03:09:47.084Z,177397618708400
"""jolly @ ZT-25AXnSd"" raises to 71.56 and go all in",2026-03-20T03:09:46.186Z,177397618618600
"""Goober @ xKINFe6J18"" raises to 35.94",2026-03-20T03:09:39.160Z,177397617916000
"""Eating @ 3GZqeC-ZoC"" folds",2026-03-20T03:09:29.841Z,177397616984100
"""blessed @ qCJm12-9Fn"" bets 11.98",2026-03-20T03:09:23.572Z,177397616357200
"""jolly @ ZT-25AXnSd"" checks",2026-03-20T03:09:20.343Z,177397616034300
"""Goober @ xKINFe6J18"" checks",2026-03-20T03:09:19.505Z,177397615950500
"""Eating @ 3GZqeC-ZoC"" checks",2026-03-20T03:09:15.994Z,177397615599400
"Flop:  [7♣, A♠, 2♦]",2026-03-20T03:09:14.471Z,177397615447100
"""jolly @ ZT-25AXnSd"" calls 5.93",2026-03-20T03:09:13.613Z,177397615361300
"""Goober @ xKINFe6J18"" calls 5.93",2026-03-20T03:09:12.751Z,177397615275100
"""Eating @ 3GZqeC-ZoC"" calls 5.93",2026-03-20T03:09:07.786Z,177397614778600
"""Daveo da rula @ hL2HOafVVY"" folds",2026-03-20T03:09:05.693Z,177397614569300
"""blessed @ qCJm12-9Fn"" raises to 5.93",2026-03-20T03:09:04.562Z,177397614456200
"""eyz @ PFiA37ihL9"" folds",2026-03-20T03:08:57.926Z,177397613792600
"""Triangle5 @ zn7jYkqxSJ"" folds",2026-03-20T03:08:57.051Z,177397613705100
"""jolly @ ZT-25AXnSd"" calls 1.50",2026-03-20T03:08:56.026Z,177397613602600
"""Brogod @ E_b3ONoyca"" folds",2026-03-20T03:08:53.447Z,177397613344700
"""chasingflushie @ E1NtDR8Iy-"" folds",2026-03-20T03:08:40.609Z,177397612060900
"""Goober @ xKINFe6J18"" raises to 1.50",2026-03-20T03:08:39.321Z,177397611932100
"""Zona @ Zo0iDlVIxA"" folds",2026-03-20T03:08:33.560Z,177397611356000
"""Eating @ 3GZqeC-ZoC"" posts a big blind of 0.50",2026-03-20T03:08:28.590Z,177397610859013
"""Daveo da rula @ hL2HOafVVY"" posts a small blind of 0.25",2026-03-20T03:08:28.590Z,177397610859012
"Your hand is 2♠, 10♦",2026-03-20T03:08:28.590Z,177397610859011
"Player stacks: #1 ""blessed @ qCJm12-9Fn"" (113.19) | #2 ""Daveo da rula @ hL2HOafVVY"" (205.28) | #3 ""Eating @ 3GZqeC-ZoC"" (69.25) | #4 ""Zona @ Zo0iDlVIxA"" (48.50) | #5 ""Goober @ xKINFe6J18"" (300.06) | #6 ""chasingflushie @ E1NtDR8Iy-"" (233.50) | #7 ""Brogod @ E_b3ONoyca"" (233.00) | #8 ""jolly @ ZT-25AXnSd"" (77.49) | #9 ""Triangle5 @ zn7jYkqxSJ"" (91.75) | #10 ""eyz @ PFiA37ihL9"" (90.02)",2026-03-20T03:08:28.590Z,177397610859001
"-- starting hand #104 (id: edttpmerwpcj)  No Limit Texas Hold'em (dealer: ""blessed @ qCJm12-9Fn"") --",2026-03-20T03:08:28.590Z,177397610859000
"-- ending hand #103 --",2026-03-20T03:08:25.563Z,177397610556303
"""eyz @ PFiA37ihL9"" collected 52.00 from pot with Two Pair, K's & 6's (combination: 8♥, 6♠, 6♦, K♠, K♦)",2026-03-20T03:08:25.563Z,177397610556302
"""eyz @ PFiA37ihL9"" shows a 6♠, K♠.",2026-03-20T03:08:25.563Z,177397610556301
"""blessed @ qCJm12-9Fn"" shows a 7♣, 9♣.",2026-03-20T03:08:25.563Z,177397610556300
"""eyz @ PFiA37ihL9"" calls 13.00",2026-03-20T03:08:24.749Z,177397610474900
"""blessed @ qCJm12-9Fn"" bets 13.00",2026-03-20T03:08:22.471Z,177397610247100
"River: 4♣, K♦, 7♠, 6♦ [8♥]",2026-03-20T03:08:17.245Z,177397609724500
"""blessed @ qCJm12-9Fn"" calls 6.50",2026-03-20T03:08:16.440Z,177397609644000
"""eyz @ PFiA37ihL9"" bets 6.50",2026-03-20T03:08:14.740Z,177397609474000
"""blessed @ qCJm12-9Fn"" checks",2026-03-20T03:08:11.855Z,177397609185500
"Turn: 4♣, K♦, 7♠ [6♦]",2026-03-20T03:08:09.566Z,177397608956600
"""jolly @ ZT-25AXnSd"" folds",2026-03-20T03:08:08.753Z,177397608875300
"""Zona @ Zo0iDlVIxA"" folds",2026-03-20T03:08:07.868Z,177397608786800
"""blessed @ qCJm12-9Fn"" calls 3.25",2026-03-20T03:07:53.458Z,177397607345800
"""eyz @ PFiA37ihL9"" bets 3.25",2026-03-20T03:07:50.716Z,177397607071600
"""jolly @ ZT-25AXnSd"" checks",2026-03-20T03:07:46.918Z,177397606691800
"""Zona @ Zo0iDlVIxA"" checks",2026-03-20T03:07:45.961Z,177397606596100
"""blessed @ qCJm12-9Fn"" checks",2026-03-20T03:07:44.930Z,177397606493000
"Flop:  [4♣, K♦, 7♠]",2026-03-20T03:07:42.670Z,177397606267000
"""Zona @ Zo0iDlVIxA"" calls 1.50",2026-03-20T03:07:41.849Z,177397606184900
"""Daveo da rula @ hL2HOafVVY"" folds",2026-03-20T03:07:33.518Z,177397605351800
"""blessed @ qCJm12-9Fn"" calls 1.50",2026-03-20T03:07:32.480Z,177397605248000
"""eyz @ PFiA37ihL9"" calls 1.50",2026-03-20T03:07:31.361Z,177397605136100
"""Triangle5 @ zn7jYkqxSJ"" folds",2026-03-20T03:07:29.891Z,177397604989100
"""jolly @ ZT-25AXnSd"" raises to 1.50",2026-03-20T03:07:23.008Z,177397604300800
"""Brogod @ E_b3ONoyca"" folds",2026-03-20T03:07:19.427Z,177397603942700
"""chasingflushie @ E1NtDR8Iy-"" folds",2026-03-20T03:07:06.606Z,177397602660600
"""Goober @ xKINFe6J18"" folds",2026-03-20T03:07:05.550Z,177397602555000
"""Zona @ Zo0iDlVIxA"" calls 0.50",2026-03-20T03:07:04.524Z,177397602452400
"""Eating @ 3GZqeC-ZoC"" folds",2026-03-20T03:07:01.895Z,177397602189500
"""Daveo da rula @ hL2HOafVVY"" posts a big blind of 0.50",2026-03-20T03:06:59.638Z,177397601963813
"""blessed @ qCJm12-9Fn"" posts a small blind of 0.25",2026-03-20T03:06:59.638Z,177397601963812
"Your hand is 6♠, K♠",2026-03-20T03:06:59.638Z,177397601963811
"Player stacks: #1 ""blessed @ qCJm12-9Fn"" (137.44) | #2 ""Daveo da rula @ hL2HOafVVY"" (205.78) | #3 ""Eating @ 3GZqeC-ZoC"" (69.25) | #4 ""Zona @ Zo0iDlVIxA"" (50.00) | #5 ""Goober @ xKINFe6J18"" (300.06) | #6 ""chasingflushie @ E1NtDR8Iy-"" (233.50) | #7 ""Brogod @ E_b3ONoyca"" (233.00) | #8 ""jolly @ ZT-25AXnSd"" (78.99) | #9 ""Triangle5 @ zn7jYkqxSJ"" (91.75) | #10 ""eyz @ PFiA37ihL9"" (62.27)",2026-03-20T03:06:59.638Z,177397601963801
"-- starting hand #103 (id: otnascjozioh)  No Limit Texas Hold'em (dealer: ""eyz @ PFiA37ihL9"") --",2026-03-20T03:06:59.638Z,177397601963800
"-- ending hand #102 --",2026-03-20T03:06:56.708Z,177397601670802
"""Eating @ 3GZqeC-ZoC"" collected 12.75 from pot",2026-03-20T03:06:56.708Z,177397601670801
"Uncalled bet of 7.00 returned to ""Eating @ 3GZqeC-ZoC""",2026-03-20T03:06:56.708Z,177397601670800
"""Daveo da rula @ hL2HOafVVY"" folds",2026-03-20T03:06:55.858Z,177397601585800
"""Eating @ 3GZqeC-ZoC"" bets 7.00",2026-03-20T03:06:54.354Z,177397601435400
"""Daveo da rula @ hL2HOafVVY"" checks",2026-03-20T03:06:47.907Z,177397600790700
"Turn: J♠, J♦, K♥ [10♣]",2026-03-20T03:06:47.107Z,177397600710700
"""Eating @ 3GZqeC-ZoC"" checks",2026-03-20T03:06:46.295Z,177397600629500
"""Daveo da rula @ hL2HOafVVY"" checks",2026-03-20T03:06:43.434Z,177397600343400
"Flop:  [J♠, J♦, K♥]",2026-03-20T03:06:41.781Z,177397600178100
"""Daveo da rula @ hL2HOafVVY"" calls 6.00",2026-03-20T03:06:40.975Z,177397600097500
"""blessed @ qCJm12-9Fn"" folds",2026-03-20T03:06:39.690Z,177397599969000
"""eyz @ PFiA37ihL9"" folds",2026-03-20T03:06:38.784Z,177397599878400
"""Triangle5 @ zn7jYkqxSJ"" folds",2026-03-20T03:06:37.905Z,177397599790500
"""jolly @ ZT-25AXnSd"" folds",2026-03-20T03:06:36.982Z,177397599698200
"""Brogod @ E_b3ONoyca"" folds",2026-03-20T03:06:36.131Z,177397599613100
"""chasingflushie @ E1NtDR8Iy-"" folds",2026-03-20T03:06:23.286Z,177397598328600
"""Goober @ xKINFe6J18"" folds",2026-03-20T03:06:22.314Z,177397598231400
"""Zona @ Zo0iDlVIxA"" folds",2026-03-20T03:06:04.267Z,177397596426700
"""Eating @ 3GZqeC-ZoC"" raises to 6.00",2026-03-20T03:06:03.341Z,177397596334100
"""Daveo da rula @ hL2HOafVVY"" raises to 1.50",2026-03-20T03:05:53.851Z,177397595385100
"""blessed @ qCJm12-9Fn"" posts a big blind of 0.50",2026-03-20T03:05:51.755Z,177397595175513
"""eyz @ PFiA37ihL9"" posts a small blind of 0.25",2026-03-20T03:05:51.755Z,177397595175512
"Your hand is 9♣, 8♥",2026-03-20T03:05:51.755Z,177397595175511
"Player stacks: #1 ""blessed @ qCJm12-9Fn"" (137.94) | #2 ""Daveo da rula @ hL2HOafVVY"" (211.78) | #3 ""Eating @ 3GZqeC-ZoC"" (62.50) | #4 ""Zona @ Zo0iDlVIxA"" (50.00) | #5 ""Goober @ xKINFe6J18"" (300.06) | #6 ""chasingflushie @ E1NtDR8Iy-"" (233.50) | #7 ""Brogod @ E_b3ONoyca"" (233.00) | #8 ""jolly @ ZT-25AXnSd"" (78.99) | #9 ""Triangle5 @ zn7jYkqxSJ"" (91.75) | #10 ""eyz @ PFiA37ihL9"" (62.52)",2026-03-20T03:05:51.755Z,177397595175501
"-- starting hand #102 (id: fyq1zrau23gm)  No Limit Texas Hold'em (dealer: ""Triangle5 @ zn7jYkqxSJ"") --",2026-03-20T03:05:51.755Z,177397595175500
"-- ending hand #101 --",2026-03-20T03:05:48.842Z,177397594884202
"""eyz @ PFiA37ihL9"" collected 11.25 from pot",2026-03-20T03:05:48.842Z,177397594884201
"Uncalled bet of 6.25 returned to ""eyz @ PFiA37ihL9""",2026-03-20T03:05:48.842Z,177397594884200
"""Daveo da rula @ hL2HOafVVY"" folds",2026-03-20T03:05:48.039Z,177397594803900
"""eyz @ PFiA37ihL9"" raises to 10.00",2026-03-20T03:05:45.294Z,177397594529400
"""Daveo da rula @ hL2HOafVVY"" bets 3.75",2026-03-20T03:05:34.123Z,177397593412300
"""eyz @ PFiA37ihL9"" checks",2026-03-20T03:05:26.420Z,177397592642000
"Flop:  [2♠, 8♠, 9♦]",2026-03-20T03:05:23.018Z,177397592301800
"""eyz @ PFiA37ihL9"" calls 1.75",2026-03-20T03:05:22.185Z,177397592218500
"""Triangle5 @ zn7jYkqxSJ"" folds",2026-03-20T03:05:21.042Z,177397592104200
"""jolly @ ZT-25AXnSd"" folds",2026-03-20T03:05:20.078Z,177397592007800
"""Brogod @ E_b3ONoyca"" folds",2026-03-20T03:05:19.083Z,177397591908300
"""chasingflushie @ E1NtDR8Iy-"" folds",2026-03-20T03:05:18.166Z,177397591816600
"""Goober @ xKINFe6J18"" folds",2026-03-20T03:05:16.718Z,177397591671800
"""Zona @ Zo0iDlVIxA"" folds",2026-03-20T03:05:11.918Z,177397591191800
"""Eating @ 3GZqeC-ZoC"" folds",2026-03-20T03:05:10.956Z,177397591095600
"""Daveo da rula @ hL2HOafVVY"" raises to 1.75",2026-03-20T03:05:10.091Z,177397591009100
"""blessed @ qCJm12-9Fn"" folds",2026-03-20T03:05:04.253Z,177397590425300
"""eyz @ PFiA37ihL9"" posts a big blind of 0.50",2026-03-20T03:05:03.054Z,177397590305414
"""Triangle5 @ zn7jYkqxSJ"" posts a small blind of 0.25",2026-03-20T03:05:03.054Z,177397590305413
"Your hand is J♥, 4♥",2026-03-20T03:05:03.054Z,177397590305412
"Player stacks: #1 ""blessed @ qCJm12-9Fn"" (137.94) | #2 ""Daveo da rula @ hL2HOafVVY"" (217.28) | #3 ""Eating @ 3GZqeC-ZoC"" (62.50) | #4 ""Zona @ Zo0iDlVIxA"" (50.00) | #5 ""Goober @ xKINFe6J18"" (300.06) | #6 ""chasingflushie @ E1NtDR8Iy-"" (233.50) | #7 ""Brogod @ E_b3ONoyca"" (233.00) | #8 ""jolly @ ZT-25AXnSd"" (78.99) | #9 ""Triangle5 @ zn7jYkqxSJ"" (92.00) | #10 ""eyz @ PFiA37ihL9"" (56.77)",2026-03-20T03:05:03.054Z,177397590305402
"-- starting hand #101 (id: pmyaqfig3lcz)  No Limit Texas Hold'em (dealer: ""jolly @ ZT-25AXnSd"") --",2026-03-20T03:05:03.054Z,177397590305401
"The player ""Zona @ Zo0iDlVIxA"" joined the game with a stack of 50.00.",2026-03-20T03:05:03.054Z,177397590305400
"-- ending hand #100 --",2026-03-20T03:05:00.137Z,177397590013702
"""Brogod @ E_b3ONoyca"" collected 4.50 from pot",2026-03-20T03:05:00.137Z,177397590013701
"Uncalled bet of 1.75 returned to ""Brogod @ E_b3ONoyca""",2026-03-20T03:05:00.137Z,177397590013700
"""Triangle5 @ zn7jYkqxSJ"" folds",2026-03-20T03:04:59.327Z,177397589932700
"""jolly @ ZT-25AXnSd"" folds",2026-03-20T03:04:56.254Z,177397589625400
"""Brogod @ E_b3ONoyca"" bets 1.75",2026-03-20T03:04:55.420Z,177397589542000
"""Triangle5 @ zn7jYkqxSJ"" checks",2026-03-20T03:04:52.697Z,177397589269700
"""jolly @ ZT-25AXnSd"" checks",2026-03-20T03:04:50.292Z,177397589029200
"Flop:  [6♠, K♥, 3♣]",2026-03-20T03:04:47.323Z,177397588732300
"""Triangle5 @ zn7jYkqxSJ"" calls 1.50",2026-03-20T03:04:46.498Z,177397588649800
"""jolly @ ZT-25AXnSd"" calls 1.50",2026-03-20T03:04:44.469Z,177397588446900
"""Brogod @ E_b3ONoyca"" raises to 1.50",2026-03-20T03:04:41.980Z,177397588198000
"""chasingflushie @ E1NtDR8Iy-"" folds",2026-03-20T03:04:39.766Z,177397587976600
"""Goober @ xKINFe6J18"" folds",2026-03-20T03:04:38.763Z,177397587876300
"""Eating @ 3GZqeC-ZoC"" folds",2026-03-20T03:04:37.711Z,177397587771100
"The admin approved the player ""Zona @ Zo0iDlVIxA"" participation with a stack of 50.00.",2026-03-20T03:04:34.239Z,177397587423900
"""Daveo da rula @ hL2HOafVVY"" folds",2026-03-20T03:04:33.016Z,177397587301600
"""blessed @ qCJm12-9Fn"" folds",2026-03-20T03:04:31.789Z,177397587178900
"""eyz @ PFiA37ihL9"" folds",2026-03-20T03:04:30.851Z,177397587085100
"""Triangle5 @ zn7jYkqxSJ"" posts a big blind of 0.50",2026-03-20T03:04:29.158Z,177397586915812
"""jolly @ ZT-25AXnSd"" posts a small blind of 0.25",2026-03-20T03:04:29.158Z,177397586915811
"Your hand is 5♣, 6♦",2026-03-20T03:04:29.158Z,177397586915810
"Player stacks: #1 ""blessed @ qCJm12-9Fn"" (137.94) | #2 ""Daveo da rula @ hL2HOafVVY"" (217.28) | #3 ""Eating @ 3GZqeC-ZoC"" (62.50) | #5 ""Goober @ xKINFe6J18"" (300.06) | #6 ""chasingflushie @ E1NtDR8Iy-"" (233.50) | #7 ""Brogod @ E_b3ONoyca"" (230.00) | #8 ""jolly @ ZT-25AXnSd"" (80.49) | #9 ""Triangle5 @ zn7jYkqxSJ"" (93.50) | #10 ""eyz @ PFiA37ihL9"" (56.77)",2026-03-20T03:04:29.158Z,177397586915801
"-- starting hand #100 (id: ukn6pvdp3ktn)  No Limit Texas Hold'em (dealer: ""Brogod @ E_b3ONoyca"") --",2026-03-20T03:04:29.158Z,177397586915800
"-- ending hand #99 --",2026-03-20T03:04:26.249Z,177397586624902
"""Brogod @ E_b3ONoyca"" collected 51.00 from pot",2026-03-20T03:04:26.249Z,177397586624901
"Uncalled bet of 12.00 returned to ""Brogod @ E_b3ONoyca""",2026-03-20T03:04:26.249Z,177397586624900
"""Daveo da rula @ hL2HOafVVY"" folds",2026-03-20T03:04:25.416Z,177397586541600
"""Brogod @ E_b3ONoyca"" bets 12.00",2026-03-20T03:04:20.795Z,177397586079500
"River: 5♥, 4♣, 6♣, K♥ [2♠]",2026-03-20T03:04:14.703Z,177397585470300
"""Daveo da rula @ hL2HOafVVY"" checks",2026-03-20T03:04:13.881Z,177397585388100
"""Brogod @ E_b3ONoyca"" checks",2026-03-20T03:04:12.091Z,177397585209100
"Turn: 5♥, 4♣, 6♣ [K♥]",2026-03-20T03:04:10.400Z,177397585040000
"""Brogod @ E_b3ONoyca"" calls 12.75",2026-03-20T03:04:09.586Z,177397584958600
"""Goober @ xKINFe6J18"" folds",2026-03-20T03:04:06.348Z,177397584634800
"""Daveo da rula @ hL2HOafVVY"" bets 12.75",2026-03-20T03:04:03.118Z,177397584311800
"""Brogod @ E_b3ONoyca"" checks",2026-03-20T03:03:59.481Z,177397583948100
"Flop:  [5♥, 4♣, 6♣]",2026-03-20T03:03:56.276Z,177397583627600
"""Eating @ 3GZqeC-ZoC"" folds",2026-03-20T03:03:55.468Z,177397583546800
"The player ""Zona @ Zo0iDlVIxA"" requested a seat.",2026-03-20T03:03:54.380Z,177397583438000
"""Daveo da rula @ hL2HOafVVY"" calls 7.75",2026-03-20T03:03:46.981Z,177397582698100
"""jolly @ ZT-25AXnSd"" folds",2026-03-20T03:03:37.921Z,177397581792100
"""Brogod @ E_b3ONoyca"" calls 7.75",2026-03-20T03:03:37.067Z,177397581706700
"""chasingflushie @ E1NtDR8Iy-"" folds",2026-03-20T03:03:31.367Z,177397581136700
"""Goober @ xKINFe6J18"" raises to 7.75",2026-03-20T03:03:30.416Z,177397581041600
"""Eating @ 3GZqeC-ZoC"" calls 1.75",2026-03-20T03:03:25.979Z,177397580597900
"""Daveo da rula @ hL2HOafVVY"" raises to 1.75",2026-03-20T03:03:20.407Z,177397580040700
"""blessed @ qCJm12-9Fn"" folds",2026-03-20T03:03:17.352Z,177397579735200
"""eyz @ PFiA37ihL9"" folds",2026-03-20T03:03:16.482Z,177397579648200
"""Triangle5 @ zn7jYkqxSJ"" folds",2026-03-20T03:03:15.636Z,177397579563600
"""jolly @ ZT-25AXnSd"" posts a big blind of 0.50",2026-03-20T03:03:12.397Z,177397579239712
"""Brogod @ E_b3ONoyca"" posts a small blind of 0.25",2026-03-20T03:03:12.397Z,177397579239711
"Your hand is 10♥, 8♣",2026-03-20T03:03:12.397Z,177397579239710
"Player stacks: #1 ""blessed @ qCJm12-9Fn"" (137.94) | #2 ""Daveo da rula @ hL2HOafVVY"" (237.78) | #3 ""Eating @ 3GZqeC-ZoC"" (64.25) | #5 ""Goober @ xKINFe6J18"" (307.81) | #6 ""chasingflushie @ E1NtDR8Iy-"" (233.50) | #7 ""Brogod @ E_b3ONoyca"" (199.50) | #8 ""jolly @ ZT-25AXnSd"" (80.99) | #9 ""Triangle5 @ zn7jYkqxSJ"" (93.50) | #10 ""eyz @ PFiA37ihL9"" (56.77)",2026-03-20T03:03:12.397Z,177397579239701
"-- starting hand #99 (id: eojvsxjedq3z)  No Limit Texas Hold'em (dealer: ""chasingflushie @ E1NtDR8Iy-"") --",2026-03-20T03:03:12.397Z,177397579239700
"-- ending hand #98 --",2026-03-20T03:03:09.450Z,177397578945002
"""blessed @ qCJm12-9Fn"" collected 25.49 from pot",2026-03-20T03:03:09.450Z,177397578945001
"Uncalled bet of 6.37 returned to ""blessed @ qCJm12-9Fn""",2026-03-20T03:03:09.450Z,177397578945000
"""Daveo da rula @ hL2HOafVVY"" folds",2026-03-20T03:03:08.623Z,177397578862300
"""blessed @ qCJm12-9Fn"" raises to 12.74",2026-03-20T03:03:05.910Z,177397578591000
"""Daveo da rula @ hL2HOafVVY"" bets 6.37",2026-03-20T03:03:01.680Z,177397578168000
"""blessed @ qCJm12-9Fn"" checks",2026-03-20T03:02:58.344Z,177397577834400
"Flop:  [2♦, 9♦, 6♣]",2026-03-20T03:02:56.141Z,177397577614100
"""blessed @ qCJm12-9Fn"" calls 6.00",2026-03-20T03:02:55.308Z,177397577530800
"""Brogod @ E_b3ONoyca"" folds",2026-03-20T03:02:52.345Z,177397577234500
"""chasingflushie @ E1NtDR8Iy-"" folds",2026-03-20T03:02:51.393Z,177397577139300
"""Goober @ xKINFe6J18"" folds",2026-03-20T03:02:50.420Z,177397577042000
"""Eating @ 3GZqeC-ZoC"" folds",2026-03-20T03:02:49.416Z,177397576941600
"""Daveo da rula @ hL2HOafVVY"" raises to 6.00",2026-03-20T03:02:47.921Z,177397576792100
"""blessed @ qCJm12-9Fn"" raises to 1.75",2026-03-20T03:02:44.712Z,177397576471200
"""eyz @ PFiA37ihL9"" folds",2026-03-20T03:02:38.940Z,177397575894000
"""Triangle5 @ zn7jYkqxSJ"" folds",2026-03-20T03:02:33.976Z,177397575397600
"""jolly @ ZT-25AXnSd"" folds",2026-03-20T03:02:09.358Z,177397572935800
"""Brogod @ E_b3ONoyca"" posts a big blind of 0.50",2026-03-20T03:02:08.183Z,177397572818313
"""chasingflushie @ E1NtDR8Iy-"" posts a small blind of 0.25",2026-03-20T03:02:08.183Z,177397572818312
"Your hand is K♣, 10♦",2026-03-20T03:02:08.183Z,177397572818311
"Player stacks: #1 ""blessed @ qCJm12-9Fn"" (124.82) | #2 ""Daveo da rula @ hL2HOafVVY"" (250.15) | #3 ""Eating @ 3GZqeC-ZoC"" (64.25) | #5 ""Goober @ xKINFe6J18"" (307.81) | #6 ""chasingflushie @ E1NtDR8Iy-"" (233.75) | #7 ""Brogod @ E_b3ONoyca"" (200.00) | #8 ""jolly @ ZT-25AXnSd"" (80.99) | #9 ""Triangle5 @ zn7jYkqxSJ"" (93.50) | #10 ""eyz @ PFiA37ihL9"" (56.77)",2026-03-20T03:02:08.183Z,177397572818302
"-- starting hand #98 (id: jsnos7kl9gue)  No Limit Texas Hold'em (dealer: ""Goober @ xKINFe6J18"") --",2026-03-20T03:02:08.183Z,177397572818301
"The player ""Brogod @ E_b3ONoyca"" joined the game with a stack of 200.00.",2026-03-20T03:02:08.183Z,177397572818300
"-- ending hand #97 --",2026-03-20T03:02:05.181Z,177397572518102
"""jolly @ ZT-25AXnSd"" collected 31.47 from pot with Two Pair, K's & 10's (combination: A♣, 10♥, 10♣, K♠, K♦)",2026-03-20T03:02:05.181Z,177397572518101
"""jolly @ ZT-25AXnSd"" shows a 10♥, K♠.",2026-03-20T03:02:05.181Z,177397572518100
"""eyz @ PFiA37ihL9"" checks",2026-03-20T03:02:04.367Z,177397572436700
"""jolly @ ZT-25AXnSd"" checks",2026-03-20T03:01:56.645Z,177397571664500
"River: K♦, 7♦, A♣, 10♣ [2♠]",2026-03-20T03:01:55.937Z,177397571593700
"""jolly @ ZT-25AXnSd"" calls 10.49",2026-03-20T03:01:55.111Z,177397571511100
"The admin approved the player ""Brogod @ E_b3ONoyca"" participation with a stack of 200.00.",2026-03-20T03:01:40.484Z,177397570048400
"""eyz @ PFiA37ihL9"" bets 10.49",2026-03-20T03:01:30.737Z,177397569073700
"""jolly @ ZT-25AXnSd"" checks",2026-03-20T03:01:26.287Z,177397568628700
"Turn: K♦, 7♦, A♣ [10♣]",2026-03-20T03:01:25.919Z,177397568591900
"""jolly @ ZT-25AXnSd"" calls 2.62",2026-03-20T03:01:25.028Z,177397568502800
"""Daveo da rula @ hL2HOafVVY"" folds",2026-03-20T03:01:23.633Z,177397568363300
"""eyz @ PFiA37ihL9"" bets 2.62",2026-03-20T03:01:21.990Z,177397568199000
"""jolly @ ZT-25AXnSd"" checks",2026-03-20T03:01:15.923Z,177397567592300
"Flop:  [K♦, 7♦, A♣]",2026-03-20T03:01:14.313Z,177397567431300
"""chasingflushie @ E1NtDR8Iy-"" folds",2026-03-20T03:01:13.448Z,177397567344800
"""Goober @ xKINFe6J18"" folds",2026-03-20T03:01:12.168Z,177397567216800
"""Eating @ 3GZqeC-ZoC"" folds",2026-03-20T03:01:11.109Z,177397567110900
"""Daveo da rula @ hL2HOafVVY"" calls 1.50",2026-03-20T03:01:02.378Z,177397566237800
"""blessed @ qCJm12-9Fn"" folds",2026-03-20T03:01:00.742Z,177397566074200
"""eyz @ PFiA37ihL9"" calls 1.50",2026-03-20T03:00:59.788Z,177397565978800
"""Triangle5 @ zn7jYkqxSJ"" folds",2026-03-20T03:00:57.476Z,177397565747600
"""jolly @ ZT-25AXnSd"" raises to 1.50",2026-03-20T03:00:56.480Z,177397565648000
"""chasingflushie @ E1NtDR8Iy-"" posts a big blind of 0.50",2026-03-20T03:00:48.318Z,177397564831811
"""Goober @ xKINFe6J18"" posts a small blind of 0.25",2026-03-20T03:00:48.318Z,177397564831810
"Your hand is K♣, 6♣",2026-03-20T03:00:48.318Z,177397564831809
"Player stacks: #1 ""blessed @ qCJm12-9Fn"" (124.82) | #2 ""Daveo da rula @ hL2HOafVVY"" (251.65) | #3 ""Eating @ 3GZqeC-ZoC"" (64.25) | #5 ""Goober @ xKINFe6J18"" (308.06) | #6 ""chasingflushie @ E1NtDR8Iy-"" (234.25) | #8 ""jolly @ ZT-25AXnSd"" (64.13) | #9 ""Triangle5 @ zn7jYkqxSJ"" (93.50) | #10 ""eyz @ PFiA37ihL9"" (71.38)",2026-03-20T03:00:48.318Z,177397564831801
"-- starting hand #97 (id: i9un8tyv2klg)  No Limit Texas Hold'em (dealer: ""Eating @ 3GZqeC-ZoC"") --",2026-03-20T03:00:48.318Z,177397564831800
"-- ending hand #96 --",2026-03-20T03:00:45.416Z,177397564541602
"""chasingflushie @ E1NtDR8Iy-"" collected 21.00 from pot",2026-03-20T03:00:45.416Z,177397564541601
"Uncalled bet of 15.75 returned to ""chasingflushie @ E1NtDR8Iy-""",2026-03-20T03:00:45.416Z,177397564541600
"""Eating @ 3GZqeC-ZoC"" folds",2026-03-20T03:00:44.526Z,177397564452600
"""chasingflushie @ E1NtDR8Iy-"" bets 15.75",2026-03-20T03:00:42.728Z,177397564272800
"""Eating @ 3GZqeC-ZoC"" checks",2026-03-20T03:00:30.669Z,177397563066900
"Turn: 4♠, 8♠, 7♣ [10♥]",2026-03-20T03:00:29.041Z,177397562904100
"""Eating @ 3GZqeC-ZoC"" calls 5.25",2026-03-20T03:00:28.207Z,177397562820700
"""chasingflushie @ E1NtDR8Iy-"" bets 5.25",2026-03-20T03:00:26.564Z,177397562656400
"""Eating @ 3GZqeC-ZoC"" checks",2026-03-20T03:00:21.131Z,177397562113100
"The player ""Brogod @ E_b3ONoyca"" requested a seat.",2026-03-20T03:00:18.700Z,177397561870000
"Flop:  [4♠, 8♠, 7♣]",2026-03-20T03:00:18.588Z,177397561858800
"""chasingflushie @ E1NtDR8Iy-"" calls 5.00",2026-03-20T03:00:17.775Z,177397561777500
"""Goober @ xKINFe6J18"" folds",2026-03-20T03:00:14.107Z,177397561410700
"""Eating @ 3GZqeC-ZoC"" raises to 5.00",2026-03-20T03:00:13.094Z,177397561309400
"""Daveo da rula @ hL2HOafVVY"" folds",2026-03-20T03:00:02.273Z,177397560227300
"""blessed @ qCJm12-9Fn"" folds",2026-03-20T03:00:00.845Z,177397560084500
"""eyz @ PFiA37ihL9"" folds",2026-03-20T02:59:59.950Z,177397559995000
"""Triangle5 @ zn7jYkqxSJ"" folds",2026-03-20T02:59:59.101Z,177397559910100
"""jolly @ ZT-25AXnSd"" folds",2026-03-20T02:59:57.509Z,177397559750900
"""chasingflushie @ E1NtDR8Iy-"" raises to 1.50",2026-03-20T02:59:56.547Z,177397559654700
"""Goober @ xKINFe6J18"" posts a big blind of 0.50",2026-03-20T02:59:53.237Z,177397559323711
"""Eating @ 3GZqeC-ZoC"" posts a small blind of 0.25",2026-03-20T02:59:53.237Z,177397559323710
"Your hand is 6♥, 9♣",2026-03-20T02:59:53.237Z,177397559323709
"Player stacks: #1 ""blessed @ qCJm12-9Fn"" (124.82) | #2 ""Daveo da rula @ hL2HOafVVY"" (251.65) | #3 ""Eating @ 3GZqeC-ZoC"" (74.50) | #5 ""Goober @ xKINFe6J18"" (308.56) | #6 ""chasingflushie @ E1NtDR8Iy-"" (223.50) | #8 ""jolly @ ZT-25AXnSd"" (64.13) | #9 ""Triangle5 @ zn7jYkqxSJ"" (93.50) | #10 ""eyz @ PFiA37ihL9"" (71.38)",2026-03-20T02:59:53.237Z,177397559323701
"-- starting hand #96 (id: tjxeqsupt3xv)  No Limit Texas Hold'em (dealer: ""Daveo da rula @ hL2HOafVVY"") --",2026-03-20T02:59:53.237Z,177397559323700
"-- ending hand #95 --",2026-03-20T02:59:50.228Z,177397559022802
"""Daveo da rula @ hL2HOafVVY"" collected 15.00 from pot with Two Pair, 8's & 4's (combination: A♠, 4♦, 4♥, 8♦, 8♠)",2026-03-20T02:59:50.228Z,177397559022801
"""Daveo da rula @ hL2HOafVVY"" shows a A♠, 8♦.",2026-03-20T02:59:50.228Z,177397559022800
"""blessed @ qCJm12-9Fn"" checks",2026-03-20T02:59:49.367Z,177397558936700
"""Daveo da rula @ hL2HOafVVY"" checks",2026-03-20T02:59:48.358Z,177397558835800
"River: 8♠, Q♥, 9♣, 4♦ [4♥]",2026-03-20T02:59:45.427Z,177397558542700
"""blessed @ qCJm12-9Fn"" checks",2026-03-20T02:59:44.546Z,177397558454600
"""Daveo da rula @ hL2HOafVVY"" checks",2026-03-20T02:59:43.698Z,177397558369800
"Turn: 8♠, Q♥, 9♣ [4♦]",2026-03-20T02:59:41.688Z,177397558168800
"""blessed @ qCJm12-9Fn"" checks",2026-03-20T02:59:40.868Z,177397558086800
"""Daveo da rula @ hL2HOafVVY"" checks",2026-03-20T02:59:39.920Z,177397557992000
"Flop:  [8♠, Q♥, 9♣]",2026-03-20T02:59:37.719Z,177397557771900
"""blessed @ qCJm12-9Fn"" calls 6.50",2026-03-20T02:59:36.901Z,177397557690100
"""jolly @ ZT-25AXnSd"" folds",2026-03-20T02:59:35.120Z,177397557512000
"""Eating @ 3GZqeC-ZoC"" folds",2026-03-20T02:59:32.308Z,177397557230800
"""Daveo da rula @ hL2HOafVVY"" raises to 6.50",2026-03-20T02:59:31.377Z,177397557137700
"""blessed @ qCJm12-9Fn"" calls 1.50",2026-03-20T02:59:25.757Z,177397556575700
"""eyz @ PFiA37ihL9"" folds",2026-03-20T02:59:24.848Z,177397556484800
"""Triangle5 @ zn7jYkqxSJ"" folds",2026-03-20T02:59:23.977Z,177397556397700
"""jolly @ ZT-25AXnSd"" raises to 1.50",2026-03-20T02:59:23.035Z,177397556303500
"""chasingflushie @ E1NtDR8Iy-"" folds",2026-03-20T02:59:16.049Z,177397555604900
"""Goober @ xKINFe6J18"" folds",2026-03-20T02:59:14.919Z,177397555491900
"""Eating @ 3GZqeC-ZoC"" posts a big blind of 0.50",2026-03-20T02:59:11.569Z,177397555156911
"""Daveo da rula @ hL2HOafVVY"" posts a small blind of 0.25",2026-03-20T02:59:11.569Z,177397555156910
"Your hand is 7♥, K♦",2026-03-20T02:59:11.569Z,177397555156909
"Player stacks: #1 ""blessed @ qCJm12-9Fn"" (131.32) | #2 ""Daveo da rula @ hL2HOafVVY"" (243.15) | #3 ""Eating @ 3GZqeC-ZoC"" (75.00) | #5 ""Goober @ xKINFe6J18"" (308.56) | #6 ""chasingflushie @ E1NtDR8Iy-"" (223.50) | #8 ""jolly @ ZT-25AXnSd"" (65.63) | #9 ""Triangle5 @ zn7jYkqxSJ"" (93.50) | #10 ""eyz @ PFiA37ihL9"" (71.38)",2026-03-20T02:59:11.569Z,177397555156901
"-- starting hand #95 (id: wsxe7gc3ku8g)  No Limit Texas Hold'em (dealer: ""blessed @ qCJm12-9Fn"") --",2026-03-20T02:59:11.569Z,177397555156900
"-- ending hand #94 --",2026-03-20T02:59:08.661Z,177397554866102
"""Daveo da rula @ hL2HOafVVY"" collected 5.00 from pot",2026-03-20T02:59:08.661Z,177397554866101
"Uncalled bet of 2.50 returned to ""Daveo da rula @ hL2HOafVVY""",2026-03-20T02:59:08.661Z,177397554866100
"""blessed @ qCJm12-9Fn"" folds",2026-03-20T02:59:07.819Z,177397554781900
"""Daveo da rula @ hL2HOafVVY"" bets 2.50",2026-03-20T02:59:06.836Z,177397554683600
"""blessed @ qCJm12-9Fn"" checks",2026-03-20T02:59:03.776Z,177397554377600
"Flop:  [A♥, 4♠, 2♦]",2026-03-20T02:59:02.452Z,177397554245200
"""Daveo da rula @ hL2HOafVVY"" calls 2.50",2026-03-20T02:59:01.613Z,177397554161300
"""blessed @ qCJm12-9Fn"" raises to 2.50",2026-03-20T02:58:59.976Z,177397553997600
"""eyz @ PFiA37ihL9"" folds",2026-03-20T02:58:54.846Z,177397553484600
"""Triangle5 @ zn7jYkqxSJ"" folds",2026-03-20T02:58:53.927Z,177397553392700
"""jolly @ ZT-25AXnSd"" folds",2026-03-20T02:58:52.181Z,177397553218100
"""chasingflushie @ E1NtDR8Iy-"" folds",2026-03-20T02:58:51.274Z,177397553127400
"""Goober @ xKINFe6J18"" folds",2026-03-20T02:58:50.208Z,177397553020800
"""Eating @ 3GZqeC-ZoC"" folds",2026-03-20T02:58:38.342Z,177397551834200
"""Daveo da rula @ hL2HOafVVY"" posts a big blind of 0.50",2026-03-20T02:58:37.010Z,177397551701011
"""blessed @ qCJm12-9Fn"" posts a small blind of 0.25",2026-03-20T02:58:37.010Z,177397551701010
"Your hand is 5♠, 10♣",2026-03-20T02:58:37.010Z,177397551701009
"Player stacks: #1 ""blessed @ qCJm12-9Fn"" (133.82) | #2 ""Daveo da rula @ hL2HOafVVY"" (240.65) | #3 ""Eating @ 3GZqeC-ZoC"" (75.00) | #5 ""Goober @ xKINFe6J18"" (308.56) | #6 ""chasingflushie @ E1NtDR8Iy-"" (223.50) | #8 ""jolly @ ZT-25AXnSd"" (65.63) | #9 ""Triangle5 @ zn7jYkqxSJ"" (93.50) | #10 ""eyz @ PFiA37ihL9"" (71.38)",2026-03-20T02:58:37.010Z,177397551701001
"-- starting hand #94 (id: pfk1pl3g7gen)  No Limit Texas Hold'em (dealer: ""eyz @ PFiA37ihL9"") --",2026-03-20T02:58:37.010Z,177397551701000
"-- ending hand #93 --",2026-03-20T02:58:34.103Z,177397551410302
"""Daveo da rula @ hL2HOafVVY"" collected 5.25 from pot",2026-03-20T02:58:34.103Z,177397551410301
"Uncalled bet of 2.62 returned to ""Daveo da rula @ hL2HOafVVY""",2026-03-20T02:58:34.103Z,177397551410300
"""blessed @ qCJm12-9Fn"" folds",2026-03-20T02:58:33.292Z,177397551329200
"""eyz @ PFiA37ihL9"" folds",2026-03-20T02:58:32.328Z,177397551232800
"""Daveo da rula @ hL2HOafVVY"" bets 2.62",2026-03-20T02:58:31.098Z,177397551109800
"""blessed @ qCJm12-9Fn"" checks",2026-03-20T02:58:28.298Z,177397550829800
"""eyz @ PFiA37ihL9"" checks",2026-03-20T02:58:26.990Z,177397550699000
"Flop:  [3♠, 6♣, Q♦]",2026-03-20T02:58:25.097Z,177397550509700
"""blessed @ qCJm12-9Fn"" calls 1.75",2026-03-20T02:58:24.291Z,177397550429100
"""eyz @ PFiA37ihL9"" calls 1.75",2026-03-20T02:58:23.144Z,177397550314400
"""Triangle5 @ zn7jYkqxSJ"" folds",2026-03-20T02:58:21.775Z,177397550177500
"""jolly @ ZT-25AXnSd"" folds",2026-03-20T02:58:20.433Z,177397550043300
"""chasingflushie @ E1NtDR8Iy-"" folds",2026-03-20T02:58:19.508Z,177397549950800
"""Goober @ xKINFe6J18"" folds",2026-03-20T02:58:16.535Z,177397549653500
"""Eating @ 3GZqeC-ZoC"" folds",2026-03-20T02:58:07.638Z,177397548763800
"""Daveo da rula @ hL2HOafVVY"" raises to 1.75",2026-03-20T02:58:06.763Z,177397548676300
"""blessed @ qCJm12-9Fn"" posts a big blind of 0.50",2026-03-20T02:58:03.730Z,177397548373011
"""eyz @ PFiA37ihL9"" posts a small blind of 0.25",2026-03-20T02:58:03.730Z,177397548373010
"Your hand is 10♠, 9♥",2026-03-20T02:58:03.730Z,177397548373009
"Player stacks: #1 ""blessed @ qCJm12-9Fn"" (135.57) | #2 ""Daveo da rula @ hL2HOafVVY"" (237.15) | #3 ""Eating @ 3GZqeC-ZoC"" (75.00) | #5 ""Goober @ xKINFe6J18"" (308.56) | #6 ""chasingflushie @ E1NtDR8Iy-"" (223.50) | #8 ""jolly @ ZT-25AXnSd"" (65.63) | #9 ""Triangle5 @ zn7jYkqxSJ"" (93.50) | #10 ""eyz @ PFiA37ihL9"" (73.13)",2026-03-20T02:58:03.730Z,177397548373001
"-- starting hand #93 (id: pf0thhlsvgmv)  No Limit Texas Hold'em (dealer: ""Triangle5 @ zn7jYkqxSJ"") --",2026-03-20T02:58:03.730Z,177397548373000
"-- ending hand #92 --",2026-03-20T02:58:00.777Z,177397548077702
"""Daveo da rula @ hL2HOafVVY"" collected 7.50 from pot",2026-03-20T02:58:00.777Z,177397548077701
"Uncalled bet of 3.75 returned to ""Daveo da rula @ hL2HOafVVY""",2026-03-20T02:58:00.777Z,177397548077700
"""blessed @ qCJm12-9Fn"" folds",2026-03-20T02:57:59.955Z,177397547995500
"""jolly @ ZT-25AXnSd"" folds",2026-03-20T02:57:59.061Z,177397547906100
"""Daveo da rula @ hL2HOafVVY"" bets 3.75",2026-03-20T02:57:58.220Z,177397547822000
"""blessed @ qCJm12-9Fn"" checks",2026-03-20T02:57:55.130Z,177397547513000
"Flop:  [K♣, 9♣, J♠]",2026-03-20T02:57:54.197Z,177397547419700
"""blessed @ qCJm12-9Fn"" calls 2.25",2026-03-20T02:57:53.393Z,177397547339300
"""eyz @ PFiA37ihL9"" folds",2026-03-20T02:57:52.256Z,177397547225600
"""Triangle5 @ zn7jYkqxSJ"" folds",2026-03-20T02:57:51.276Z,177397547127600
"""jolly @ ZT-25AXnSd"" calls 2.25",2026-03-20T02:57:50.398Z,177397547039800
"""chasingflushie @ E1NtDR8Iy-"" folds",2026-03-20T02:57:46.205Z,177397546620500
"""Goober @ xKINFe6J18"" folds",2026-03-20T02:57:43.320Z,177397546332000
"""Eating @ 3GZqeC-ZoC"" folds",2026-03-20T02:57:38.560Z,177397545856000
"""Daveo da rula @ hL2HOafVVY"" raises to 2.25",2026-03-20T02:57:37.598Z,177397545759800
"""blessed @ qCJm12-9Fn"" calls 0.50",2026-03-20T02:57:22.999Z,177397544299900
"""eyz @ PFiA37ihL9"" posts a big blind of 0.50",2026-03-20T02:57:21.247Z,177397544124711
"""Triangle5 @ zn7jYkqxSJ"" posts a small blind of 0.25",2026-03-20T02:57:21.247Z,177397544124710
"Your hand is 7♦, 3♦",2026-03-20T02:57:21.247Z,177397544124709
"Player stacks: #1 ""blessed @ qCJm12-9Fn"" (137.82) | #2 ""Daveo da rula @ hL2HOafVVY"" (231.90) | #3 ""Eating @ 3GZqeC-ZoC"" (75.00) | #5 ""Goober @ xKINFe6J18"" (308.56) | #6 ""chasingflushie @ E1NtDR8Iy-"" (223.50) | #8 ""jolly @ ZT-25AXnSd"" (67.88) | #9 ""Triangle5 @ zn7jYkqxSJ"" (93.75) | #10 ""eyz @ PFiA37ihL9"" (73.63)",2026-03-20T02:57:21.247Z,177397544124701
"-- starting hand #92 (id: osbl8tscj4q1)  No Limit Texas Hold'em (dealer: ""jolly @ ZT-25AXnSd"") --",2026-03-20T02:57:21.247Z,177397544124700
"-- ending hand #91 --",2026-03-20T02:57:18.300Z,177397543830002
"""chasingflushie @ E1NtDR8Iy-"" collected 12.00 from pot",2026-03-20T02:57:18.300Z,177397543830001
"Uncalled bet of 6.00 returned to ""chasingflushie @ E1NtDR8Iy-""",2026-03-20T02:57:18.300Z,177397543830000
"""Goober @ xKINFe6J18"" folds",2026-03-20T02:57:17.461Z,177397543746100
"""blessed @ qCJm12-9Fn"" folds",2026-03-20T02:57:03.987Z,177397542398700
"""chasingflushie @ E1NtDR8Iy-"" bets 6.00",2026-03-20T02:57:01.410Z,177397542141000
"""Goober @ xKINFe6J18"" checks",2026-03-20T02:56:57.710Z,177397541771000
"""blessed @ qCJm12-9Fn"" checks",2026-03-20T02:56:52.999Z,177397541299900
"Flop:  [3♥, 2♣, 2♥]",2026-03-20T02:56:52.086Z,177397541208600
"""Goober @ xKINFe6J18"" calls 3.75",2026-03-20T02:56:51.269Z,177397541126900
"""blessed @ qCJm12-9Fn"" calls 3.75",2026-03-20T02:56:50.332Z,177397541033200
"""Triangle5 @ zn7jYkqxSJ"" folds",2026-03-20T02:56:46.857Z,177397540685700
"""jolly @ ZT-25AXnSd"" folds",2026-03-20T02:56:40.592Z,177397540059200
"""chasingflushie @ E1NtDR8Iy-"" raises to 3.75",2026-03-20T02:56:39.624Z,177397539962400
"""Goober @ xKINFe6J18"" calls 0.50",2026-03-20T02:56:35.324Z,177397539532400
"""Eating @ 3GZqeC-ZoC"" folds",2026-03-20T02:56:32.057Z,177397539205700
"""Daveo da rula @ hL2HOafVVY"" folds",2026-03-20T02:56:31.162Z,177397539116200
"""blessed @ qCJm12-9Fn"" calls 0.50",2026-03-20T02:56:18.307Z,177397537830700
"""eyz @ PFiA37ihL9"" folds",2026-03-20T02:56:16.433Z,177397537643300
"""Triangle5 @ zn7jYkqxSJ"" posts a big blind of 0.50",2026-03-20T02:56:15.184Z,177397537518411
"""jolly @ ZT-25AXnSd"" posts a small blind of 0.25",2026-03-20T02:56:15.184Z,177397537518410
"Your hand is 3♣, 7♦",2026-03-20T02:56:15.184Z,177397537518409
"Player stacks: #1 ""blessed @ qCJm12-9Fn"" (141.57) | #2 ""Daveo da rula @ hL2HOafVVY"" (231.90) | #3 ""Eating @ 3GZqeC-ZoC"" (75.00) | #5 ""Goober @ xKINFe6J18"" (312.31) | #6 ""chasingflushie @ E1NtDR8Iy-"" (215.25) | #8 ""jolly @ ZT-25AXnSd"" (68.13) | #9 ""Triangle5 @ zn7jYkqxSJ"" (94.25) | #10 ""eyz @ PFiA37ihL9"" (73.63)",2026-03-20T02:56:15.184Z,177397537518401
"-- starting hand #91 (id: 0n3dlbdunxmu)  No Limit Texas Hold'em (dead button) --",2026-03-20T02:56:15.184Z,177397537518400
"-- ending hand #90 --",2026-03-20T02:56:12.266Z,177397537226602
"""jolly @ ZT-25AXnSd"" collected 4.50 from pot",2026-03-20T02:56:12.266Z,177397537226601
"Uncalled bet of 3.63 returned to ""jolly @ ZT-25AXnSd""",2026-03-20T02:56:12.266Z,177397537226600
"""Goober @ xKINFe6J18"" folds",2026-03-20T02:56:11.428Z,177397537142800
"""Daveo da rula @ hL2HOafVVY"" folds",2026-03-20T02:55:59.008Z,177397535900800
"""jolly @ ZT-25AXnSd"" bets 3.63",2026-03-20T02:55:58.060Z,177397535806000
"Turn: 6♥, Q♥, A♣ [10♦]",2026-03-20T02:55:51.474Z,177397535147400
"""Goober @ xKINFe6J18"" checks",2026-03-20T02:55:50.581Z,177397535058100
"""Daveo da rula @ hL2HOafVVY"" checks",2026-03-20T02:55:41.653Z,177397534165300
"""jolly @ ZT-25AXnSd"" checks",2026-03-20T02:55:40.723Z,177397534072300
"Flop:  [6♥, Q♥, A♣]",2026-03-20T02:55:37.138Z,177397533713800
"""jolly @ ZT-25AXnSd"" calls 1.50",2026-03-20T02:55:36.310Z,177397533631000
"""chasingflushie @ E1NtDR8Iy-"" folds",2026-03-20T02:55:35.448Z,177397533544800
"""Goober @ xKINFe6J18"" calls 1.50",2026-03-20T02:55:34.447Z,177397533444700
"""Eating @ 3GZqeC-ZoC"" folds",2026-03-20T02:55:33.115Z,177397533311500
"""Daveo da rula @ hL2HOafVVY"" raises to 1.50",2026-03-20T02:55:32.184Z,177397533218400
"""blessed @ qCJm12-9Fn"" folds",2026-03-20T02:55:29.759Z,177397532975900
"""eyz @ PFiA37ihL9"" folds",2026-03-20T02:55:28.783Z,177397532878300
"""Triangle5 @ zn7jYkqxSJ"" folds",2026-03-20T02:55:27.724Z,177397532772400
"""jolly @ ZT-25AXnSd"" posts a big blind of 0.50",2026-03-20T02:55:25.464Z,177397532546413
"Dead Small Blind",2026-03-20T02:55:25.464Z,177397532546412
"Your hand is 7♥, K♠",2026-03-20T02:55:25.464Z,177397532546411
"Player stacks: #1 ""blessed @ qCJm12-9Fn"" (141.57) | #2 ""Daveo da rula @ hL2HOafVVY"" (233.40) | #3 ""Eating @ 3GZqeC-ZoC"" (75.00) | #5 ""Goober @ xKINFe6J18"" (313.81) | #6 ""chasingflushie @ E1NtDR8Iy-"" (215.25) | #8 ""jolly @ ZT-25AXnSd"" (65.13) | #9 ""Triangle5 @ zn7jYkqxSJ"" (94.25) | #10 ""eyz @ PFiA37ihL9"" (73.63)",2026-03-20T02:55:25.464Z,177397532546403
"-- starting hand #90 (id: lfkxbbp6hjts)  No Limit Texas Hold'em (dealer: ""chasingflushie @ E1NtDR8Iy-"") --",2026-03-20T02:55:25.464Z,177397532546402
"The player ""Eating @ 3GZqeC-ZoC"" joined the game with a stack of 75.00.",2026-03-20T02:55:25.464Z,177397532546401
"The player ""One Hour @ kqHgeLEP9s"" quits the game with a stack of 0.00.",2026-03-20T02:55:25.464Z,177397532546400
"-- ending hand #89 --",2026-03-20T02:55:22.435Z,177397532243503
"""Goober @ xKINFe6J18"" collected 182.75 from pot with Three of a Kind, Q's (combination: 8♠, A♦, Q♠, Q♥, Q♣)",2026-03-20T02:55:22.435Z,177397532243502
"""Goober @ xKINFe6J18"" shows a Q♠, Q♥.",2026-03-20T02:55:22.435Z,177397532243501
"""One Hour @ kqHgeLEP9s"" shows a A♠, 9♠.",2026-03-20T02:55:22.435Z,177397532243500
"""Goober @ xKINFe6J18"" calls 50.77",2026-03-20T02:55:21.544Z,177397532154400
"""One Hour @ kqHgeLEP9s"" bets 50.77 and go all in",2026-03-20T02:55:18.259Z,177397531825900
"River: 3♠, 6♦, 8♠, Q♣ [A♦]",2026-03-20T02:55:16.231Z,177397531623100
"""One Hour @ kqHgeLEP9s"" calls 22.36",2026-03-20T02:55:15.413Z,177397531541300
"""Goober @ xKINFe6J18"" bets 22.36",2026-03-20T02:55:13.514Z,177397531351400
"""One Hour @ kqHgeLEP9s"" checks",2026-03-20T02:55:04.180Z,177397530418000
"Turn: 3♠, 6♦, 8♠ [Q♣]",2026-03-20T02:55:03.214Z,177397530321400
"""Daveo da rula @ hL2HOafVVY"" folds",2026-03-20T02:55:02.392Z,177397530239200
"""One Hour @ kqHgeLEP9s"" calls 9.12",2026-03-20T02:55:01.248Z,177397530124800
"""Goober @ xKINFe6J18"" bets 9.12",2026-03-20T02:54:59.985Z,177397529998500
"""Daveo da rula @ hL2HOafVVY"" checks",2026-03-20T02:54:54.192Z,177397529419200
"""One Hour @ kqHgeLEP9s"" checks",2026-03-20T02:54:53.095Z,177397529309500
"Flop:  [3♠, 6♦, 8♠]",2026-03-20T02:54:51.617Z,177397529161700
"""Daveo da rula @ hL2HOafVVY"" calls 6.00",2026-03-20T02:54:50.797Z,177397529079700
"The admin approved the player ""Eating @ 3GZqeC-ZoC"" participation with a stack of 75.00.",2026-03-20T02:54:49.471Z,177397528947100
"""One Hour @ kqHgeLEP9s"" calls 6.00",2026-03-20T02:54:43.906Z,177397528390600
"""chasingflushie @ E1NtDR8Iy-"" folds",2026-03-20T02:54:34.728Z,177397527472800
"""Goober @ xKINFe6J18"" raises to 6.00",2026-03-20T02:54:23.911Z,177397526391100
"The player ""Eating @ 3GZqeC-ZoC"" requested a seat.",2026-03-20T02:54:21.878Z,177397526187800
"""Daveo da rula @ hL2HOafVVY"" raises to 1.75",2026-03-20T02:54:17.846Z,177397525784600
"""blessed @ qCJm12-9Fn"" folds",2026-03-20T02:54:14.828Z,177397525482800
"""eyz @ PFiA37ihL9"" folds",2026-03-20T02:54:13.862Z,177397525386200
"""Triangle5 @ zn7jYkqxSJ"" folds",2026-03-20T02:54:12.996Z,177397525299600
"""jolly @ ZT-25AXnSd"" folds",2026-03-20T02:54:12.135Z,177397525213500
"""One Hour @ kqHgeLEP9s"" posts a big blind of 0.50",2026-03-20T02:54:10.825Z,177397525082511
"""chasingflushie @ E1NtDR8Iy-"" posts a small blind of 0.25",2026-03-20T02:54:10.825Z,177397525082510
"Your hand is 5♦, 7♣",2026-03-20T02:54:10.825Z,177397525082509
"Player stacks: #1 ""blessed @ qCJm12-9Fn"" (141.57) | #2 ""Daveo da rula @ hL2HOafVVY"" (239.40) | #5 ""Goober @ xKINFe6J18"" (219.31) | #6 ""chasingflushie @ E1NtDR8Iy-"" (215.50) | #7 ""One Hour @ kqHgeLEP9s"" (88.25) | #8 ""jolly @ ZT-25AXnSd"" (65.13) | #9 ""Triangle5 @ zn7jYkqxSJ"" (94.25) | #10 ""eyz @ PFiA37ihL9"" (73.63)",2026-03-20T02:54:10.825Z,177397525082501
"-- starting hand #89 (id: 1upgbgngbwgv)  No Limit Texas Hold'em (dealer: ""Goober @ xKINFe6J18"") --",2026-03-20T02:54:10.825Z,177397525082500
"-- ending hand #88 --",2026-03-20T02:54:07.818Z,177397524781803
"""chasingflushie @ E1NtDR8Iy-"" collected 36.00 from pot with Two Pair, A's & K's (combination: 7♦, K♣, K♥, A♥, A♠)",2026-03-20T02:54:07.818Z,177397524781802
"""chasingflushie @ E1NtDR8Iy-"" shows a K♣, K♥.",2026-03-20T02:54:07.818Z,177397524781801
"""Goober @ xKINFe6J18"" shows a 10♥, 10♠.",2026-03-20T02:54:07.818Z,177397524781800
"""chasingflushie @ E1NtDR8Iy-"" calls 9.00",2026-03-20T02:54:06.980Z,177397524698000
"""Goober @ xKINFe6J18"" bets 9.00",2026-03-20T02:54:04.972Z,177397524497200
"River: A♥, 5♣, 7♥, 7♦ [A♠]",2026-03-20T02:54:00.377Z,177397524037700
"""chasingflushie @ E1NtDR8Iy-"" checks",2026-03-20T02:53:59.520Z,177397523952000
"""Goober @ xKINFe6J18"" checks",2026-03-20T02:53:56.239Z,177397523623900
"Turn: A♥, 5♣, 7♥ [7♦]",2026-03-20T02:53:50.827Z,177397523082700
"""chasingflushie @ E1NtDR8Iy-"" checks",2026-03-20T02:53:50.021Z,177397523002100
"""Goober @ xKINFe6J18"" checks",2026-03-20T02:53:44.273Z,177397522427300
"Flop:  [A♥, 5♣, 7♥]",2026-03-20T02:53:41.811Z,177397522181100
"""Goober @ xKINFe6J18"" calls 8.50",2026-03-20T02:53:40.987Z,177397522098700
"""blessed @ qCJm12-9Fn"" folds",2026-03-20T02:53:33.182Z,177397521318200
"""One Hour @ kqHgeLEP9s"" folds",2026-03-20T02:53:32.302Z,177397521230200
"""chasingflushie @ E1NtDR8Iy-"" raises to 8.50",2026-03-20T02:53:30.472Z,177397521047200
"""Goober @ xKINFe6J18"" raises to 2.50",2026-03-20T02:53:24.720Z,177397520472000
"""Daveo da rula @ hL2HOafVVY"" folds",2026-03-20T02:53:12.578Z,177397519257800
"""blessed @ qCJm12-9Fn"" calls 0.50",2026-03-20T02:53:02.325Z,177397518232500
"""eyz @ PFiA37ihL9"" folds",2026-03-20T02:53:01.070Z,177397518107000
"""Triangle5 @ zn7jYkqxSJ"" folds",2026-03-20T02:52:59.980Z,177397517998000
"""jolly @ ZT-25AXnSd"" folds",2026-03-20T02:52:58.992Z,177397517899200
"""One Hour @ kqHgeLEP9s"" calls 0.50",2026-03-20T02:52:58.053Z,177397517805300
"""chasingflushie @ E1NtDR8Iy-"" posts a big blind of 0.50",2026-03-20T02:52:56.268Z,177397517626811
"""Goober @ xKINFe6J18"" posts a small blind of 0.25",2026-03-20T02:52:56.268Z,177397517626810
"Your hand is 8♦, 4♦",2026-03-20T02:52:56.268Z,177397517626809
"Player stacks: #1 ""blessed @ qCJm12-9Fn"" (142.07) | #2 ""Daveo da rula @ hL2HOafVVY"" (239.40) | #5 ""Goober @ xKINFe6J18"" (236.81) | #6 ""chasingflushie @ E1NtDR8Iy-"" (197.00) | #7 ""One Hour @ kqHgeLEP9s"" (88.75) | #8 ""jolly @ ZT-25AXnSd"" (65.13) | #9 ""Triangle5 @ zn7jYkqxSJ"" (94.25) | #10 ""eyz @ PFiA37ihL9"" (73.63)",2026-03-20T02:52:56.268Z,177397517626801
"-- starting hand #88 (id: vgjynawb10vw)  No Limit Texas Hold'em (dead button) --",2026-03-20T02:52:56.268Z,177397517626800
"-- ending hand #87 --",2026-03-20T02:52:53.359Z,177397517335902
"""blessed @ qCJm12-9Fn"" collected 9.00 from pot",2026-03-20T02:52:53.359Z,177397517335901
"Uncalled bet of 6.75 returned to ""blessed @ qCJm12-9Fn""",2026-03-20T02:52:53.359Z,177397517335900
"""Triangle5 @ zn7jYkqxSJ"" folds",2026-03-20T02:52:52.535Z,177397517253500
"""blessed @ qCJm12-9Fn"" bets 6.75",2026-03-20T02:52:51.367Z,177397517136700
"""Triangle5 @ zn7jYkqxSJ"" checks",2026-03-20T02:52:48.717Z,177397516871700
"Turn: Q♦, K♠, Q♣ [5♠]",2026-03-20T02:52:47.455Z,177397516745500
"""Triangle5 @ zn7jYkqxSJ"" calls 2.25",2026-03-20T02:52:46.637Z,177397516663700
"""blessed @ qCJm12-9Fn"" bets 2.25",2026-03-20T02:52:44.977Z,177397516497700
"""Triangle5 @ zn7jYkqxSJ"" checks",2026-03-20T02:52:42.020Z,177397516202000
"Flop:  [Q♦, K♠, Q♣]",2026-03-20T02:52:40.520Z,177397516052000
"""Triangle5 @ zn7jYkqxSJ"" calls 2.00",2026-03-20T02:52:39.687Z,177397515968700
"""Goober @ xKINFe6J18"" folds",2026-03-20T02:52:36.618Z,177397515661800
"""Daveo da rula @ hL2HOafVVY"" folds",2026-03-20T02:52:35.681Z,177397515568100
"""blessed @ qCJm12-9Fn"" raises to 2.00",2026-03-20T02:52:34.621Z,177397515462100
"""eyz @ PFiA37ihL9"" folds",2026-03-20T02:52:32.560Z,177397515256000
"""Triangle5 @ zn7jYkqxSJ"" calls 0.50",2026-03-20T02:52:31.620Z,177397515162000
"""jolly @ ZT-25AXnSd"" folds",2026-03-20T02:52:30.056Z,177397515005600
"""One Hour @ kqHgeLEP9s"" folds",2026-03-20T02:52:29.216Z,177397514921600
"""chasingflushie @ E1NtDR8Iy-"" folds",2026-03-20T02:52:28.277Z,177397514827700
"""Goober @ xKINFe6J18"" posts a big blind of 0.50",2026-03-20T02:52:26.512Z,177397514651213
"Dead Small Blind",2026-03-20T02:52:26.512Z,177397514651212
"Your hand is 2♦, 4♥",2026-03-20T02:52:26.512Z,177397514651211
"Player stacks: #1 ""blessed @ qCJm12-9Fn"" (137.32) | #2 ""Daveo da rula @ hL2HOafVVY"" (239.40) | #5 ""Goober @ xKINFe6J18"" (237.31) | #6 ""chasingflushie @ E1NtDR8Iy-"" (197.00) | #7 ""One Hour @ kqHgeLEP9s"" (88.75) | #8 ""jolly @ ZT-25AXnSd"" (65.13) | #9 ""Triangle5 @ zn7jYkqxSJ"" (98.50) | #10 ""eyz @ PFiA37ihL9"" (73.63)",2026-03-20T02:52:26.512Z,177397514651203
"-- starting hand #87 (id: ui2uo4ggzrkr)  No Limit Texas Hold'em (dealer: ""Daveo da rula @ hL2HOafVVY"") --",2026-03-20T02:52:26.512Z,177397514651202
"The player ""Raven @ lgXV8zJd19"" quits the game with a stack of 104.44.",2026-03-20T02:52:26.512Z,177397514651201
"The player ""Robopop @ 5W_z5FqSSU"" quits the game with a stack of 0.00.",2026-03-20T02:52:26.512Z,177397514651200
"-- ending hand #86 --",2026-03-20T02:52:23.508Z,177397514350801
"""Goober @ xKINFe6J18"" collected 92.25 from pot with Two Pair, A's & J's (combination: 9♠, J♣, J♠, A♣, A♦)",2026-03-20T02:52:23.508Z,177397514350800
"River: A♦, J♠, 5♦, 9♠ [3♠]",2026-03-20T02:52:19.457Z,177397513945700
"Turn: A♦, J♠, 5♦ [9♠]",2026-03-20T02:52:15.422Z,177397513542200
"""Goober @ xKINFe6J18"" shows a J♣, A♣.",2026-03-20T02:52:11.414Z,177397513141401
"""Robopop @ 5W_z5FqSSU"" shows a J♦, 10♦.",2026-03-20T02:52:11.414Z,177397513141400
"""Robopop @ 5W_z5FqSSU"" calls 33.75 and go all in",2026-03-20T02:52:10.595Z,177397513059500
"""Goober @ xKINFe6J18"" raises to 33.75",2026-03-20T02:52:08.286Z,177397512828600
"""Robopop @ 5W_z5FqSSU"" bets 12.37",2026-03-20T02:52:02.233Z,177397512223300
"Flop:  [A♦, J♠, 5♦]",2026-03-20T02:51:52.088Z,177397511208800
"""blessed @ qCJm12-9Fn"" folds",2026-03-20T02:51:51.257Z,177397511125700
"""Triangle5 @ zn7jYkqxSJ"" folds",2026-03-20T02:51:50.308Z,177397511030800
"""chasingflushie @ E1NtDR8Iy-"" folds",2026-03-20T02:51:48.920Z,177397510892000
"""Goober @ xKINFe6J18"" calls 10.00",2026-03-20T02:51:47.700Z,177397510770000
"""Robopop @ 5W_z5FqSSU"" raises to 10.00",2026-03-20T02:51:39.280Z,177397509928000
"""Daveo da rula @ hL2HOafVVY"" folds",2026-03-20T02:51:33.449Z,177397509344900
"""blessed @ qCJm12-9Fn"" calls 1.50",2026-03-20T02:51:29.993Z,177397508999300
"""eyz @ PFiA37ihL9"" folds",2026-03-20T02:51:28.109Z,177397508810900
"""Triangle5 @ zn7jYkqxSJ"" calls 1.50",2026-03-20T02:51:27.164Z,177397508716400
"""jolly @ ZT-25AXnSd"" folds",2026-03-20T02:51:25.957Z,177397508595700
"""One Hour @ kqHgeLEP9s"" folds",2026-03-20T02:51:23.323Z,177397508332300
"""chasingflushie @ E1NtDR8Iy-"" calls 1.50",2026-03-20T02:51:22.360Z,177397508236000
"""Goober @ xKINFe6J18"" raises to 1.50",2026-03-20T02:51:11.442Z,177397507144200
"""Robopop @ 5W_z5FqSSU"" posts a big blind of 0.50",2026-03-20T02:50:59.429Z,177397505942912
"""Daveo da rula @ hL2HOafVVY"" posts a small blind of 0.25",2026-03-20T02:50:59.429Z,177397505942911
"Your hand is 6♦, Q♥",2026-03-20T02:50:59.429Z,177397505942910
"Player stacks: #1 ""blessed @ qCJm12-9Fn"" (138.82) | #2 ""Daveo da rula @ hL2HOafVVY"" (239.65) | #4 ""Robopop @ 5W_z5FqSSU"" (43.75) | #5 ""Goober @ xKINFe6J18"" (188.81) | #6 ""chasingflushie @ E1NtDR8Iy-"" (198.50) | #7 ""One Hour @ kqHgeLEP9s"" (88.75) | #8 ""jolly @ ZT-25AXnSd"" (65.13) | #9 ""Triangle5 @ zn7jYkqxSJ"" (100.00) | #10 ""eyz @ PFiA37ihL9"" (73.63)",2026-03-20T02:50:59.429Z,177397505942901
"-- starting hand #86 (id: jkpy6k8wr1rd)  No Limit Texas Hold'em (dealer: ""blessed @ qCJm12-9Fn"") --",2026-03-20T02:50:59.429Z,177397505942900
"-- ending hand #85 --",2026-03-20T02:50:56.514Z,177397505651402
"""Daveo da rula @ hL2HOafVVY"" collected 4.50 from pot",2026-03-20T02:50:56.514Z,177397505651401
"Uncalled bet of 3.37 returned to ""Daveo da rula @ hL2HOafVVY""",2026-03-20T02:50:56.514Z,177397505651400
"""blessed @ qCJm12-9Fn"" folds",2026-03-20T02:50:55.654Z,177397505565400
"""Goober @ xKINFe6J18"" folds",2026-03-20T02:50:54.681Z,177397505468100
"""Daveo da rula @ hL2HOafVVY"" bets 3.37",2026-03-20T02:50:25.875Z,177397502587500
"""blessed @ qCJm12-9Fn"" checks",2026-03-20T02:50:23.746Z,177397502374600
"Flop:  [2♠, J♣, 6♠]",2026-03-20T02:50:22.224Z,177397502222400
"""Daveo da rula @ hL2HOafVVY"" calls 1.50",2026-03-20T02:50:21.415Z,177397502141500
"""blessed @ qCJm12-9Fn"" calls 1.50",2026-03-20T02:50:20.361Z,177397502036100
"""eyz @ PFiA37ihL9"" folds",2026-03-20T02:50:18.904Z,177397501890400
"""Triangle5 @ zn7jYkqxSJ"" folds",2026-03-20T02:50:13.974Z,177397501397400
"""jolly @ ZT-25AXnSd"" folds",2026-03-20T02:50:13.049Z,177397501304900
"""One Hour @ kqHgeLEP9s"" folds",2026-03-20T02:50:12.189Z,177397501218900
"""chasingflushie @ E1NtDR8Iy-"" folds",2026-03-20T02:50:11.241Z,177397501124100
"""Goober @ xKINFe6J18"" raises to 1.50",2026-03-20T02:50:09.065Z,177397500906500
"""Robopop @ 5W_z5FqSSU"" folds",2026-03-20T02:50:03.292Z,177397500329200
"""Daveo da rula @ hL2HOafVVY"" posts a big blind of 0.50",2026-03-20T02:50:00.115Z,177397500011514
"""blessed @ qCJm12-9Fn"" posts a small blind of 0.25",2026-03-20T02:50:00.115Z,177397500011513
"Your hand is 4♦, 5♥",2026-03-20T02:50:00.115Z,177397500011512
"Player stacks: #1 ""blessed @ qCJm12-9Fn"" (140.32) | #2 ""Daveo da rula @ hL2HOafVVY"" (236.65) | #4 ""Robopop @ 5W_z5FqSSU"" (43.75) | #5 ""Goober @ xKINFe6J18"" (190.31) | #6 ""chasingflushie @ E1NtDR8Iy-"" (198.50) | #7 ""One Hour @ kqHgeLEP9s"" (88.75) | #8 ""jolly @ ZT-25AXnSd"" (65.13) | #9 ""Triangle5 @ zn7jYkqxSJ"" (100.00) | #10 ""eyz @ PFiA37ihL9"" (73.63)",2026-03-20T02:50:00.115Z,177397500011503
"-- starting hand #85 (id: obd41sfp8rqx)  No Limit Texas Hold'em (dealer: ""eyz @ PFiA37ihL9"") --",2026-03-20T02:50:00.115Z,177397500011502
"The player ""Triangle5 @ zn7jYkqxSJ"" joined the game with a stack of 100.00.",2026-03-20T02:50:00.115Z,177397500011501
"The player ""Raven @ lgXV8zJd19"" stand up with the stack of 104.44.",2026-03-20T02:50:00.115Z,177397500011500
"-- ending hand #84 --",2026-03-20T02:49:56.957Z,177397499695702
"""blessed @ qCJm12-9Fn"" collected 53.44 from pot with Two Pair, K's & 10's (combination: Q♠, 10♥, 10♣, K♦, K♠)",2026-03-20T02:49:56.957Z,177397499695701
"""blessed @ qCJm12-9Fn"" shows a K♦, 6♦.",2026-03-20T02:49:56.957Z,177397499695700
"""One Hour @ kqHgeLEP9s"" calls 13.36",2026-03-20T02:49:56.096Z,177397499609600
"""blessed @ qCJm12-9Fn"" bets 13.36",2026-03-20T02:49:55.159Z,177397499515900
"River: Q♠, 7♥, K♠, 10♥ [10♣]",2026-03-20T02:49:52.356Z,177397499235600
"""jolly @ ZT-25AXnSd"" folds",2026-03-20T02:49:51.487Z,177397499148700
"""One Hour @ kqHgeLEP9s"" calls 6.68",2026-03-20T02:49:49.143Z,177397498914300
"""blessed @ qCJm12-9Fn"" bets 6.68",2026-03-20T02:49:46.870Z,177397498687000
"Turn: Q♠, 7♥, K♠ [10♥]",2026-03-20T02:49:43.725Z,177397498372500
"""jolly @ ZT-25AXnSd"" calls 2.87",2026-03-20T02:49:42.888Z,177397498288800
"""One Hour @ kqHgeLEP9s"" calls 2.87",2026-03-20T02:49:41.979Z,177397498197900
"""blessed @ qCJm12-9Fn"" bets 2.87",2026-03-20T02:49:40.914Z,177397498091400
"Flop:  [Q♠, 7♥, K♠]",2026-03-20T02:49:34.994Z,177397497499400
"""One Hour @ kqHgeLEP9s"" calls 1.50",2026-03-20T02:49:34.154Z,177397497415400
"""blessed @ qCJm12-9Fn"" calls 1.50",2026-03-20T02:49:31.796Z,177397497179600
"""eyz @ PFiA37ihL9"" folds",2026-03-20T02:49:28.535Z,177397496853500
"""jolly @ ZT-25AXnSd"" raises to 1.50",2026-03-20T02:49:27.547Z,177397496754700
"""One Hour @ kqHgeLEP9s"" calls 0.50",2026-03-20T02:49:21.821Z,177397496182100
"""chasingflushie @ E1NtDR8Iy-"" folds",2026-03-20T02:49:18.279Z,177397495827900
"""Goober @ xKINFe6J18"" folds",2026-03-20T02:49:17.159Z,177397495715900
"""Robopop @ 5W_z5FqSSU"" folds",2026-03-20T02:49:16.262Z,177397495626200
"""Raven @ lgXV8zJd19"" folds",2026-03-20T02:49:15.305Z,177397495530500
"""Daveo da rula @ hL2HOafVVY"" folds",2026-03-20T02:49:14.461Z,177397495446100
"""blessed @ qCJm12-9Fn"" posts a big blind of 0.50",2026-03-20T02:48:52.620Z,177397493262012
"""eyz @ PFiA37ihL9"" posts a small blind of 0.25",2026-03-20T02:48:52.620Z,177397493262011
"Your hand is 3♦, 2♥",2026-03-20T02:48:52.620Z,177397493262010
"Player stacks: #1 ""blessed @ qCJm12-9Fn"" (111.29) | #2 ""Daveo da rula @ hL2HOafVVY"" (236.65) | #3 ""Raven @ lgXV8zJd19"" (104.44) | #4 ""Robopop @ 5W_z5FqSSU"" (43.75) | #5 ""Goober @ xKINFe6J18"" (190.31) | #6 ""chasingflushie @ E1NtDR8Iy-"" (198.50) | #7 ""One Hour @ kqHgeLEP9s"" (113.16) | #8 ""jolly @ ZT-25AXnSd"" (69.50) | #10 ""eyz @ PFiA37ihL9"" (73.88)",2026-03-20T02:48:52.620Z,177397493262001
"-- starting hand #84 (id: cqknvmeyvewm)  No Limit Texas Hold'em (dealer: ""jolly @ ZT-25AXnSd"") --",2026-03-20T02:48:52.620Z,177397493262000
"-- ending hand #83 --",2026-03-20T02:48:49.535Z,177397492953502
"""blessed @ qCJm12-9Fn"" collected 13.11 from pot with Pair, 9's (combination: 8♠, 10♣, A♥, 9♣, 9♦)",2026-03-20T02:48:49.535Z,177397492953501
"""blessed @ qCJm12-9Fn"" shows a A♥, 9♣.",2026-03-20T02:48:49.535Z,177397492953500
"""Raven @ lgXV8zJd19"" checks",2026-03-20T02:48:48.714Z,177397492871400
"""blessed @ qCJm12-9Fn"" checks",2026-03-20T02:48:46.963Z,177397492696300
"River: 10♣, 8♠, 6♠, 9♦ [3♠]",2026-03-20T02:48:45.935Z,177397492593500
"""Raven @ lgXV8zJd19"" calls 3.93",2026-03-20T02:48:45.128Z,177397492512800
"The admin approved the player ""Triangle5 @ zn7jYkqxSJ"" participation with a stack of 100.00.",2026-03-20T02:48:45.001Z,177397492500100
"""blessed @ qCJm12-9Fn"" bets 3.93",2026-03-20T02:48:43.796Z,177397492379600
"Turn: 10♣, 8♠, 6♠ [9♦]",2026-03-20T02:48:41.671Z,177397492167100
"""Raven @ lgXV8zJd19"" checks",2026-03-20T02:48:40.853Z,177397492085300
"""blessed @ qCJm12-9Fn"" checks",2026-03-20T02:48:39.228Z,177397491922800
"Flop:  [10♣, 8♠, 6♠]",2026-03-20T02:48:36.005Z,177397491600500
"""blessed @ qCJm12-9Fn"" calls 2.25",2026-03-20T02:48:35.137Z,177397491513700
"""eyz @ PFiA37ihL9"" folds",2026-03-20T02:48:33.900Z,177397491390000
"""jolly @ ZT-25AXnSd"" folds",2026-03-20T02:48:27.695Z,177397490769500
"""One Hour @ kqHgeLEP9s"" folds",2026-03-20T02:48:26.862Z,177397490686200
"""chasingflushie @ E1NtDR8Iy-"" folds",2026-03-20T02:48:25.703Z,177397490570300
"""Goober @ xKINFe6J18"" folds",2026-03-20T02:48:24.668Z,177397490466800
"""Robopop @ 5W_z5FqSSU"" folds",2026-03-20T02:48:23.645Z,177397490364500
"The player ""Triangle5 @ zn7jYkqxSJ"" requested a seat.",2026-03-20T02:48:11.518Z,177397489151800
"""Raven @ lgXV8zJd19"" raises to 2.25",2026-03-20T02:48:10.854Z,177397489085400
"""Daveo da rula @ hL2HOafVVY"" folds",2026-03-20T02:48:07.073Z,177397488707300
"""blessed @ qCJm12-9Fn"" calls 0.50",2026-03-20T02:48:06.102Z,177397488610200
"""eyz @ PFiA37ihL9"" posts a big blind of 0.50",2026-03-20T02:48:03.960Z,177397488396012
"""jolly @ ZT-25AXnSd"" posts a small blind of 0.25",2026-03-20T02:48:03.960Z,177397488396011
"Your hand is 8♥, 2♠",2026-03-20T02:48:03.960Z,177397488396010
"Player stacks: #1 ""blessed @ qCJm12-9Fn"" (104.36) | #2 ""Daveo da rula @ hL2HOafVVY"" (236.65) | #3 ""Raven @ lgXV8zJd19"" (110.62) | #4 ""Robopop @ 5W_z5FqSSU"" (43.75) | #5 ""Goober @ xKINFe6J18"" (190.31) | #6 ""chasingflushie @ E1NtDR8Iy-"" (198.50) | #7 ""One Hour @ kqHgeLEP9s"" (113.16) | #8 ""jolly @ ZT-25AXnSd"" (69.75) | #10 ""eyz @ PFiA37ihL9"" (74.38)",2026-03-20T02:48:03.960Z,177397488396001
"-- starting hand #83 (id: zkvrplbu3rkf)  No Limit Texas Hold'em (dealer: ""One Hour @ kqHgeLEP9s"") --",2026-03-20T02:48:03.960Z,177397488396000
"""Daveo da rula @ hL2HOafVVY"" shows a 7♦, 7♣.",2026-03-20T02:48:02.213Z,177397488221300
"-- ending hand #82 --",2026-03-20T02:48:00.320Z,177397488032002
"""Daveo da rula @ hL2HOafVVY"" collected 25.49 from pot",2026-03-20T02:48:00.320Z,177397488032001
"Uncalled bet of 48.22 returned to ""Daveo da rula @ hL2HOafVVY""",2026-03-20T02:48:00.320Z,177397488032000
"""Raven @ lgXV8zJd19"" folds",2026-03-20T02:47:59.448Z,177397487944800
"""Daveo da rula @ hL2HOafVVY"" bets 48.22",2026-03-20T02:47:50.220Z,177397487022000
"River: 6♣, A♣, J♠, J♥ [6♥]",2026-03-20T02:47:43.586Z,177397486358600
"""Raven @ lgXV8zJd19"" checks",2026-03-20T02:47:42.766Z,177397486276600
"""Daveo da rula @ hL2HOafVVY"" checks",2026-03-20T02:47:38.459Z,177397485845900
"Turn: 6♣, A♣, J♠ [J♥]",2026-03-20T02:47:36.977Z,177397485697700
"""Daveo da rula @ hL2HOafVVY"" calls 6.37",2026-03-20T02:47:36.173Z,177397485617300
"""Raven @ lgXV8zJd19"" bets 6.37",2026-03-20T02:47:33.656Z,177397485365600
"""Daveo da rula @ hL2HOafVVY"" checks",2026-03-20T02:47:28.405Z,177397484840500
"Flop:  [6♣, A♣, J♠]",2026-03-20T02:47:27.242Z,177397484724200
"""Daveo da rula @ hL2HOafVVY"" calls 6.00",2026-03-20T02:47:26.417Z,177397484641700
"""jolly @ ZT-25AXnSd"" folds",2026-03-20T02:47:25.474Z,177397484547400
"""One Hour @ kqHgeLEP9s"" folds",2026-03-20T02:47:24.530Z,177397484453000
"""chasingflushie @ E1NtDR8Iy-"" folds",2026-03-20T02:47:05.322Z,177397482532200
"""Goober @ xKINFe6J18"" folds",2026-03-20T02:47:03.153Z,177397482315300
"""Robopop @ 5W_z5FqSSU"" folds",2026-03-20T02:47:02.164Z,177397482216400
"""Raven @ lgXV8zJd19"" raises to 6.00",2026-03-20T02:46:56.364Z,177397481636400
"""Daveo da rula @ hL2HOafVVY"" raises to 1.75",2026-03-20T02:46:52.884Z,177397481288400
"""blessed @ qCJm12-9Fn"" folds",2026-03-20T02:46:50.635Z,177397481063500
"""eyz @ PFiA37ihL9"" folds",2026-03-20T02:46:49.599Z,177397480959900
"""jolly @ ZT-25AXnSd"" posts a big blind of 0.50",2026-03-20T02:46:48.561Z,177397480856112
"""One Hour @ kqHgeLEP9s"" posts a small blind of 0.25",2026-03-20T02:46:48.561Z,177397480856111
"Your hand is 9♠, J♣",2026-03-20T02:46:48.561Z,177397480856110
"Player stacks: #1 ""blessed @ qCJm12-9Fn"" (104.36) | #2 ""Daveo da rula @ hL2HOafVVY"" (223.53) | #3 ""Raven @ lgXV8zJd19"" (122.99) | #4 ""Robopop @ 5W_z5FqSSU"" (43.75) | #5 ""Goober @ xKINFe6J18"" (190.31) | #6 ""chasingflushie @ E1NtDR8Iy-"" (198.50) | #7 ""One Hour @ kqHgeLEP9s"" (113.41) | #8 ""jolly @ ZT-25AXnSd"" (70.25) | #10 ""eyz @ PFiA37ihL9"" (74.38)",2026-03-20T02:46:48.561Z,177397480856101
"-- starting hand #82 (id: 6oixkraduom0)  No Limit Texas Hold'em (dealer: ""chasingflushie @ E1NtDR8Iy-"") --",2026-03-20T02:46:48.561Z,177397480856100
"""One Hour @ kqHgeLEP9s"" shows a 7♦, 9♣.",2026-03-20T02:46:45.440Z,177397480544000
"-- ending hand #81 --",2026-03-20T02:46:44.949Z,177397480494902
"""chasingflushie @ E1NtDR8Iy-"" collected 18.00 from pot",2026-03-20T02:46:44.949Z,177397480494901
"Uncalled bet of 18.00 returned to ""chasingflushie @ E1NtDR8Iy-""",2026-03-20T02:46:44.949Z,177397480494900
"""One Hour @ kqHgeLEP9s"" folds",2026-03-20T02:46:44.137Z,177397480413700
"""chasingflushie @ E1NtDR8Iy-"" bets 18.00",2026-03-20T02:46:42.843Z,177397480284300
"River: 10♦, 9♥, 5♣, 2♠ [6♣]",2026-03-20T02:46:33.597Z,177397479359700
"""One Hour @ kqHgeLEP9s"" calls 6.00",2026-03-20T02:46:32.789Z,177397479278900
"""chasingflushie @ E1NtDR8Iy-"" bets 6.00",2026-03-20T02:46:25.425Z,177397478542500
"Turn: 10♦, 9♥, 5♣ [2♠]",2026-03-20T02:46:22.323Z,177397478232300
"""One Hour @ kqHgeLEP9s"" calls 1.50",2026-03-20T02:46:21.508Z,177397478150800
"""chasingflushie @ E1NtDR8Iy-"" bets 1.50",2026-03-20T02:46:20.024Z,177397478002400
"Flop:  [10♦, 9♥, 5♣]",2026-03-20T02:46:12.716Z,177397477271600
"""One Hour @ kqHgeLEP9s"" calls 1.50",2026-03-20T02:46:11.854Z,177397477185400
"""chasingflushie @ E1NtDR8Iy-"" raises to 1.50",2026-03-20T02:46:01.812Z,177397476181200
"""Goober @ xKINFe6J18"" folds",2026-03-20T02:45:54.950Z,177397475495000
"""Robopop @ 5W_z5FqSSU"" folds",2026-03-20T02:45:54.015Z,177397475401500
"""Raven @ lgXV8zJd19"" folds",2026-03-20T02:45:53.020Z,177397475302000
"""Daveo da rula @ hL2HOafVVY"" folds",2026-03-20T02:45:52.151Z,177397475215100
"""blessed @ qCJm12-9Fn"" folds",2026-03-20T02:45:51.213Z,177397475121300
"""eyz @ PFiA37ihL9"" folds",2026-03-20T02:45:50.347Z,177397475034700
"""jolly @ ZT-25AXnSd"" folds",2026-03-20T02:45:49.477Z,177397474947700
"""One Hour @ kqHgeLEP9s"" posts a big blind of 0.50",2026-03-20T02:45:47.818Z,177397474781812
"""chasingflushie @ E1NtDR8Iy-"" posts a small blind of 0.25",2026-03-20T02:45:47.818Z,177397474781811
"Your hand is 7♥, 10♠",2026-03-20T02:45:47.818Z,177397474781810
"Player stacks: #1 ""blessed @ qCJm12-9Fn"" (104.36) | #2 ""Daveo da rula @ hL2HOafVVY"" (223.53) | #3 ""Raven @ lgXV8zJd19"" (122.99) | #4 ""Robopop @ 5W_z5FqSSU"" (43.75) | #5 ""Goober @ xKINFe6J18"" (190.31) | #6 ""chasingflushie @ E1NtDR8Iy-"" (189.50) | #7 ""One Hour @ kqHgeLEP9s"" (122.41) | #8 ""jolly @ ZT-25AXnSd"" (70.25) | #10 ""eyz @ PFiA37ihL9"" (74.38)",2026-03-20T02:45:47.818Z,177397474781801
"-- starting hand #81 (id: ujur5eqyqkmf)  No Limit Texas Hold'em (dealer: ""Goober @ xKINFe6J18"") --",2026-03-20T02:45:47.818Z,177397474781800
"-- ending hand #80 --",2026-03-20T02:45:44.906Z,177397474490602
"""Daveo da rula @ hL2HOafVVY"" collected 18.74 from pot",2026-03-20T02:45:44.906Z,177397474490601
"Uncalled bet of 14.05 returned to ""Daveo da rula @ hL2HOafVVY""",2026-03-20T02:45:44.906Z,177397474490600
"""eyz @ PFiA37ihL9"" folds",2026-03-20T02:45:44.091Z,177397474409100
"""Daveo da rula @ hL2HOafVVY"" bets 14.05",2026-03-20T02:45:37.018Z,177397473701800
"""eyz @ PFiA37ihL9"" checks",2026-03-20T02:45:33.871Z,177397473387100
"Turn: 4♦, J♣, 7♥ [9♣]",2026-03-20T02:45:29.804Z,177397472980400
"""eyz @ PFiA37ihL9"" calls 5.62",2026-03-20T02:45:28.983Z,177397472898300
"""Daveo da rula @ hL2HOafVVY"" bets 5.62",2026-03-20T02:45:23.787Z,177397472378700
"""eyz @ PFiA37ihL9"" checks",2026-03-20T02:45:21.307Z,177397472130700
"Flop:  [4♦, J♣, 7♥]",2026-03-20T02:45:18.652Z,177397471865200
"""blessed @ qCJm12-9Fn"" folds",2026-03-20T02:45:17.833Z,177397471783300
"""eyz @ PFiA37ihL9"" calls 3.00",2026-03-20T02:45:16.861Z,177397471686100
"""chasingflushie @ E1NtDR8Iy-"" folds",2026-03-20T02:45:15.384Z,177397471538400
"""Goober @ xKINFe6J18"" folds",2026-03-20T02:45:14.092Z,177397471409200
"""Robopop @ 5W_z5FqSSU"" folds",2026-03-20T02:45:13.138Z,177397471313800
"""Raven @ lgXV8zJd19"" folds",2026-03-20T02:45:12.173Z,177397471217300
"""Daveo da rula @ hL2HOafVVY"" raises to 3.00",2026-03-20T02:45:11.316Z,177397471131600
"""blessed @ qCJm12-9Fn"" checks",2026-03-20T02:45:08.853Z,177397470885300
"""eyz @ PFiA37ihL9"" calls 0.50",2026-03-20T02:45:07.134Z,177397470713400
"""jolly @ ZT-25AXnSd"" folds",2026-03-20T02:45:05.569Z,177397470556900
"""One Hour @ kqHgeLEP9s"" folds",2026-03-20T02:44:59.518Z,177397469951800
"""blessed @ qCJm12-9Fn"" posts a missed big blind of 0.50",2026-03-20T02:44:54.868Z,177397469486815
"""blessed @ qCJm12-9Fn"" posts a missing small blind of 0.25",2026-03-20T02:44:54.868Z,177397469486814
"""chasingflushie @ E1NtDR8Iy-"" posts a big blind of 0.50",2026-03-20T02:44:54.868Z,177397469486813
"""Goober @ xKINFe6J18"" posts a small blind of 0.25",2026-03-20T02:44:54.868Z,177397469486812
"Your hand is 8♦, 7♦",2026-03-20T02:44:54.868Z,177397469486811
"Player stacks: #1 ""blessed @ qCJm12-9Fn"" (105.11) | #2 ""Daveo da rula @ hL2HOafVVY"" (213.41) | #3 ""Raven @ lgXV8zJd19"" (122.99) | #4 ""Robopop @ 5W_z5FqSSU"" (43.75) | #5 ""Goober @ xKINFe6J18"" (190.56) | #6 ""chasingflushie @ E1NtDR8Iy-"" (190.00) | #7 ""One Hour @ kqHgeLEP9s"" (122.41) | #8 ""jolly @ ZT-25AXnSd"" (70.25) | #10 ""eyz @ PFiA37ihL9"" (83.00)",2026-03-20T02:44:54.868Z,177397469486802
"-- starting hand #80 (id: 3wj79eosv1zf)  No Limit Texas Hold'em (dealer: ""Robopop @ 5W_z5FqSSU"") --",2026-03-20T02:44:54.868Z,177397469486801
"The player ""blessed @ qCJm12-9Fn"" joined the game with a stack of 105.11.",2026-03-20T02:44:54.868Z,177397469486800
"-- ending hand #79 --",2026-03-20T02:44:51.848Z,177397469184802
"""jolly @ ZT-25AXnSd"" collected 22.50 from pot with Pair, J's (combination: 7♠, Q♠, A♠, J♣, J♦)",2026-03-20T02:44:51.848Z,177397469184801
"""jolly @ ZT-25AXnSd"" shows a Q♠, J♣.",2026-03-20T02:44:51.848Z,177397469184800
"""Raven @ lgXV8zJd19"" checks",2026-03-20T02:44:51.024Z,177397469102400
"""Daveo da rula @ hL2HOafVVY"" checks",2026-03-20T02:44:49.410Z,177397468941000
"""jolly @ ZT-25AXnSd"" checks",2026-03-20T02:44:47.272Z,177397468727200
"River: J♦, 5♣, A♠, 7♠ [3♦]",2026-03-20T02:44:46.046Z,177397468604600
"""Raven @ lgXV8zJd19"" checks",2026-03-20T02:44:45.210Z,177397468521000
"""Daveo da rula @ hL2HOafVVY"" checks",2026-03-20T02:44:40.437Z,177397468043700
"""jolly @ ZT-25AXnSd"" checks",2026-03-20T02:44:38.990Z,177397467899000
"Turn: J♦, 5♣, A♠ [7♠]",2026-03-20T02:44:37.834Z,177397467783400
"""Raven @ lgXV8zJd19"" checks",2026-03-20T02:44:36.951Z,177397467695100
"""Daveo da rula @ hL2HOafVVY"" checks",2026-03-20T02:44:32.493Z,177397467249300
"""jolly @ ZT-25AXnSd"" checks",2026-03-20T02:44:31.211Z,177397467121100
"Flop:  [J♦, 5♣, A♠]",2026-03-20T02:44:30.346Z,177397467034600
"""jolly @ ZT-25AXnSd"" calls 6.75",2026-03-20T02:44:29.531Z,177397466953100
"""chasingflushie @ E1NtDR8Iy-"" folds",2026-03-20T02:44:28.629Z,177397466862900
"The player ""blessed @ qCJm12-9Fn"" sit back with the stack of 105.11.",2026-03-20T02:44:26.801Z,177397466680100
"""Goober @ xKINFe6J18"" folds",2026-03-20T02:44:19.535Z,177397465953500
"""Robopop @ 5W_z5FqSSU"" folds",2026-03-20T02:44:18.563Z,177397465856300
"""Raven @ lgXV8zJd19"" calls 6.75",2026-03-20T02:44:17.587Z,177397465758700
"""Daveo da rula @ hL2HOafVVY"" raises to 6.75",2026-03-20T02:44:16.106Z,177397465610600
"""eyz @ PFiA37ihL9"" folds",2026-03-20T02:44:07.169Z,177397464716900
"""jolly @ ZT-25AXnSd"" calls 1.50",2026-03-20T02:44:06.241Z,177397464624100
"""One Hour @ kqHgeLEP9s"" folds",2026-03-20T02:44:05.331Z,177397464533100
"""chasingflushie @ E1NtDR8Iy-"" raises to 1.50",2026-03-20T02:44:04.407Z,177397464440700
"""Goober @ xKINFe6J18"" posts a big blind of 0.50",2026-03-20T02:43:58.924Z,177397463892411
"""Robopop @ 5W_z5FqSSU"" posts a small blind of 0.25",2026-03-20T02:43:58.924Z,177397463892410
"Your hand is 7♦, 4♣",2026-03-20T02:43:58.924Z,177397463892409
"Player stacks: #2 ""Daveo da rula @ hL2HOafVVY"" (220.16) | #3 ""Raven @ lgXV8zJd19"" (129.74) | #4 ""Robopop @ 5W_z5FqSSU"" (44.00) | #5 ""Goober @ xKINFe6J18"" (191.06) | #6 ""chasingflushie @ E1NtDR8Iy-"" (191.50) | #7 ""One Hour @ kqHgeLEP9s"" (122.41) | #8 ""jolly @ ZT-25AXnSd"" (54.50) | #10 ""eyz @ PFiA37ihL9"" (83.00)",2026-03-20T02:43:58.924Z,177397463892401
"-- starting hand #79 (id: dibfmwbnonrb)  No Limit Texas Hold'em (dealer: ""Raven @ lgXV8zJd19"") --",2026-03-20T02:43:58.924Z,177397463892400
"-- ending hand #78 --",2026-03-20T02:43:55.984Z,177397463598402
"""Daveo da rula @ hL2HOafVVY"" collected 1.25 from pot",2026-03-20T02:43:55.984Z,177397463598401
"Uncalled bet of 1.75 returned to ""Daveo da rula @ hL2HOafVVY""",2026-03-20T02:43:55.984Z,177397463598400
"""Robopop @ 5W_z5FqSSU"" folds",2026-03-20T02:43:55.133Z,177397463513300
"""Raven @ lgXV8zJd19"" folds",2026-03-20T02:43:50.476Z,177397463047600
"""Daveo da rula @ hL2HOafVVY"" raises to 2.25",2026-03-20T02:43:49.637Z,177397462963700
"""eyz @ PFiA37ihL9"" folds",2026-03-20T02:43:46.893Z,177397462689300
"""jolly @ ZT-25AXnSd"" folds",2026-03-20T02:43:46.032Z,177397462603200
"""One Hour @ kqHgeLEP9s"" folds",2026-03-20T02:43:45.077Z,177397462507700
"""chasingflushie @ E1NtDR8Iy-"" folds",2026-03-20T02:43:44.116Z,177397462411600
"""Goober @ xKINFe6J18"" folds",2026-03-20T02:43:43.036Z,177397462303600
"""Robopop @ 5W_z5FqSSU"" posts a big blind of 0.50",2026-03-20T02:43:40.912Z,177397462091211
"""Raven @ lgXV8zJd19"" posts a small blind of 0.25",2026-03-20T02:43:40.912Z,177397462091210
"Your hand is K♥, 2♠",2026-03-20T02:43:40.912Z,177397462091209
"Player stacks: #2 ""Daveo da rula @ hL2HOafVVY"" (219.41) | #3 ""Raven @ lgXV8zJd19"" (129.99) | #4 ""Robopop @ 5W_z5FqSSU"" (44.50) | #5 ""Goober @ xKINFe6J18"" (191.06) | #6 ""chasingflushie @ E1NtDR8Iy-"" (191.50) | #7 ""One Hour @ kqHgeLEP9s"" (122.41) | #8 ""jolly @ ZT-25AXnSd"" (54.50) | #10 ""eyz @ PFiA37ihL9"" (83.00)",2026-03-20T02:43:40.912Z,177397462091201
"-- starting hand #78 (id: loba8tfvosun)  No Limit Texas Hold'em (dealer: ""Daveo da rula @ hL2HOafVVY"") --",2026-03-20T02:43:40.912Z,177397462091200
"""Raven @ lgXV8zJd19"" shows a Q♣, 8♣.",2026-03-20T02:43:38.944Z,177397461894400
"""One Hour @ kqHgeLEP9s"" shows a A♣.",2026-03-20T02:43:37.236Z,177397461723600
"-- ending hand #77 --",2026-03-20T02:43:36.573Z,177397461657302
"""Raven @ lgXV8zJd19"" collected 18.74 from pot",2026-03-20T02:43:36.573Z,177397461657301
"Uncalled bet of 18.74 returned to ""Raven @ lgXV8zJd19""",2026-03-20T02:43:36.573Z,177397461657300
"""One Hour @ kqHgeLEP9s"" folds",2026-03-20T02:43:35.728Z,177397461572800
"""Raven @ lgXV8zJd19"" bets 18.74",2026-03-20T02:43:31.015Z,177397461101500
"Turn: A♠, K♣, 9♣ [2♥]",2026-03-20T02:43:29.435Z,177397460943500
"""Daveo da rula @ hL2HOafVVY"" folds",2026-03-20T02:43:28.623Z,177397460862300
"""eyz @ PFiA37ihL9"" folds",2026-03-20T02:43:27.605Z,177397460760500
"""One Hour @ kqHgeLEP9s"" calls 5.62",2026-03-20T02:43:26.679Z,177397460667900
"""Goober @ xKINFe6J18"" folds",2026-03-20T02:43:22.086Z,177397460208600
"""Raven @ lgXV8zJd19"" bets 5.62",2026-03-20T02:43:16.265Z,177397459626500
"""Daveo da rula @ hL2HOafVVY"" checks",2026-03-20T02:43:12.841Z,177397459284100
"Flop:  [A♠, K♣, 9♣]",2026-03-20T02:43:11.672Z,177397459167200
"""Raven @ lgXV8zJd19"" calls 1.50",2026-03-20T02:43:10.860Z,177397459086000
"""Daveo da rula @ hL2HOafVVY"" calls 1.50",2026-03-20T02:43:08.937Z,177397458893700
"""eyz @ PFiA37ihL9"" calls 1.50",2026-03-20T02:43:07.403Z,177397458740300
"""jolly @ ZT-25AXnSd"" folds",2026-03-20T02:43:05.404Z,177397458540400
"""One Hour @ kqHgeLEP9s"" calls 1.50",2026-03-20T02:42:56.113Z,177397457611300
"""chasingflushie @ E1NtDR8Iy-"" folds",2026-03-20T02:42:53.676Z,177397457367600
"""Goober @ xKINFe6J18"" raises to 1.50",2026-03-20T02:42:51.757Z,177397457175700
"""Robopop @ 5W_z5FqSSU"" folds",2026-03-20T02:42:47.284Z,177397456728400
"""Raven @ lgXV8zJd19"" posts a big blind of 0.50",2026-03-20T02:42:39.472Z,177397455947211
"""Daveo da rula @ hL2HOafVVY"" posts a small blind of 0.25",2026-03-20T02:42:39.472Z,177397455947210
"Your hand is 5♣, 6♠",2026-03-20T02:42:39.472Z,177397455947209
"Player stacks: #2 ""Daveo da rula @ hL2HOafVVY"" (220.91) | #3 ""Raven @ lgXV8zJd19"" (118.37) | #4 ""Robopop @ 5W_z5FqSSU"" (44.50) | #5 ""Goober @ xKINFe6J18"" (192.56) | #6 ""chasingflushie @ E1NtDR8Iy-"" (191.50) | #7 ""One Hour @ kqHgeLEP9s"" (129.53) | #8 ""jolly @ ZT-25AXnSd"" (54.50) | #10 ""eyz @ PFiA37ihL9"" (84.50)",2026-03-20T02:42:39.472Z,177397455947201
"-- starting hand #77 (id: nr4za2u6glpg)  No Limit Texas Hold'em (dealer: ""eyz @ PFiA37ihL9"") --",2026-03-20T02:42:39.472Z,177397455947200
"""Daveo da rula @ hL2HOafVVY"" shows a 6♣, 7♥.",2026-03-20T02:42:37.578Z,177397455757800
"-- ending hand #76 --",2026-03-20T02:42:35.869Z,177397455586902
"""Daveo da rula @ hL2HOafVVY"" collected 35.00 from pot",2026-03-20T02:42:35.869Z,177397455586901
"Uncalled bet of 17.50 returned to ""Daveo da rula @ hL2HOafVVY""",2026-03-20T02:42:35.869Z,177397455586900
"""jolly @ ZT-25AXnSd"" folds",2026-03-20T02:42:34.983Z,177397455498300
"""Daveo da rula @ hL2HOafVVY"" bets 17.50",2026-03-20T02:42:33.399Z,177397455339900
"Turn: A♦, 4♦, K♦ [5♣]",2026-03-20T02:42:28.773Z,177397454877300
"""jolly @ ZT-25AXnSd"" calls 8.75",2026-03-20T02:42:27.953Z,177397454795300
"""Daveo da rula @ hL2HOafVVY"" bets 8.75",2026-03-20T02:42:26.640Z,177397454664000
"Flop:  [A♦, 4♦, K♦]",2026-03-20T02:42:22.367Z,177397454236700
"""eyz @ PFiA37ihL9"" folds",2026-03-20T02:42:21.563Z,177397454156300
"""jolly @ ZT-25AXnSd"" calls 8.00",2026-03-20T02:42:19.364Z,177397453936400
"""Daveo da rula @ hL2HOafVVY"" raises to 8.00",2026-03-20T02:42:17.390Z,177397453739000
"""eyz @ PFiA37ihL9"" calls 1.50",2026-03-20T02:42:13.029Z,177397453302900
"""jolly @ ZT-25AXnSd"" raises to 1.50",2026-03-20T02:42:11.554Z,177397453155400
"""One Hour @ kqHgeLEP9s"" folds",2026-03-20T02:42:09.039Z,177397452903900
"""chasingflushie @ E1NtDR8Iy-"" folds",2026-03-20T02:42:08.115Z,177397452811500
"""Goober @ xKINFe6J18"" folds",2026-03-20T02:41:55.250Z,177397451525000
"""Robopop @ 5W_z5FqSSU"" folds",2026-03-20T02:41:54.301Z,177397451430100
"""Raven @ lgXV8zJd19"" folds",2026-03-20T02:41:52.811Z,177397451281100
"""Daveo da rula @ hL2HOafVVY"" posts a big blind of 0.50",2026-03-20T02:41:51.358Z,177397451135811
"""eyz @ PFiA37ihL9"" posts a small blind of 0.25",2026-03-20T02:41:51.358Z,177397451135810
"Your hand is A♠, 7♦",2026-03-20T02:41:51.358Z,177397451135809
"Player stacks: #2 ""Daveo da rula @ hL2HOafVVY"" (202.66) | #3 ""Raven @ lgXV8zJd19"" (118.37) | #4 ""Robopop @ 5W_z5FqSSU"" (44.50) | #5 ""Goober @ xKINFe6J18"" (192.56) | #6 ""chasingflushie @ E1NtDR8Iy-"" (191.50) | #7 ""One Hour @ kqHgeLEP9s"" (129.53) | #8 ""jolly @ ZT-25AXnSd"" (71.25) | #10 ""eyz @ PFiA37ihL9"" (86.00)",2026-03-20T02:41:51.358Z,177397451135801
"-- starting hand #76 (id: 2nw409xkpev2)  No Limit Texas Hold'em (dealer: ""jolly @ ZT-25AXnSd"") --",2026-03-20T02:41:51.358Z,177397451135800
"""Raven @ lgXV8zJd19"" shows a 3♥, 2♠.",2026-03-20T02:41:49.226Z,177397450922600
"-- ending hand #75 --",2026-03-20T02:41:47.755Z,177397450775502
"""Daveo da rula @ hL2HOafVVY"" collected 23.00 from pot",2026-03-20T02:41:47.755Z,177397450775501
"Uncalled bet of 17.25 returned to ""Daveo da rula @ hL2HOafVVY""",2026-03-20T02:41:47.755Z,177397450775500
"""jolly @ ZT-25AXnSd"" folds",2026-03-20T02:41:46.947Z,177397450694700
"""One Hour @ kqHgeLEP9s"" folds",2026-03-20T02:41:46.070Z,177397450607000
"""Daveo da rula @ hL2HOafVVY"" bets 17.25",2026-03-20T02:41:45.032Z,177397450503200
"""jolly @ ZT-25AXnSd"" checks",2026-03-20T02:41:42.128Z,177397450212800
"Flop:  [2♣, 10♣, 3♠]",2026-03-20T02:41:39.068Z,177397449906800
"""One Hour @ kqHgeLEP9s"" calls 7.50",2026-03-20T02:41:38.265Z,177397449826500
"""Daveo da rula @ hL2HOafVVY"" calls 7.50",2026-03-20T02:41:36.798Z,177397449679800
"""eyz @ PFiA37ihL9"" folds",2026-03-20T02:41:35.860Z,177397449586000
"""jolly @ ZT-25AXnSd"" raises to 7.50",2026-03-20T02:41:34.964Z,177397449496400
"""One Hour @ kqHgeLEP9s"" calls 1.75",2026-03-20T02:41:30.577Z,177397449057700
"""chasingflushie @ E1NtDR8Iy-"" folds",2026-03-20T02:41:29.301Z,177397448930100
"""Goober @ xKINFe6J18"" folds",2026-03-20T02:41:15.975Z,177397447597500
"""Robopop @ 5W_z5FqSSU"" folds",2026-03-20T02:41:15.012Z,177397447501200
"""Raven @ lgXV8zJd19"" folds",2026-03-20T02:41:10.836Z,177397447083600
"""Daveo da rula @ hL2HOafVVY"" raises to 1.75",2026-03-20T02:41:09.861Z,177397446986100
"""eyz @ PFiA37ihL9"" posts a big blind of 0.50",2026-03-20T02:41:07.949Z,177397446794912
"""jolly @ ZT-25AXnSd"" posts a small blind of 0.25",2026-03-20T02:41:07.949Z,177397446794911
"Your hand is 9♥, 5♥",2026-03-20T02:41:07.949Z,177397446794910
"Player stacks: #2 ""Daveo da rula @ hL2HOafVVY"" (187.16) | #3 ""Raven @ lgXV8zJd19"" (118.37) | #4 ""Robopop @ 5W_z5FqSSU"" (44.50) | #5 ""Goober @ xKINFe6J18"" (192.56) | #6 ""chasingflushie @ E1NtDR8Iy-"" (191.50) | #7 ""One Hour @ kqHgeLEP9s"" (137.03) | #8 ""jolly @ ZT-25AXnSd"" (78.75) | #10 ""eyz @ PFiA37ihL9"" (86.50)",2026-03-20T02:41:07.949Z,177397446794902
"-- starting hand #75 (id: lrpvvfxensan)  No Limit Texas Hold'em (dealer: ""One Hour @ kqHgeLEP9s"") --",2026-03-20T02:41:07.949Z,177397446794901
"The player ""blessed @ qCJm12-9Fn"" stand up with the stack of 105.11.",2026-03-20T02:41:07.949Z,177397446794900
"-- ending hand #74 --",2026-03-20T02:41:05.041Z,177397446504102
"""Raven @ lgXV8zJd19"" collected 10.49 from pot",2026-03-20T02:41:05.041Z,177397446504101
"Uncalled bet of 10.49 returned to ""Raven @ lgXV8zJd19""",2026-03-20T02:41:05.041Z,177397446504100
"""Goober @ xKINFe6J18"" folds",2026-03-20T02:41:04.194Z,177397446419400
"""Raven @ lgXV8zJd19"" bets 10.49",2026-03-20T02:41:03.231Z,177397446323100
"River: 2♣, 8♣, 3♣, 6♣ [8♦]",2026-03-20T02:40:59.539Z,177397445953900
"""Goober @ xKINFe6J18"" checks",2026-03-20T02:40:58.666Z,177397445866600
"""Raven @ lgXV8zJd19"" checks",2026-03-20T02:40:56.451Z,177397445645100
"Turn: 2♣, 8♣, 3♣ [6♣]",2026-03-20T02:40:54.391Z,177397445439100
"""Raven @ lgXV8zJd19"" calls 2.62",2026-03-20T02:40:53.587Z,177397445358700
"""Goober @ xKINFe6J18"" bets 2.62",2026-03-20T02:40:51.786Z,177397445178600
"""Raven @ lgXV8zJd19"" checks",2026-03-20T02:40:47.761Z,177397444776100
"Flop:  [2♣, 8♣, 3♣]",2026-03-20T02:40:44.931Z,177397444493100
"""Raven @ lgXV8zJd19"" calls 2.25",2026-03-20T02:40:44.113Z,177397444411300
"""jolly @ ZT-25AXnSd"" folds",2026-03-20T02:40:42.629Z,177397444262900
"""One Hour @ kqHgeLEP9s"" folds",2026-03-20T02:40:41.693Z,177397444169300
"""chasingflushie @ E1NtDR8Iy-"" folds",2026-03-20T02:40:40.682Z,177397444068200
"""Goober @ xKINFe6J18"" raises to 2.25",2026-03-20T02:40:36.044Z,177397443604400
"""Robopop @ 5W_z5FqSSU"" folds",2026-03-20T02:40:29.904Z,177397442990400
"""Raven @ lgXV8zJd19"" calls 0.50",2026-03-20T02:40:28.928Z,177397442892800
"""Daveo da rula @ hL2HOafVVY"" folds",2026-03-20T02:40:27.056Z,177397442705600
"""blessed @ qCJm12-9Fn"" folds",2026-03-20T02:40:26.033Z,177397442603300
"""eyz @ PFiA37ihL9"" folds",2026-03-20T02:40:25.184Z,177397442518400
"""jolly @ ZT-25AXnSd"" posts a big blind of 0.50",2026-03-20T02:40:22.112Z,177397442211212
"""One Hour @ kqHgeLEP9s"" posts a small blind of 0.25",2026-03-20T02:40:22.112Z,177397442211211
"Your hand is K♣, 2♠",2026-03-20T02:40:22.112Z,177397442211210
"Player stacks: #1 ""blessed @ qCJm12-9Fn"" (105.11) | #2 ""Daveo da rula @ hL2HOafVVY"" (187.16) | #3 ""Raven @ lgXV8zJd19"" (112.75) | #4 ""Robopop @ 5W_z5FqSSU"" (44.50) | #5 ""Goober @ xKINFe6J18"" (197.43) | #6 ""chasingflushie @ E1NtDR8Iy-"" (191.50) | #7 ""One Hour @ kqHgeLEP9s"" (137.28) | #8 ""jolly @ ZT-25AXnSd"" (79.25) | #10 ""eyz @ PFiA37ihL9"" (86.50)",2026-03-20T02:40:22.112Z,177397442211201
"-- starting hand #74 (id: 9q9c2stcesmn)  No Limit Texas Hold'em (dealer: ""chasingflushie @ E1NtDR8Iy-"") --",2026-03-20T02:40:22.112Z,177397442211200
"""One Hour @ kqHgeLEP9s"" shows a Q♦, J♥.",2026-03-20T02:40:20.392Z,177397442039200
"-- ending hand #73 --",2026-03-20T02:40:18.350Z,177397441835002
"""Raven @ lgXV8zJd19"" collected 36.21 from pot with Two Pair, J's & 4's (combination: K♣, 4♥, 4♣, J♦, J♠)",2026-03-20T02:40:18.350Z,177397441835001
"""Raven @ lgXV8zJd19"" shows a K♣, J♦.",2026-03-20T02:40:18.350Z,177397441835000
"""One Hour @ kqHgeLEP9s"" calls 9.05",2026-03-20T02:40:17.536Z,177397441753600
"""Raven @ lgXV8zJd19"" bets 9.05",2026-03-20T02:40:16.205Z,177397441620500
"""One Hour @ kqHgeLEP9s"" checks",2026-03-20T02:40:13.752Z,177397441375200
"River: J♠, 4♥, 4♣, 8♣ [10♣]",2026-03-20T02:40:12.908Z,177397441290800
"""Daveo da rula @ hL2HOafVVY"" folds",2026-03-20T02:40:12.034Z,177397441203400
"""One Hour @ kqHgeLEP9s"" calls 5.43",2026-03-20T02:40:11.044Z,177397441104400
"""Robopop @ 5W_z5FqSSU"" folds",2026-03-20T02:40:09.454Z,177397440945400
"""Raven @ lgXV8zJd19"" bets 5.43",2026-03-20T02:40:06.243Z,177397440624300
"""Daveo da rula @ hL2HOafVVY"" checks",2026-03-20T02:40:03.544Z,177397440354400
"""One Hour @ kqHgeLEP9s"" checks",2026-03-20T02:40:02.557Z,177397440255700
"Turn: J♠, 4♥, 4♣ [8♣]",2026-03-20T02:40:00.294Z,177397440029400
"""Robopop @ 5W_z5FqSSU"" checks",2026-03-20T02:39:59.444Z,177397439944400
"""Raven @ lgXV8zJd19"" checks",2026-03-20T02:39:55.251Z,177397439525100
"""Daveo da rula @ hL2HOafVVY"" checks",2026-03-20T02:39:50.696Z,177397439069600
"""One Hour @ kqHgeLEP9s"" checks",2026-03-20T02:39:49.718Z,177397438971800
"Flop:  [J♠, 4♥, 4♣]",2026-03-20T02:39:48.474Z,177397438847400
"""One Hour @ kqHgeLEP9s"" calls 1.75",2026-03-20T02:39:47.661Z,177397438766100
"""chasingflushie @ E1NtDR8Iy-"" folds",2026-03-20T02:39:40.243Z,177397438024300
"""Goober @ xKINFe6J18"" folds",2026-03-20T02:39:39.320Z,177397437932000
"""Robopop @ 5W_z5FqSSU"" calls 1.75",2026-03-20T02:39:37.678Z,177397437767800
"""Raven @ lgXV8zJd19"" calls 1.75",2026-03-20T02:39:28.207Z,177397436820700
"""Daveo da rula @ hL2HOafVVY"" raises to 1.75",2026-03-20T02:39:27.061Z,177397436706100
"""blessed @ qCJm12-9Fn"" folds",2026-03-20T02:39:25.031Z,177397436503100
"""eyz @ PFiA37ihL9"" folds",2026-03-20T02:39:23.184Z,177397436318400
"""jolly @ ZT-25AXnSd"" folds",2026-03-20T02:39:22.265Z,177397436226500
"""One Hour @ kqHgeLEP9s"" posts a big blind of 0.50",2026-03-20T02:39:21.178Z,177397436117812
"""chasingflushie @ E1NtDR8Iy-"" posts a small blind of 0.25",2026-03-20T02:39:21.178Z,177397436117811
"Your hand is J♣, 6♥",2026-03-20T02:39:21.178Z,177397436117810
"Player stacks: #1 ""blessed @ qCJm12-9Fn"" (105.11) | #2 ""Daveo da rula @ hL2HOafVVY"" (188.91) | #3 ""Raven @ lgXV8zJd19"" (92.77) | #4 ""Robopop @ 5W_z5FqSSU"" (46.25) | #5 ""Goober @ xKINFe6J18"" (197.43) | #6 ""chasingflushie @ E1NtDR8Iy-"" (191.75) | #7 ""One Hour @ kqHgeLEP9s"" (153.51) | #8 ""jolly @ ZT-25AXnSd"" (79.25) | #10 ""eyz @ PFiA37ihL9"" (86.50)",2026-03-20T02:39:21.178Z,177397436117801
"-- starting hand #73 (id: octurfuh0hao)  No Limit Texas Hold'em (dealer: ""Goober @ xKINFe6J18"") --",2026-03-20T02:39:21.178Z,177397436117800
"""One Hour @ kqHgeLEP9s"" collected 20.00 from the 7-2 bounty",2026-03-20T02:39:18.251Z,177397435825108
"""jolly @ ZT-25AXnSd"" paid 2.50 for the 7-2 bounty to ""One Hour @ kqHgeLEP9s""",2026-03-20T02:39:18.251Z,177397435825107
"""chasingflushie @ E1NtDR8Iy-"" paid 2.50 for the 7-2 bounty to ""One Hour @ kqHgeLEP9s""",2026-03-20T02:39:18.251Z,177397435825106
"""eyz @ PFiA37ihL9"" paid 2.50 for the 7-2 bounty to ""One Hour @ kqHgeLEP9s""",2026-03-20T02:39:18.251Z,177397435825105
"""Robopop @ 5W_z5FqSSU"" paid 2.50 for the 7-2 bounty to ""One Hour @ kqHgeLEP9s""",2026-03-20T02:39:18.251Z,177397435825104
"""Raven @ lgXV8zJd19"" paid 2.50 for the 7-2 bounty to ""One Hour @ kqHgeLEP9s""",2026-03-20T02:39:18.251Z,177397435825103
"""Goober @ xKINFe6J18"" paid 2.50 for the 7-2 bounty to ""One Hour @ kqHgeLEP9s""",2026-03-20T02:39:18.251Z,177397435825102
"""blessed @ qCJm12-9Fn"" paid 2.50 for the 7-2 bounty to ""One Hour @ kqHgeLEP9s""",2026-03-20T02:39:18.251Z,177397435825101
"""Daveo da rula @ hL2HOafVVY"" paid 2.50 for the 7-2 bounty to ""One Hour @ kqHgeLEP9s""",2026-03-20T02:39:18.251Z,177397435825100
"""One Hour @ kqHgeLEP9s"" shows a 2♥, 7♥.",2026-03-20T02:39:15.169Z,177397435516900
"-- ending hand #72 --",2026-03-20T02:39:14.571Z,177397435457102
"""One Hour @ kqHgeLEP9s"" collected 56.50 from pot",2026-03-20T02:39:14.571Z,177397435457101
"Uncalled bet of 77.01 returned to ""One Hour @ kqHgeLEP9s""",2026-03-20T02:39:14.571Z,177397435457100
"""blessed @ qCJm12-9Fn"" folds",2026-03-20T02:39:13.732Z,177397435373200
"""One Hour @ kqHgeLEP9s"" bets 77.01 and go all in",2026-03-20T02:39:11.938Z,177397435193800
"Flop:  [6♣, 3♥, 3♠]",2026-03-20T02:39:08.320Z,177397434832000
"""Goober @ xKINFe6J18"" folds",2026-03-20T02:39:07.490Z,177397434749000
"""Raven @ lgXV8zJd19"" folds",2026-03-20T02:39:06.520Z,177397434652000
"""blessed @ qCJm12-9Fn"" calls 25.00",2026-03-20T02:39:02.143Z,177397434214300
"""One Hour @ kqHgeLEP9s"" raises to 25.00",2026-03-20T02:39:00.088Z,177397434008800
"""chasingflushie @ E1NtDR8Iy-"" folds",2026-03-20T02:38:56.849Z,177397433684900
"""Goober @ xKINFe6J18"" calls 3.00",2026-03-20T02:38:55.913Z,177397433591300
"""Robopop @ 5W_z5FqSSU"" folds",2026-03-20T02:38:51.184Z,177397433118400
"""Raven @ lgXV8zJd19"" calls 3.00",2026-03-20T02:38:50.211Z,177397433021100
"""Daveo da rula @ hL2HOafVVY"" folds",2026-03-20T02:38:46.533Z,177397432653300
"""blessed @ qCJm12-9Fn"" raises to 3.00",2026-03-20T02:38:45.551Z,177397432555100
"""eyz @ PFiA37ihL9"" folds",2026-03-20T02:38:39.864Z,177397431986400
"""jolly @ ZT-25AXnSd"" folds",2026-03-20T02:38:38.242Z,177397431824200
"""One Hour @ kqHgeLEP9s"" raises to 1.75",2026-03-20T02:38:37.244Z,177397431724400
"""chasingflushie @ E1NtDR8Iy-"" posts a big blind of 0.50",2026-03-20T02:38:31.816Z,177397431181612
"""Goober @ xKINFe6J18"" posts a small blind of 0.25",2026-03-20T02:38:31.816Z,177397431181611
"Your hand is 5♠, A♥",2026-03-20T02:38:31.816Z,177397431181610
"Player stacks: #1 ""blessed @ qCJm12-9Fn"" (132.61) | #2 ""Daveo da rula @ hL2HOafVVY"" (191.41) | #3 ""Raven @ lgXV8zJd19"" (98.27) | #4 ""Robopop @ 5W_z5FqSSU"" (48.75) | #5 ""Goober @ xKINFe6J18"" (202.93) | #6 ""chasingflushie @ E1NtDR8Iy-"" (194.75) | #7 ""One Hour @ kqHgeLEP9s"" (102.01) | #8 ""jolly @ ZT-25AXnSd"" (81.75) | #10 ""eyz @ PFiA37ihL9"" (89.00)",2026-03-20T02:38:31.816Z,177397431181601
"-- starting hand #72 (id: fzqu2rygq68m)  No Limit Texas Hold'em (dealer: ""Robopop @ 5W_z5FqSSU"") --",2026-03-20T02:38:31.816Z,177397431181600
"-- ending hand #71 --",2026-03-20T02:38:28.914Z,177397430891402
"""Goober @ xKINFe6J18"" collected 1.25 from pot",2026-03-20T02:38:28.914Z,177397430891401
"Uncalled bet of 1.25 returned to ""Goober @ xKINFe6J18""",2026-03-20T02:38:28.914Z,177397430891400
"""blessed @ qCJm12-9Fn"" folds",2026-03-20T02:38:28.028Z,177397430802800
"""Goober @ xKINFe6J18"" bets 1.25",2026-03-20T02:38:27.035Z,177397430703500
"Turn: J♥, 4♣, 4♦ [3♦]",2026-03-20T02:38:17.705Z,177397429770500
"""blessed @ qCJm12-9Fn"" checks",2026-03-20T02:38:16.898Z,177397429689800
"""Goober @ xKINFe6J18"" checks",2026-03-20T02:38:15.034Z,177397429503400
"Flop:  [J♥, 4♣, 4♦]",2026-03-20T02:38:12.544Z,177397429254400
"""Goober @ xKINFe6J18"" checks",2026-03-20T02:38:11.708Z,177397429170800
"""Robopop @ 5W_z5FqSSU"" folds",2026-03-20T02:37:53.952Z,177397427395200
"""Raven @ lgXV8zJd19"" folds",2026-03-20T02:37:52.997Z,177397427299700
"""Daveo da rula @ hL2HOafVVY"" folds",2026-03-20T02:37:52.127Z,177397427212700
"""blessed @ qCJm12-9Fn"" calls 0.50",2026-03-20T02:37:45.908Z,177397426590800
"""eyz @ PFiA37ihL9"" folds",2026-03-20T02:37:43.398Z,177397426339800
"""jolly @ ZT-25AXnSd"" folds",2026-03-20T02:37:42.428Z,177397426242800
"""One Hour @ kqHgeLEP9s"" folds",2026-03-20T02:37:41.584Z,177397426158400
"""chasingflushie @ E1NtDR8Iy-"" folds",2026-03-20T02:37:40.658Z,177397426065800
"""Goober @ xKINFe6J18"" posts a big blind of 0.50",2026-03-20T02:37:32.491Z,177397425249112
"""Robopop @ 5W_z5FqSSU"" posts a small blind of 0.25",2026-03-20T02:37:32.491Z,177397425249111
"Your hand is 8♦, 7♠",2026-03-20T02:37:32.491Z,177397425249110
"Player stacks: #1 ""blessed @ qCJm12-9Fn"" (133.11) | #2 ""Daveo da rula @ hL2HOafVVY"" (191.41) | #3 ""Raven @ lgXV8zJd19"" (98.27) | #4 ""Robopop @ 5W_z5FqSSU"" (49.00) | #5 ""Goober @ xKINFe6J18"" (202.18) | #6 ""chasingflushie @ E1NtDR8Iy-"" (194.75) | #7 ""One Hour @ kqHgeLEP9s"" (102.01) | #8 ""jolly @ ZT-25AXnSd"" (81.75) | #10 ""eyz @ PFiA37ihL9"" (89.00)",2026-03-20T02:37:32.491Z,177397425249101
"-- starting hand #71 (id: 2dz4wbnxho9l)  No Limit Texas Hold'em (dealer: ""Raven @ lgXV8zJd19"") --",2026-03-20T02:37:32.491Z,177397425249100
"-- ending hand #70 --",2026-03-20T02:37:29.482Z,177397424948202
"""One Hour @ kqHgeLEP9s"" collected 21.00 from pot with Pair, A's (combination: 5♠, 6♠, 9♥, A♦, A♣)",2026-03-20T02:37:29.482Z,177397424948201
"""One Hour @ kqHgeLEP9s"" shows a 5♠, A♦.",2026-03-20T02:37:29.482Z,177397424948200
"""Daveo da rula @ hL2HOafVVY"" checks",2026-03-20T02:37:28.648Z,177397424864800
"""One Hour @ kqHgeLEP9s"" checks",2026-03-20T02:37:27.570Z,177397424757000
"River: 9♥, 6♠, A♣, 3♠ [2♥]",2026-03-20T02:37:25.596Z,177397424559600
"""Daveo da rula @ hL2HOafVVY"" checks",2026-03-20T02:37:24.770Z,177397424477000
"""One Hour @ kqHgeLEP9s"" checks",2026-03-20T02:37:22.429Z,177397424242900
"Turn: 9♥, 6♠, A♣ [3♠]",2026-03-20T02:37:21.672Z,177397424167200
"""blessed @ qCJm12-9Fn"" folds",2026-03-20T02:37:20.830Z,177397424083000
"""One Hour @ kqHgeLEP9s"" calls 5.25",2026-03-20T02:37:19.962Z,177397423996200
"""Daveo da rula @ hL2HOafVVY"" bets 5.25",2026-03-20T02:37:18.926Z,177397423892600
"""blessed @ qCJm12-9Fn"" checks",2026-03-20T02:37:14.231Z,177397423423100
"""One Hour @ kqHgeLEP9s"" checks",2026-03-20T02:37:13.309Z,177397423330900
"Flop:  [9♥, 6♠, A♣]",2026-03-20T02:37:11.985Z,177397423198500
"""blessed @ qCJm12-9Fn"" calls 3.25",2026-03-20T02:37:11.150Z,177397423115000
"""One Hour @ kqHgeLEP9s"" calls 3.25",2026-03-20T02:37:09.000Z,177397422900000
"""Robopop @ 5W_z5FqSSU"" folds",2026-03-20T02:37:07.031Z,177397422703100
"""Raven @ lgXV8zJd19"" folds",2026-03-20T02:37:01.026Z,177397422102600
"""Daveo da rula @ hL2HOafVVY"" raises to 3.25",2026-03-20T02:36:59.339Z,177397421933900
"""blessed @ qCJm12-9Fn"" calls 0.50",2026-03-20T02:36:56.369Z,177397421636900
"""eyz @ PFiA37ihL9"" folds",2026-03-20T02:36:54.791Z,177397421479100
"""jolly @ ZT-25AXnSd"" folds",2026-03-20T02:36:53.885Z,177397421388500
"""One Hour @ kqHgeLEP9s"" calls 0.50",2026-03-20T02:36:52.861Z,177397421286100
"""chasingflushie @ E1NtDR8Iy-"" folds",2026-03-20T02:36:45.094Z,177397420509400
"""Goober @ xKINFe6J18"" folds",2026-03-20T02:36:43.205Z,177397420320500
"""Robopop @ 5W_z5FqSSU"" posts a big blind of 0.50",2026-03-20T02:36:35.111Z,177397419511113
"""Raven @ lgXV8zJd19"" posts a small blind of 0.25",2026-03-20T02:36:35.111Z,177397419511112
"Your hand is 6♥, 2♣",2026-03-20T02:36:35.111Z,177397419511111
"Player stacks: #1 ""blessed @ qCJm12-9Fn"" (136.36) | #2 ""Daveo da rula @ hL2HOafVVY"" (199.91) | #3 ""Raven @ lgXV8zJd19"" (98.52) | #4 ""Robopop @ 5W_z5FqSSU"" (49.50) | #5 ""Goober @ xKINFe6J18"" (202.18) | #6 ""chasingflushie @ E1NtDR8Iy-"" (194.75) | #7 ""One Hour @ kqHgeLEP9s"" (89.51) | #8 ""jolly @ ZT-25AXnSd"" (81.75) | #10 ""eyz @ PFiA37ihL9"" (89.00)",2026-03-20T02:36:35.111Z,177397419511102
"-- starting hand #70 (id: nnqao4w6klqq)  No Limit Texas Hold'em (dealer: ""Daveo da rula @ hL2HOafVVY"") --",2026-03-20T02:36:35.111Z,177397419511101
"The player ""kai @ MHudt6juKp"" quits the game with a stack of 289.25.",2026-03-20T02:36:35.111Z,177397419511100
"""Raven @ lgXV8zJd19"" shows a 9♥, 9♦.",2026-03-20T02:36:33.757Z,177397419375700
"-- ending hand #69 --",2026-03-20T02:36:31.509Z,177397419150902
"""blessed @ qCJm12-9Fn"" collected 73.71 from pot",2026-03-20T02:36:31.509Z,177397419150901
"Uncalled bet of 62.65 returned to ""blessed @ qCJm12-9Fn""",2026-03-20T02:36:31.509Z,177397419150900
"""Raven @ lgXV8zJd19"" folds",2026-03-20T02:36:30.657Z,177397419065700
"""blessed @ qCJm12-9Fn"" bets 62.65 and go all in",2026-03-20T02:35:53.440Z,177397415344000
"""Raven @ lgXV8zJd19"" checks",2026-03-20T02:35:49.317Z,177397414931700
"River: A♣, 3♣, 2♥, 9♣ [J♠]",2026-03-20T02:35:37.673Z,177397413767300
"""blessed @ qCJm12-9Fn"" calls 22.11",2026-03-20T02:35:36.841Z,177397413684100
"""Raven @ lgXV8zJd19"" bets 22.11",2026-03-20T02:35:35.289Z,177397413528900
"Turn: A♣, 3♣, 2♥ [9♣]",2026-03-20T02:35:31.972Z,177397413197200
"""blessed @ qCJm12-9Fn"" calls 6.87",2026-03-20T02:35:31.076Z,177397413107600
"""Raven @ lgXV8zJd19"" bets 6.87",2026-03-20T02:35:24.906Z,177397412490600
"Flop:  [A♣, 3♣, 2♥]",2026-03-20T02:35:18.967Z,177397411896700
"""blessed @ qCJm12-9Fn"" calls 6.75",2026-03-20T02:35:18.153Z,177397411815300
"""jolly @ ZT-25AXnSd"" folds",2026-03-20T02:35:16.791Z,177397411679100
"""One Hour @ kqHgeLEP9s"" folds",2026-03-20T02:35:01.614Z,177397410161400
"""Raven @ lgXV8zJd19"" raises to 6.75",2026-03-20T02:34:59.786Z,177397409978600
"""Daveo da rula @ hL2HOafVVY"" folds",2026-03-20T02:34:57.792Z,177397409779200
"""blessed @ qCJm12-9Fn"" calls 1.50",2026-03-20T02:34:55.803Z,177397409580300
"""eyz @ PFiA37ihL9"" folds",2026-03-20T02:34:54.528Z,177397409452800
"The admin ""aden @ ukS_JNj8Jp"" enqueued the removal of the player ""kai @ MHudt6juKp"".",2026-03-20T02:34:53.986Z,177397409398600
"""jolly @ ZT-25AXnSd"" raises to 1.50",2026-03-20T02:34:53.654Z,177397409365400
"""One Hour @ kqHgeLEP9s"" calls 0.50",2026-03-20T02:34:51.726Z,177397409172600
"""chasingflushie @ E1NtDR8Iy-"" folds",2026-03-20T02:34:44.643Z,177397408464300
"""Goober @ xKINFe6J18"" folds",2026-03-20T02:34:38.392Z,177397407839200
"""Robopop @ 5W_z5FqSSU"" folds",2026-03-20T02:34:37.228Z,177397407722800
"""Raven @ lgXV8zJd19"" posts a big blind of 0.50",2026-03-20T02:34:35.679Z,177397407567912
"""Daveo da rula @ hL2HOafVVY"" posts a small blind of 0.25",2026-03-20T02:34:35.679Z,177397407567911
"Your hand is 8♠, 10♣",2026-03-20T02:34:35.679Z,177397407567910
"Player stacks: #1 ""blessed @ qCJm12-9Fn"" (98.38) | #2 ""Daveo da rula @ hL2HOafVVY"" (200.16) | #3 ""Raven @ lgXV8zJd19"" (134.25) | #4 ""Robopop @ 5W_z5FqSSU"" (49.50) | #5 ""Goober @ xKINFe6J18"" (202.18) | #6 ""chasingflushie @ E1NtDR8Iy-"" (194.75) | #7 ""One Hour @ kqHgeLEP9s"" (90.01) | #8 ""jolly @ ZT-25AXnSd"" (83.25) | #10 ""eyz @ PFiA37ihL9"" (89.00)",2026-03-20T02:34:35.679Z,177397407567901
"-- starting hand #69 (id: b6fblqpfy1hq)  No Limit Texas Hold'em (dealer: ""blessed @ qCJm12-9Fn"") --",2026-03-20T02:34:35.679Z,177397407567900
"""Daveo da rula @ hL2HOafVVY"" shows a 4♠, Q♣.",2026-03-20T02:34:33.489Z,177397407348900
"-- ending hand #68 --",2026-03-20T02:34:32.047Z,177397407204702
"""jolly @ ZT-25AXnSd"" collected 10.75 from pot",2026-03-20T02:34:32.047Z,177397407204701
"Uncalled bet of 5.50 returned to ""jolly @ ZT-25AXnSd""",2026-03-20T02:34:32.047Z,177397407204700
"""Goober @ xKINFe6J18"" folds",2026-03-20T02:34:31.208Z,177397407120800
"""Robopop @ 5W_z5FqSSU"" folds",2026-03-20T02:34:30.295Z,177397407029500
"""Raven @ lgXV8zJd19"" folds",2026-03-20T02:34:29.351Z,177397406935100
"""jolly @ ZT-25AXnSd"" bets 5.50",2026-03-20T02:34:26.099Z,177397406609900
"""Goober @ xKINFe6J18"" checks",2026-03-20T02:34:18.965Z,177397405896500
"""Robopop @ 5W_z5FqSSU"" checks",2026-03-20T02:34:18.026Z,177397405802600
"""Raven @ lgXV8zJd19"" checks",2026-03-20T02:34:15.958Z,177397405595800
"River: J♥, 4♣, Q♦, 7♥ [5♣]",2026-03-20T02:34:14.561Z,177397405456100
"""jolly @ ZT-25AXnSd"" checks",2026-03-20T02:34:13.738Z,177397405373800
"""Goober @ xKINFe6J18"" checks",2026-03-20T02:34:09.160Z,177397404916000
"""Robopop @ 5W_z5FqSSU"" checks",2026-03-20T02:34:05.070Z,177397404507000
"""Raven @ lgXV8zJd19"" checks",2026-03-20T02:34:02.042Z,177397404204200
"Turn: J♥, 4♣, Q♦ [7♥]",2026-03-20T02:33:58.199Z,177397403819900
"""jolly @ ZT-25AXnSd"" checks",2026-03-20T02:33:57.341Z,177397403734100
"""Goober @ xKINFe6J18"" checks",2026-03-20T02:33:56.504Z,177397403650400
"""Robopop @ 5W_z5FqSSU"" checks",2026-03-20T02:33:30.926Z,177397401092600
"""Raven @ lgXV8zJd19"" checks",2026-03-20T02:33:29.092Z,177397400909200
"Flop:  [J♥, 4♣, Q♦]",2026-03-20T02:33:27.628Z,177397400762800
"""Goober @ xKINFe6J18"" calls 2.50",2026-03-20T02:33:26.798Z,177397400679800
"""Robopop @ 5W_z5FqSSU"" calls 2.50",2026-03-20T02:33:25.844Z,177397400584400
"""Raven @ lgXV8zJd19"" calls 2.50",2026-03-20T02:33:24.020Z,177397400402000
"""Daveo da rula @ hL2HOafVVY"" folds",2026-03-20T02:33:20.173Z,177397400017300
"""blessed @ qCJm12-9Fn"" folds",2026-03-20T02:33:07.339Z,177397398733900
"""eyz @ PFiA37ihL9"" folds",2026-03-20T02:33:06.376Z,177397398637600
"""jolly @ ZT-25AXnSd"" raises to 2.50",2026-03-20T02:33:05.418Z,177397398541800
"""One Hour @ kqHgeLEP9s"" folds",2026-03-20T02:33:01.844Z,177397398184400
"""chasingflushie @ E1NtDR8Iy-"" folds",2026-03-20T02:33:00.768Z,177397398076800
"""Goober @ xKINFe6J18"" calls 0.50",2026-03-20T02:32:47.954Z,177397396795400
"""Robopop @ 5W_z5FqSSU"" calls 0.50",2026-03-20T02:32:43.882Z,177397396388200
"""Raven @ lgXV8zJd19"" calls 0.50",2026-03-20T02:32:41.024Z,177397396102400
"""Daveo da rula @ hL2HOafVVY"" posts a big blind of 0.50",2026-03-20T02:32:39.154Z,177397395915413
"""blessed @ qCJm12-9Fn"" posts a small blind of 0.25",2026-03-20T02:32:39.154Z,177397395915412
"Your hand is 2♦, A♣",2026-03-20T02:32:39.154Z,177397395915411
"Player stacks: #1 ""blessed @ qCJm12-9Fn"" (98.63) | #2 ""Daveo da rula @ hL2HOafVVY"" (200.66) | #3 ""Raven @ lgXV8zJd19"" (136.75) | #4 ""Robopop @ 5W_z5FqSSU"" (52.00) | #5 ""Goober @ xKINFe6J18"" (204.68) | #6 ""chasingflushie @ E1NtDR8Iy-"" (194.75) | #7 ""One Hour @ kqHgeLEP9s"" (90.01) | #8 ""jolly @ ZT-25AXnSd"" (75.00) | #10 ""eyz @ PFiA37ihL9"" (89.00)",2026-03-20T02:32:39.154Z,177397395915402
"-- starting hand #68 (id: 7fdycdain69l)  No Limit Texas Hold'em (dealer: ""eyz @ PFiA37ihL9"") --",2026-03-20T02:32:39.154Z,177397395915401
"The player ""jolly @ ZT-25AXnSd"" joined the game with a stack of 75.00.",2026-03-20T02:32:39.154Z,177397395915400
"-- ending hand #67 --",2026-03-20T02:32:36.209Z,177397395620902
"""Robopop @ 5W_z5FqSSU"" collected 9.00 from pot",2026-03-20T02:32:36.209Z,177397395620901
"Uncalled bet of 6.75 returned to ""Robopop @ 5W_z5FqSSU""",2026-03-20T02:32:36.209Z,177397395620900
"""blessed @ qCJm12-9Fn"" folds",2026-03-20T02:32:35.389Z,177397395538900
"""eyz @ PFiA37ihL9"" folds",2026-03-20T02:32:34.492Z,177397395449200
"""One Hour @ kqHgeLEP9s"" folds",2026-03-20T02:32:33.648Z,177397395364800
"""Robopop @ 5W_z5FqSSU"" bets 6.75",2026-03-20T02:32:31.183Z,177397395118300
"The admin approved the player ""jolly @ ZT-25AXnSd"" participation with a stack of 75.00.",2026-03-20T02:32:29.290Z,177397394929000
"""blessed @ qCJm12-9Fn"" checks",2026-03-20T02:32:27.568Z,177397394756800
"""eyz @ PFiA37ihL9"" checks",2026-03-20T02:32:26.616Z,177397394661600
"Flop:  [6♠, K♦, 8♥]",2026-03-20T02:32:24.649Z,177397394464900
"""Robopop @ 5W_z5FqSSU"" calls 2.25",2026-03-20T02:32:23.832Z,177397394383200
"""blessed @ qCJm12-9Fn"" calls 2.25",2026-03-20T02:32:22.305Z,177397394230500
"""eyz @ PFiA37ihL9"" calls 2.25",2026-03-20T02:32:20.074Z,177397394007400
"""One Hour @ kqHgeLEP9s"" raises to 2.25",2026-03-20T02:32:16.697Z,177397393669700
"""chasingflushie @ E1NtDR8Iy-"" folds",2026-03-20T02:32:14.553Z,177397393455300
"""Goober @ xKINFe6J18"" folds",2026-03-20T02:32:13.593Z,177397393359300
"""Robopop @ 5W_z5FqSSU"" calls 0.50",2026-03-20T02:32:08.706Z,177397392870600
"""Raven @ lgXV8zJd19"" folds",2026-03-20T02:32:07.310Z,177397392731000
"""Daveo da rula @ hL2HOafVVY"" folds",2026-03-20T02:32:06.252Z,177397392625200
"""blessed @ qCJm12-9Fn"" posts a big blind of 0.50",2026-03-20T02:32:05.331Z,177397392533111
"""eyz @ PFiA37ihL9"" posts a small blind of 0.25",2026-03-20T02:32:05.331Z,177397392533110
"Your hand is Q♠, J♣",2026-03-20T02:32:05.331Z,177397392533109
"Player stacks: #1 ""blessed @ qCJm12-9Fn"" (100.88) | #2 ""Daveo da rula @ hL2HOafVVY"" (200.66) | #3 ""Raven @ lgXV8zJd19"" (136.75) | #4 ""Robopop @ 5W_z5FqSSU"" (45.25) | #5 ""Goober @ xKINFe6J18"" (204.68) | #6 ""chasingflushie @ E1NtDR8Iy-"" (194.75) | #7 ""One Hour @ kqHgeLEP9s"" (92.26) | #10 ""eyz @ PFiA37ihL9"" (91.25)",2026-03-20T02:32:05.331Z,177397392533101
"-- starting hand #67 (id: wfxtp6iz8n5m)  No Limit Texas Hold'em (dealer: ""One Hour @ kqHgeLEP9s"") --",2026-03-20T02:32:05.331Z,177397392533100
"-- ending hand #66 --",2026-03-20T02:32:02.419Z,177397392241902
"""One Hour @ kqHgeLEP9s"" collected 17.25 from pot",2026-03-20T02:32:02.419Z,177397392241901
"Uncalled bet of 45.25 returned to ""One Hour @ kqHgeLEP9s""",2026-03-20T02:32:02.419Z,177397392241900
"""Robopop @ 5W_z5FqSSU"" folds",2026-03-20T02:32:01.607Z,177397392160700
"""One Hour @ kqHgeLEP9s"" bets 45.25",2026-03-20T02:31:59.341Z,177397391934100
"The player ""jolly @ ZT-25AXnSd"" requested a seat.",2026-03-20T02:31:55.885Z,177397391588500
"Flop:  [7♥, 7♣, 8♣]",2026-03-20T02:31:55.736Z,177397391573600
"""Robopop @ 5W_z5FqSSU"" calls 7.50",2026-03-20T02:31:54.918Z,177397391491800
"""Daveo da rula @ hL2HOafVVY"" folds",2026-03-20T02:31:50.431Z,177397391043100
"""eyz @ PFiA37ihL9"" folds",2026-03-20T02:31:47.957Z,177397390795700
"""One Hour @ kqHgeLEP9s"" raises to 7.50",2026-03-20T02:31:47.103Z,177397390710300
"""chasingflushie @ E1NtDR8Iy-"" folds",2026-03-20T02:31:42.753Z,177397390275300
"""Goober @ xKINFe6J18"" folds",2026-03-20T02:31:39.096Z,177397389909600
"""Robopop @ 5W_z5FqSSU"" calls 1.75",2026-03-20T02:31:38.057Z,177397389805700
"""Raven @ lgXV8zJd19"" folds",2026-03-20T02:31:36.766Z,177397389676600
"""Daveo da rula @ hL2HOafVVY"" raises to 1.75",2026-03-20T02:31:35.871Z,177397389587100
"""blessed @ qCJm12-9Fn"" folds",2026-03-20T02:31:33.323Z,177397389332300
"""eyz @ PFiA37ihL9"" posts a big blind of 0.50",2026-03-20T02:31:30.868Z,177397389086812
"""One Hour @ kqHgeLEP9s"" posts a small blind of 0.25",2026-03-20T02:31:30.868Z,177397389086811
"Your hand is 2♣, 6♥",2026-03-20T02:31:30.868Z,177397389086810
"Player stacks: #1 ""blessed @ qCJm12-9Fn"" (100.88) | #2 ""Daveo da rula @ hL2HOafVVY"" (202.41) | #3 ""Raven @ lgXV8zJd19"" (136.75) | #4 ""Robopop @ 5W_z5FqSSU"" (52.75) | #5 ""Goober @ xKINFe6J18"" (204.68) | #6 ""chasingflushie @ E1NtDR8Iy-"" (194.75) | #7 ""One Hour @ kqHgeLEP9s"" (82.51) | #10 ""eyz @ PFiA37ihL9"" (91.75)",2026-03-20T02:31:30.868Z,177397389086802
"-- starting hand #66 (id: piciyidntmge)  No Limit Texas Hold'em (dealer: ""chasingflushie @ E1NtDR8Iy-"") --",2026-03-20T02:31:30.868Z,177397389086801
"The player ""kai @ MHudt6juKp"" stand up with the stack of 289.25.",2026-03-20T02:31:30.868Z,177397389086800
"""eyz @ PFiA37ihL9"" collected 20.00 from the 7-2 bounty",2026-03-20T02:31:27.959Z,177397388795908
"""chasingflushie @ E1NtDR8Iy-"" paid 2.50 for the 7-2 bounty to ""eyz @ PFiA37ihL9""",2026-03-20T02:31:27.959Z,177397388795907
"""Robopop @ 5W_z5FqSSU"" paid 2.50 for the 7-2 bounty to ""eyz @ PFiA37ihL9""",2026-03-20T02:31:27.959Z,177397388795906
"""Raven @ lgXV8zJd19"" paid 2.50 for the 7-2 bounty to ""eyz @ PFiA37ihL9""",2026-03-20T02:31:27.959Z,177397388795905
"""Goober @ xKINFe6J18"" paid 2.50 for the 7-2 bounty to ""eyz @ PFiA37ihL9""",2026-03-20T02:31:27.959Z,177397388795904
"""blessed @ qCJm12-9Fn"" paid 2.50 for the 7-2 bounty to ""eyz @ PFiA37ihL9""",2026-03-20T02:31:27.959Z,177397388795903
"""One Hour @ kqHgeLEP9s"" paid 2.50 for the 7-2 bounty to ""eyz @ PFiA37ihL9""",2026-03-20T02:31:27.959Z,177397388795902
"""Daveo da rula @ hL2HOafVVY"" paid 2.50 for the 7-2 bounty to ""eyz @ PFiA37ihL9""",2026-03-20T02:31:27.959Z,177397388795901
"""kai @ MHudt6juKp"" paid 2.50 for the 7-2 bounty to ""eyz @ PFiA37ihL9""",2026-03-20T02:31:27.959Z,177397388795900
"""eyz @ PFiA37ihL9"" shows a 2♥, 7♣.",2026-03-20T02:31:25.417Z,177397388541700
"-- ending hand #65 --",2026-03-20T02:31:24.330Z,177397388433002
"""eyz @ PFiA37ihL9"" collected 4.75 from pot",2026-03-20T02:31:24.330Z,177397388433001
"Uncalled bet of 4.75 returned to ""eyz @ PFiA37ihL9""",2026-03-20T02:31:24.330Z,177397388433000
"""One Hour @ kqHgeLEP9s"" folds",2026-03-20T02:31:23.524Z,177397388352400
"""Robopop @ 5W_z5FqSSU"" folds",2026-03-20T02:31:22.362Z,177397388236200
"""eyz @ PFiA37ihL9"" bets 4.75",2026-03-20T02:31:19.577Z,177397387957700
"""One Hour @ kqHgeLEP9s"" checks",2026-03-20T02:31:14.281Z,177397387428100
"Flop:  [10♥, Q♠, J♦]",2026-03-20T02:31:13.487Z,177397387348700
"""One Hour @ kqHgeLEP9s"" calls 1.50",2026-03-20T02:31:12.672Z,177397387267200
"""chasingflushie @ E1NtDR8Iy-"" folds",2026-03-20T02:31:09.391Z,177397386939100
"""Goober @ xKINFe6J18"" folds",2026-03-20T02:31:05.538Z,177397386553800
"""Robopop @ 5W_z5FqSSU"" calls 1.50",2026-03-20T02:31:04.580Z,177397386458000
"""Raven @ lgXV8zJd19"" folds",2026-03-20T02:31:02.592Z,177397386259200
"""Daveo da rula @ hL2HOafVVY"" folds",2026-03-20T02:30:58.161Z,177397385816100
"""blessed @ qCJm12-9Fn"" folds",2026-03-20T02:30:57.153Z,177397385715300
"""eyz @ PFiA37ihL9"" raises to 1.50",2026-03-20T02:30:56.214Z,177397385621400
"""kai @ MHudt6juKp"" folds",2026-03-20T02:30:52.639Z,177397385263900
"""One Hour @ kqHgeLEP9s"" posts a big blind of 0.50",2026-03-20T02:30:50.419Z,177397385041912
"""chasingflushie @ E1NtDR8Iy-"" posts a small blind of 0.25",2026-03-20T02:30:50.419Z,177397385041911
"Your hand is 2♥, 7♣",2026-03-20T02:30:50.419Z,177397385041910
"Player stacks: #1 ""blessed @ qCJm12-9Fn"" (103.38) | #2 ""Daveo da rula @ hL2HOafVVY"" (204.91) | #3 ""Raven @ lgXV8zJd19"" (139.25) | #4 ""Robopop @ 5W_z5FqSSU"" (56.75) | #5 ""Goober @ xKINFe6J18"" (207.18) | #6 ""chasingflushie @ E1NtDR8Iy-"" (197.50) | #7 ""One Hour @ kqHgeLEP9s"" (86.51) | #9 ""kai @ MHudt6juKp"" (291.75) | #10 ""eyz @ PFiA37ihL9"" (68.50)",2026-03-20T02:30:50.419Z,177397385041901
"-- starting hand #65 (id: olzft248xvzr)  No Limit Texas Hold'em (dealer: ""Goober @ xKINFe6J18"") --",2026-03-20T02:30:50.419Z,177397385041900
"-- ending hand #64 --",2026-03-20T02:30:47.485Z,177397384748502
"""Goober @ xKINFe6J18"" collected 10.00 from pot",2026-03-20T02:30:47.485Z,177397384748501
"Uncalled bet of 5.00 returned to ""Goober @ xKINFe6J18""",2026-03-20T02:30:47.485Z,177397384748500
"""Robopop @ 5W_z5FqSSU"" folds",2026-03-20T02:30:46.678Z,177397384667800
"""blessed @ qCJm12-9Fn"" folds",2026-03-20T02:30:43.326Z,177397384332600
"""chasingflushie @ E1NtDR8Iy-"" folds",2026-03-20T02:30:42.409Z,177397384240900
"""Goober @ xKINFe6J18"" bets 5.00",2026-03-20T02:30:38.304Z,177397383830400
"Turn: J♦, 4♥, 2♣ [3♠]",2026-03-20T02:30:34.919Z,177397383491900
"""Robopop @ 5W_z5FqSSU"" checks",2026-03-20T02:30:34.103Z,177397383410300
"""blessed @ qCJm12-9Fn"" checks",2026-03-20T02:30:31.693Z,177397383169300
"""chasingflushie @ E1NtDR8Iy-"" checks",2026-03-20T02:30:28.665Z,177397382866500
"""Goober @ xKINFe6J18"" checks",2026-03-20T02:30:27.693Z,177397382769300
"Flop:  [J♦, 4♥, 2♣]",2026-03-20T02:30:24.752Z,177397382475200
"""Robopop @ 5W_z5FqSSU"" calls 2.50",2026-03-20T02:30:23.947Z,177397382394700
"""blessed @ qCJm12-9Fn"" calls 2.50",2026-03-20T02:30:21.641Z,177397382164100
"""chasingflushie @ E1NtDR8Iy-"" calls 2.50",2026-03-20T02:30:18.660Z,177397381866000
"""Goober @ xKINFe6J18"" raises to 2.50",2026-03-20T02:30:15.332Z,177397381533200
"""Robopop @ 5W_z5FqSSU"" calls 0.50",2026-03-20T02:30:10.176Z,177397381017600
"""Raven @ lgXV8zJd19"" folds",2026-03-20T02:30:08.755Z,177397380875500
"""Daveo da rula @ hL2HOafVVY"" folds",2026-03-20T02:30:05.750Z,177397380575000
"""blessed @ qCJm12-9Fn"" calls 0.50",2026-03-20T02:30:04.685Z,177397380468500
"""eyz @ PFiA37ihL9"" folds",2026-03-20T02:30:01.903Z,177397380190300
"""kai @ MHudt6juKp"" folds",2026-03-20T02:29:48.984Z,177397378898400
"""One Hour @ kqHgeLEP9s"" folds",2026-03-20T02:29:48.064Z,177397378806400
"""chasingflushie @ E1NtDR8Iy-"" posts a big blind of 0.50",2026-03-20T02:29:45.089Z,177397378508912
"""Goober @ xKINFe6J18"" posts a small blind of 0.25",2026-03-20T02:29:45.089Z,177397378508911
"Your hand is 5♣, 4♣",2026-03-20T02:29:45.089Z,177397378508910
"Player stacks: #1 ""blessed @ qCJm12-9Fn"" (105.88) | #2 ""Daveo da rula @ hL2HOafVVY"" (204.91) | #3 ""Raven @ lgXV8zJd19"" (139.25) | #4 ""Robopop @ 5W_z5FqSSU"" (59.25) | #5 ""Goober @ xKINFe6J18"" (199.68) | #6 ""chasingflushie @ E1NtDR8Iy-"" (200.00) | #7 ""One Hour @ kqHgeLEP9s"" (86.51) | #9 ""kai @ MHudt6juKp"" (291.75) | #10 ""eyz @ PFiA37ihL9"" (68.50)",2026-03-20T02:29:45.089Z,177397378508901
"-- starting hand #64 (id: qytwi44z213g)  No Limit Texas Hold'em (dealer: ""Robopop @ 5W_z5FqSSU"") --",2026-03-20T02:29:45.089Z,177397378508900
"-- ending hand #63 --",2026-03-20T02:29:42.049Z,177397378204903
"""Raven @ lgXV8zJd19"" collected 52.50 from pot with Pair, 10's (combination: 8♣, 9♠, J♥, 10♠, 10♣)",2026-03-20T02:29:42.049Z,177397378204902
"""Raven @ lgXV8zJd19"" shows a 10♠, 10♣.",2026-03-20T02:29:42.049Z,177397378204901
"""kai @ MHudt6juKp"" shows a 3♠, 8♠.",2026-03-20T02:29:42.049Z,177397378204900
"""Raven @ lgXV8zJd19"" checks",2026-03-20T02:29:41.221Z,177397378122100
"""Daveo da rula @ hL2HOafVVY"" checks",2026-03-20T02:29:39.517Z,177397377951700
"""kai @ MHudt6juKp"" checks",2026-03-20T02:29:37.925Z,177397377792500
"River: 6♦, J♥, 8♣, 9♠ [4♥]",2026-03-20T02:29:34.840Z,177397377484000
"""Raven @ lgXV8zJd19"" checks",2026-03-20T02:29:33.968Z,177397377396800
"""Daveo da rula @ hL2HOafVVY"" checks",2026-03-20T02:29:28.454Z,177397376845400
"""kai @ MHudt6juKp"" checks",2026-03-20T02:29:26.801Z,177397376680100
"Turn: 6♦, J♥, 8♣ [9♠]",2026-03-20T02:29:22.960Z,177397376296000
"""kai @ MHudt6juKp"" calls 10.50",2026-03-20T02:29:22.114Z,177397376211400
"""Raven @ lgXV8zJd19"" calls 10.50",2026-03-20T02:29:20.588Z,177397376058800
"""Daveo da rula @ hL2HOafVVY"" bets 10.50",2026-03-20T02:29:13.496Z,177397375349600
"""kai @ MHudt6juKp"" checks",2026-03-20T02:29:09.224Z,177397374922400
"Flop:  [6♦, J♥, 8♣]",2026-03-20T02:29:08.912Z,177397374891200
"""kai @ MHudt6juKp"" calls 6.75",2026-03-20T02:29:08.029Z,177397374802900
"""Goober @ xKINFe6J18"" folds",2026-03-20T02:29:07.022Z,177397374702200
"""Robopop @ 5W_z5FqSSU"" folds",2026-03-20T02:29:05.763Z,177397374576300
"""Raven @ lgXV8zJd19"" calls 6.75",2026-03-20T02:28:57.061Z,177397373706100
"""Daveo da rula @ hL2HOafVVY"" raises to 6.75",2026-03-20T02:28:55.174Z,177397373517400
"""blessed @ qCJm12-9Fn"" folds",2026-03-20T02:28:45.360Z,177397372536000
"""eyz @ PFiA37ihL9"" folds",2026-03-20T02:28:44.407Z,177397372440700
"""kai @ MHudt6juKp"" raises to 2.00",2026-03-20T02:28:42.789Z,177397372278900
"""One Hour @ kqHgeLEP9s"" folds",2026-03-20T02:28:39.865Z,177397371986500
"""chasingflushie @ E1NtDR8Iy-"" folds",2026-03-20T02:28:38.954Z,177397371895400
"""Goober @ xKINFe6J18"" posts a big blind of 0.50",2026-03-20T02:28:27.666Z,177397370766612
"""Robopop @ 5W_z5FqSSU"" posts a small blind of 0.25",2026-03-20T02:28:27.666Z,177397370766611
"Your hand is 8♦, 7♦",2026-03-20T02:28:27.666Z,177397370766610
"Player stacks: #1 ""blessed @ qCJm12-9Fn"" (105.88) | #2 ""Daveo da rula @ hL2HOafVVY"" (222.16) | #3 ""Raven @ lgXV8zJd19"" (104.00) | #4 ""Robopop @ 5W_z5FqSSU"" (59.50) | #5 ""Goober @ xKINFe6J18"" (200.18) | #6 ""chasingflushie @ E1NtDR8Iy-"" (200.00) | #7 ""One Hour @ kqHgeLEP9s"" (86.51) | #9 ""kai @ MHudt6juKp"" (309.00) | #10 ""eyz @ PFiA37ihL9"" (68.50)",2026-03-20T02:28:27.666Z,177397370766601
"-- starting hand #63 (id: ks5x3vftzhxm)  No Limit Texas Hold'em (dealer: ""Raven @ lgXV8zJd19"") --",2026-03-20T02:28:27.666Z,177397370766600
"-- ending hand #62 --",2026-03-20T02:28:24.755Z,177397370475502
"""blessed @ qCJm12-9Fn"" collected 8.25 from pot",2026-03-20T02:28:24.755Z,177397370475501
"Uncalled bet of 4.12 returned to ""blessed @ qCJm12-9Fn""",2026-03-20T02:28:24.755Z,177397370475500
"""chasingflushie @ E1NtDR8Iy-"" folds",2026-03-20T02:28:23.932Z,177397370393200
"""blessed @ qCJm12-9Fn"" bets 4.12",2026-03-20T02:28:22.716Z,177397370271600
"""chasingflushie @ E1NtDR8Iy-"" checks",2026-03-20T02:28:19.248Z,177397369924800
"Turn: K♣, J♦, 2♠ [J♥]",2026-03-20T02:28:17.460Z,177397369746000
"""blessed @ qCJm12-9Fn"" calls 1.50",2026-03-20T02:28:16.600Z,177397369660000
"""eyz @ PFiA37ihL9"" folds",2026-03-20T02:28:15.679Z,177397369567900
"""chasingflushie @ E1NtDR8Iy-"" bets 1.50",2026-03-20T02:28:12.886Z,177397369288600
"Flop:  [K♣, J♦, 2♠]",2026-03-20T02:28:05.358Z,177397368535800
"""Robopop @ 5W_z5FqSSU"" folds",2026-03-20T02:28:04.528Z,177397368452800
"""Raven @ lgXV8zJd19"" folds",2026-03-20T02:28:03.485Z,177397368348500
"""Daveo da rula @ hL2HOafVVY"" folds",2026-03-20T02:28:02.645Z,177397368264500
"""blessed @ qCJm12-9Fn"" calls 1.50",2026-03-20T02:28:01.364Z,177397368136400
"""eyz @ PFiA37ihL9"" calls 1.50",2026-03-20T02:27:59.599Z,177397367959900
"""kai @ MHudt6juKp"" folds",2026-03-20T02:27:57.957Z,177397367795700
"""One Hour @ kqHgeLEP9s"" folds",2026-03-20T02:27:56.943Z,177397367694300
"""chasingflushie @ E1NtDR8Iy-"" raises to 1.50",2026-03-20T02:27:56.021Z,177397367602100
"""Goober @ xKINFe6J18"" folds",2026-03-20T02:27:53.369Z,177397367336900
"""Robopop @ 5W_z5FqSSU"" posts a big blind of 0.50",2026-03-20T02:27:48.236Z,177397366823612
"""Raven @ lgXV8zJd19"" posts a small blind of 0.25",2026-03-20T02:27:48.236Z,177397366823611
"Your hand is 7♥, 7♣",2026-03-20T02:27:48.236Z,177397366823610
"Player stacks: #1 ""blessed @ qCJm12-9Fn"" (100.63) | #2 ""Daveo da rula @ hL2HOafVVY"" (222.16) | #3 ""Raven @ lgXV8zJd19"" (104.25) | #4 ""Robopop @ 5W_z5FqSSU"" (60.00) | #5 ""Goober @ xKINFe6J18"" (200.18) | #6 ""chasingflushie @ E1NtDR8Iy-"" (203.00) | #7 ""One Hour @ kqHgeLEP9s"" (86.51) | #9 ""kai @ MHudt6juKp"" (309.00) | #10 ""eyz @ PFiA37ihL9"" (70.00)",2026-03-20T02:27:48.236Z,177397366823601
"-- starting hand #62 (id: 2ko3weypvn8a)  No Limit Texas Hold'em (dealer: ""Daveo da rula @ hL2HOafVVY"") --",2026-03-20T02:27:48.236Z,177397366823600
"""Daveo da rula @ hL2HOafVVY"" collected 20.00 from the 7-2 bounty",2026-03-20T02:27:45.333Z,177397366533308
"""chasingflushie @ E1NtDR8Iy-"" paid 2.50 for the 7-2 bounty to ""Daveo da rula @ hL2HOafVVY""",2026-03-20T02:27:45.333Z,177397366533307
"""eyz @ PFiA37ihL9"" paid 2.50 for the 7-2 bounty to ""Daveo da rula @ hL2HOafVVY""",2026-03-20T02:27:45.333Z,177397366533306
"""Robopop @ 5W_z5FqSSU"" paid 2.50 for the 7-2 bounty to ""Daveo da rula @ hL2HOafVVY""",2026-03-20T02:27:45.333Z,177397366533305
"""Raven @ lgXV8zJd19"" paid 2.50 for the 7-2 bounty to ""Daveo da rula @ hL2HOafVVY""",2026-03-20T02:27:45.333Z,177397366533304
"""Goober @ xKINFe6J18"" paid 2.50 for the 7-2 bounty to ""Daveo da rula @ hL2HOafVVY""",2026-03-20T02:27:45.333Z,177397366533303
"""blessed @ qCJm12-9Fn"" paid 2.50 for the 7-2 bounty to ""Daveo da rula @ hL2HOafVVY""",2026-03-20T02:27:45.333Z,177397366533302
"""One Hour @ kqHgeLEP9s"" paid 2.50 for the 7-2 bounty to ""Daveo da rula @ hL2HOafVVY""",2026-03-20T02:27:45.333Z,177397366533301
"""kai @ MHudt6juKp"" paid 2.50 for the 7-2 bounty to ""Daveo da rula @ hL2HOafVVY""",2026-03-20T02:27:45.333Z,177397366533300
"""Daveo da rula @ hL2HOafVVY"" shows a 7♥, 2♠.",2026-03-20T02:27:42.473Z,177397366247300
"-- ending hand #61 --",2026-03-20T02:27:41.702Z,177397366170202
"""Daveo da rula @ hL2HOafVVY"" collected 35.00 from pot",2026-03-20T02:27:41.702Z,177397366170201
"Uncalled bet of 26.25 returned to ""Daveo da rula @ hL2HOafVVY""",2026-03-20T02:27:41.702Z,177397366170200
"""blessed @ qCJm12-9Fn"" folds",2026-03-20T02:27:40.897Z,177397366089700
"""Daveo da rula @ hL2HOafVVY"" bets 26.25",2026-03-20T02:27:39.758Z,177397365975800
"Turn: 10♦, 3♦, Q♦ [7♣]",2026-03-20T02:27:34.999Z,177397365499900
"""blessed @ qCJm12-9Fn"" calls 8.75",2026-03-20T02:27:34.169Z,177397365416900
"""Daveo da rula @ hL2HOafVVY"" bets 8.75",2026-03-20T02:27:32.848Z,177397365284800
"Flop:  [10♦, 3♦, Q♦]",2026-03-20T02:27:28.498Z,177397364849800
"""blessed @ qCJm12-9Fn"" calls 8.25",2026-03-20T02:27:27.647Z,177397364764700
"""Robopop @ 5W_z5FqSSU"" folds",2026-03-20T02:27:26.474Z,177397364647400
"""Raven @ lgXV8zJd19"" folds",2026-03-20T02:27:25.161Z,177397364516100
"""Daveo da rula @ hL2HOafVVY"" raises to 8.25",2026-03-20T02:27:24.286Z,177397364428600
"""blessed @ qCJm12-9Fn"" raises to 2.25",2026-03-20T02:27:20.454Z,177397364045400
"""eyz @ PFiA37ihL9"" folds",2026-03-20T02:27:17.741Z,177397363774100
"""kai @ MHudt6juKp"" folds",2026-03-20T02:27:16.888Z,177397363688800
"""One Hour @ kqHgeLEP9s"" folds",2026-03-20T02:27:15.982Z,177397363598200
"""chasingflushie @ E1NtDR8Iy-"" folds",2026-03-20T02:27:15.021Z,177397363502100
"""Goober @ xKINFe6J18"" folds",2026-03-20T02:27:14.049Z,177397363404900
"""Robopop @ 5W_z5FqSSU"" calls 0.50",2026-03-20T02:27:12.089Z,177397363208900
"""Raven @ lgXV8zJd19"" posts a big blind of 0.50",2026-03-20T02:27:09.914Z,177397362991412
"""Daveo da rula @ hL2HOafVVY"" posts a small blind of 0.25",2026-03-20T02:27:09.914Z,177397362991411
"Your hand is 6♦, A♣",2026-03-20T02:27:09.914Z,177397362991410
"Player stacks: #1 ""blessed @ qCJm12-9Fn"" (120.13) | #2 ""Daveo da rula @ hL2HOafVVY"" (184.16) | #3 ""Raven @ lgXV8zJd19"" (107.25) | #4 ""Robopop @ 5W_z5FqSSU"" (63.00) | #5 ""Goober @ xKINFe6J18"" (202.68) | #6 ""chasingflushie @ E1NtDR8Iy-"" (205.50) | #7 ""One Hour @ kqHgeLEP9s"" (89.01) | #9 ""kai @ MHudt6juKp"" (311.50) | #10 ""eyz @ PFiA37ihL9"" (72.50)",2026-03-20T02:27:09.914Z,177397362991401
"-- starting hand #61 (id: rybhmppugtsg)  No Limit Texas Hold'em (dealer: ""blessed @ qCJm12-9Fn"") --",2026-03-20T02:27:09.914Z,177397362991400
"-- ending hand #60 --",2026-03-20T02:27:06.987Z,177397362698702
"""kai @ MHudt6juKp"" collected 47.50 from pot",2026-03-20T02:27:06.987Z,177397362698701
"Uncalled bet of 35.62 returned to ""kai @ MHudt6juKp""",2026-03-20T02:27:06.987Z,177397362698700
"""One Hour @ kqHgeLEP9s"" folds",2026-03-20T02:27:06.176Z,177397362617600
"""kai @ MHudt6juKp"" bets 35.62",2026-03-20T02:26:51.361Z,177397361136100
"""One Hour @ kqHgeLEP9s"" checks",2026-03-20T02:26:45.646Z,177397360564600
"River: 2♥, A♥, A♣, 3♦ [Q♣]",2026-03-20T02:26:44.756Z,177397360475600
"""kai @ MHudt6juKp"" checks",2026-03-20T02:26:43.946Z,177397360394600
"""One Hour @ kqHgeLEP9s"" checks",2026-03-20T02:26:40.240Z,177397360024000
"Turn: 2♥, A♥, A♣ [3♦]",2026-03-20T02:26:37.639Z,177397359763900
"""kai @ MHudt6juKp"" checks",2026-03-20T02:26:36.798Z,177397359679800
"""One Hour @ kqHgeLEP9s"" checks",2026-03-20T02:26:33.105Z,177397359310500
"Flop:  [2♥, A♥, A♣]",2026-03-20T02:26:31.834Z,177397359183400
"""One Hour @ kqHgeLEP9s"" calls 21.00",2026-03-20T02:26:31.019Z,177397359101900
"""chasingflushie @ E1NtDR8Iy-"" folds",2026-03-20T02:26:27.011Z,177397358701100
"""Robopop @ 5W_z5FqSSU"" folds",2026-03-20T02:26:25.538Z,177397358553800
"""Raven @ lgXV8zJd19"" folds",2026-03-20T02:26:15.830Z,177397357583000
"""Daveo da rula @ hL2HOafVVY"" folds",2026-03-20T02:26:14.867Z,177397357486700
"""blessed @ qCJm12-9Fn"" folds",2026-03-20T02:26:13.916Z,177397357391600
"""eyz @ PFiA37ihL9"" folds",2026-03-20T02:26:12.932Z,177397357293200
"""kai @ MHudt6juKp"" raises to 21.00",2026-03-20T02:26:12.049Z,177397357204900
"""One Hour @ kqHgeLEP9s"" calls 3.75",2026-03-20T02:26:06.326Z,177397356632600
"""chasingflushie @ E1NtDR8Iy-"" raises to 3.75",2026-03-20T02:25:59.456Z,177397355945600
"""Goober @ xKINFe6J18"" folds",2026-03-20T02:25:55.265Z,177397355526500
"""Robopop @ 5W_z5FqSSU"" calls 0.50",2026-03-20T02:25:54.219Z,177397355421900
"""Raven @ lgXV8zJd19"" calls 0.50",2026-03-20T02:25:50.314Z,177397355031400
"""Daveo da rula @ hL2HOafVVY"" posts a big blind of 0.50",2026-03-20T02:25:48.408Z,177397354840812
"""blessed @ qCJm12-9Fn"" posts a small blind of 0.25",2026-03-20T02:25:48.408Z,177397354840811
"Your hand is K♣, 10♣",2026-03-20T02:25:48.408Z,177397354840810
"Player stacks: #1 ""blessed @ qCJm12-9Fn"" (120.38) | #2 ""Daveo da rula @ hL2HOafVVY"" (184.66) | #3 ""Raven @ lgXV8zJd19"" (107.75) | #4 ""Robopop @ 5W_z5FqSSU"" (63.50) | #5 ""Goober @ xKINFe6J18"" (202.68) | #6 ""chasingflushie @ E1NtDR8Iy-"" (209.25) | #7 ""One Hour @ kqHgeLEP9s"" (110.01) | #9 ""kai @ MHudt6juKp"" (285.00) | #10 ""eyz @ PFiA37ihL9"" (72.50)",2026-03-20T02:25:48.408Z,177397354840801
"-- starting hand #60 (id: bufy7v5jkezj)  No Limit Texas Hold'em (dealer: ""eyz @ PFiA37ihL9"") --",2026-03-20T02:25:48.408Z,177397354840800
"-- ending hand #59 --",2026-03-20T02:25:45.403Z,177397354540301
"""chasingflushie @ E1NtDR8Iy-"" collected 209.25 from pot with Pair, A's (combination: 9♣, 10♠, Q♣, A♥, A♣)",2026-03-20T02:25:45.403Z,177397354540300
"River: 7♥, Q♣, 9♣, 5♥ [10♠]",2026-03-20T02:25:41.341Z,177397354134100
"""chasingflushie @ E1NtDR8Iy-"" shows a A♥, A♣.",2026-03-20T02:25:37.335Z,177397353733501
"""Daveo da rula @ hL2HOafVVY"" shows a 2♣, K♣.",2026-03-20T02:25:37.335Z,177397353733500
"""chasingflushie @ E1NtDR8Iy-"" calls 84.25 and go all in",2026-03-20T02:25:36.531Z,177397353653100
"""Daveo da rula @ hL2HOafVVY"" raises to 84.25",2026-03-20T02:25:34.704Z,177397353470400
"""chasingflushie @ E1NtDR8Iy-"" bets 40.75",2026-03-20T02:25:28.669Z,177397352866900
"""Daveo da rula @ hL2HOafVVY"" checks",2026-03-20T02:25:16.438Z,177397351643800
"Turn: 7♥, Q♣, 9♣ [5♥]",2026-03-20T02:25:15.474Z,177397351547400
"""Goober @ xKINFe6J18"" folds",2026-03-20T02:25:14.657Z,177397351465700
"""Daveo da rula @ hL2HOafVVY"" calls 7.25",2026-03-20T02:25:13.589Z,177397351358900
"""chasingflushie @ E1NtDR8Iy-"" bets 7.25",2026-03-20T02:25:11.494Z,177397351149400
"""Goober @ xKINFe6J18"" checks",2026-03-20T02:24:59.894Z,177397349989400
"""Daveo da rula @ hL2HOafVVY"" checks",2026-03-20T02:24:58.038Z,177397349803800
"Flop:  [7♥, Q♣, 9♣]",2026-03-20T02:24:56.915Z,177397349691500
"""Goober @ xKINFe6J18"" calls 8.50",2026-03-20T02:24:56.084Z,177397349608400
"""Daveo da rula @ hL2HOafVVY"" calls 8.50",2026-03-20T02:24:54.359Z,177397349435900
"""blessed @ qCJm12-9Fn"" folds",2026-03-20T02:24:53.395Z,177397349339500
"""eyz @ PFiA37ihL9"" folds",2026-03-20T02:24:50.920Z,177397349092000
"""kai @ MHudt6juKp"" folds",2026-03-20T02:24:49.760Z,177397348976000
"""One Hour @ kqHgeLEP9s"" folds",2026-03-20T02:24:48.849Z,177397348884900
"""chasingflushie @ E1NtDR8Iy-"" raises to 8.50",2026-03-20T02:24:47.930Z,177397348793000
"""Goober @ xKINFe6J18"" calls 1.50",2026-03-20T02:24:41.446Z,177397348144600
"""Robopop @ 5W_z5FqSSU"" folds",2026-03-20T02:24:40.306Z,177397348030600
"""Raven @ lgXV8zJd19"" folds",2026-03-20T02:24:12.029Z,177397345202900
"""Daveo da rula @ hL2HOafVVY"" raises to 1.50",2026-03-20T02:24:11.076Z,177397345107600
"""blessed @ qCJm12-9Fn"" posts a big blind of 0.50",2026-03-20T02:24:08.922Z,177397344892214
"""eyz @ PFiA37ihL9"" posts a small blind of 0.25",2026-03-20T02:24:08.922Z,177397344892213
"Your hand is 5♦, 3♦",2026-03-20T02:24:08.922Z,177397344892212
"Player stacks: #1 ""blessed @ qCJm12-9Fn"" (120.88) | #2 ""Daveo da rula @ hL2HOafVVY"" (284.66) | #3 ""Raven @ lgXV8zJd19"" (107.75) | #4 ""Robopop @ 5W_z5FqSSU"" (63.50) | #5 ""Goober @ xKINFe6J18"" (211.18) | #6 ""chasingflushie @ E1NtDR8Iy-"" (100.00) | #7 ""One Hour @ kqHgeLEP9s"" (110.01) | #9 ""kai @ MHudt6juKp"" (285.00) | #10 ""eyz @ PFiA37ihL9"" (72.75)",2026-03-20T02:24:08.922Z,177397344892203
"-- starting hand #59 (id: z3539xyyofv0)  No Limit Texas Hold'em (dealer: ""kai @ MHudt6juKp"") --",2026-03-20T02:24:08.922Z,177397344892202
"The player ""chasingflushie @ E1NtDR8Iy-"" joined the game with a stack of 100.00.",2026-03-20T02:24:08.922Z,177397344892201
"The player ""fede @ qn6PIh4l_8"" quits the game with a stack of 0.00.",2026-03-20T02:24:08.922Z,177397344892200
"""Daveo da rula @ hL2HOafVVY"" shows a J♥, 10♠.",2026-03-20T02:24:05.836Z,177397344583600
"-- ending hand #58 --",2026-03-20T02:24:05.184Z,177397344518401
"""kai @ MHudt6juKp"" collected 252.33 from pot with Three of a Kind, 5's (combination: 9♥, Q♦, 5♥, 5♣, 5♠)",2026-03-20T02:24:05.184Z,177397344518400
"River: Q♦, 8♥, 5♠, 6♠ [9♥]",2026-03-20T02:24:01.118Z,177397344111800
"""kai @ MHudt6juKp"" shows a 5♥, 5♣.",2026-03-20T02:23:57.114Z,177397343711402
"""fede @ qn6PIh4l_8"" shows a K♠, Q♠.",2026-03-20T02:23:57.114Z,177397343711401
"Uncalled bet of 32.67 returned to ""kai @ MHudt6juKp""",2026-03-20T02:23:57.114Z,177397343711400
"""fede @ qn6PIh4l_8"" calls 91.04 and go all in",2026-03-20T02:23:56.302Z,177397343630200
"The admin approved the player ""chasingflushie @ E1NtDR8Iy-"" participation with a stack of 100.00.",2026-03-20T02:23:32.537Z,177397341253700
"""Goober @ xKINFe6J18"" folds",2026-03-20T02:23:24.617Z,177397340461700
"""kai @ MHudt6juKp"" raises to 123.71 and go all in",2026-03-20T02:23:21.392Z,177397340139200
"""fede @ qn6PIh4l_8"" bets 37.12",2026-03-20T02:23:14.273Z,177397339427300
"""Goober @ xKINFe6J18"" checks",2026-03-20T02:23:06.895Z,177397338689500
"""kai @ MHudt6juKp"" checks",2026-03-20T02:23:04.103Z,177397338410300
"Turn: Q♦, 8♥, 5♠ [6♠]",2026-03-20T02:23:02.982Z,177397338298200
"""Goober @ xKINFe6J18"" calls 14.25",2026-03-20T02:23:02.082Z,177397338208200
"""Daveo da rula @ hL2HOafVVY"" folds",2026-03-20T02:22:59.314Z,177397337931400
"""kai @ MHudt6juKp"" calls 14.25",2026-03-20T02:22:58.278Z,177397337827800
"""fede @ qn6PIh4l_8"" bets 14.25",2026-03-20T02:22:53.717Z,177397337371700
"""Goober @ xKINFe6J18"" checks",2026-03-20T02:22:46.431Z,177397336643100
"""Daveo da rula @ hL2HOafVVY"" checks",2026-03-20T02:22:44.628Z,177397336462800
"""kai @ MHudt6juKp"" checks",2026-03-20T02:22:42.852Z,177397336285200
"Flop:  [Q♦, 8♥, 5♠]",2026-03-20T02:22:42.354Z,177397336235400
"""Goober @ xKINFe6J18"" calls 6.75",2026-03-20T02:22:41.538Z,177397336153800
"""Daveo da rula @ hL2HOafVVY"" calls 6.75",2026-03-20T02:22:39.160Z,177397335916000
"""eyz @ PFiA37ihL9"" folds",2026-03-20T02:22:38.037Z,177397335803700
"""kai @ MHudt6juKp"" calls 6.75",2026-03-20T02:22:37.174Z,177397335717400
"""fede @ qn6PIh4l_8"" raises to 6.75",2026-03-20T02:22:35.946Z,177397335594600
"""One Hour @ kqHgeLEP9s"" folds",2026-03-20T02:22:31.140Z,177397335114000
"""Goober @ xKINFe6J18"" calls 1.50",2026-03-20T02:22:30.137Z,177397335013700
"""Robopop @ 5W_z5FqSSU"" folds",2026-03-20T02:22:25.274Z,177397334527400
"""Raven @ lgXV8zJd19"" folds",2026-03-20T02:22:24.218Z,177397334421800
"""Daveo da rula @ hL2HOafVVY"" raises to 1.50",2026-03-20T02:22:23.286Z,177397334328600
"The player ""chasingflushie @ E1NtDR8Iy-"" requested a seat.",2026-03-20T02:22:22.204Z,177397334220400
"""blessed @ qCJm12-9Fn"" folds",2026-03-20T02:22:21.130Z,177397334113000
"""eyz @ PFiA37ihL9"" posts a big blind of 0.50",2026-03-20T02:22:19.494Z,177397333949412
"""kai @ MHudt6juKp"" posts a small blind of 0.25",2026-03-20T02:22:19.494Z,177397333949411
"Your hand is 2♦, 8♦",2026-03-20T02:22:19.494Z,177397333949410
"Player stacks: #1 ""blessed @ qCJm12-9Fn"" (120.88) | #2 ""Daveo da rula @ hL2HOafVVY"" (291.41) | #3 ""Raven @ lgXV8zJd19"" (107.75) | #4 ""Robopop @ 5W_z5FqSSU"" (63.50) | #5 ""Goober @ xKINFe6J18"" (232.18) | #7 ""One Hour @ kqHgeLEP9s"" (110.01) | #8 ""fede @ qn6PIh4l_8"" (112.04) | #9 ""kai @ MHudt6juKp"" (144.71) | #10 ""eyz @ PFiA37ihL9"" (73.25)",2026-03-20T02:22:19.494Z,177397333949401
"-- starting hand #58 (id: n14grsznko6l)  No Limit Texas Hold'em (dealer: ""fede @ qn6PIh4l_8"") --",2026-03-20T02:22:19.494Z,177397333949400
"""kai @ MHudt6juKp"" shows a 8♠, 4♣.",2026-03-20T02:22:17.450Z,177397333745000
"-- ending hand #57 --",2026-03-20T02:22:15.889Z,177397333588902
"""kai @ MHudt6juKp"" collected 30.00 from pot",2026-03-20T02:22:15.889Z,177397333588901
"Uncalled bet of 10.00 returned to ""kai @ MHudt6juKp""",2026-03-20T02:22:15.889Z,177397333588900
"""Daveo da rula @ hL2HOafVVY"" folds",2026-03-20T02:22:15.016Z,177397333501600
"""kai @ MHudt6juKp"" bets 10.00",2026-03-20T02:22:12.617Z,177397333261700
"Flop:  [10♣, A♦, 4♦]",2026-03-20T02:22:08.485Z,177397332848500
"""fede @ qn6PIh4l_8"" folds",2026-03-20T02:22:07.593Z,177397332759300
"""Goober @ xKINFe6J18"" folds",2026-03-20T02:22:06.690Z,177397332669000
"""Daveo da rula @ hL2HOafVVY"" calls 12.50",2026-03-20T02:21:53.872Z,177397331387200
"""blessed @ qCJm12-9Fn"" folds",2026-03-20T02:21:52.868Z,177397331286800
"""kai @ MHudt6juKp"" raises to 12.50",2026-03-20T02:21:51.185Z,177397331118500
"""fede @ qn6PIh4l_8"" calls 2.25",2026-03-20T02:21:47.311Z,177397330731100
"""One Hour @ kqHgeLEP9s"" folds",2026-03-20T02:21:45.957Z,177397330595700
"""Goober @ xKINFe6J18"" calls 2.25",2026-03-20T02:21:45.042Z,177397330504200
"""Robopop @ 5W_z5FqSSU"" folds",2026-03-20T02:21:40.519Z,177397330051900
"""Raven @ lgXV8zJd19"" folds",2026-03-20T02:21:39.564Z,177397329956400
"""Daveo da rula @ hL2HOafVVY"" raises to 2.25",2026-03-20T02:21:38.615Z,177397329861500
"""blessed @ qCJm12-9Fn"" calls 0.50",2026-03-20T02:21:36.470Z,177397329647000
"""eyz @ PFiA37ihL9"" folds",2026-03-20T02:21:35.090Z,177397329509000
"""kai @ MHudt6juKp"" posts a big blind of 0.50",2026-03-20T02:21:33.993Z,177397329399312
"""fede @ qn6PIh4l_8"" posts a small blind of 0.25",2026-03-20T02:21:33.993Z,177397329399311
"Your hand is 2♠, 8♥",2026-03-20T02:21:33.993Z,177397329399310
"Player stacks: #1 ""blessed @ qCJm12-9Fn"" (121.38) | #2 ""Daveo da rula @ hL2HOafVVY"" (303.91) | #3 ""Raven @ lgXV8zJd19"" (107.75) | #4 ""Robopop @ 5W_z5FqSSU"" (63.50) | #5 ""Goober @ xKINFe6J18"" (234.43) | #7 ""One Hour @ kqHgeLEP9s"" (110.01) | #8 ""fede @ qn6PIh4l_8"" (114.29) | #9 ""kai @ MHudt6juKp"" (127.21) | #10 ""eyz @ PFiA37ihL9"" (73.25)",2026-03-20T02:21:33.993Z,177397329399301
"-- starting hand #57 (id: zbfph9j8w31p)  No Limit Texas Hold'em (dealer: ""One Hour @ kqHgeLEP9s"") --",2026-03-20T02:21:33.993Z,177397329399300
"""kai @ MHudt6juKp"" shows a 7♦.",2026-03-20T02:21:30.675Z,177397329067500
"-- ending hand #56 --",2026-03-20T02:21:30.367Z,177397329036702
"""One Hour @ kqHgeLEP9s"" collected 51.00 from pot",2026-03-20T02:21:30.367Z,177397329036701
"Uncalled bet of 59.01 returned to ""One Hour @ kqHgeLEP9s""",2026-03-20T02:21:30.367Z,177397329036700
"""blessed @ qCJm12-9Fn"" folds",2026-03-20T02:21:29.544Z,177397328954400
"""kai @ MHudt6juKp"" folds",2026-03-20T02:21:28.586Z,177397328858600
"""One Hour @ kqHgeLEP9s"" raises to 71.76 and go all in",2026-03-20T02:21:22.881Z,177397328288100
"""Daveo da rula @ hL2HOafVVY"" folds",2026-03-20T02:21:17.893Z,177397327789300
"""blessed @ qCJm12-9Fn"" bets 12.75",2026-03-20T02:21:16.352Z,177397327635200
"""kai @ MHudt6juKp"" checks",2026-03-20T02:21:11.107Z,177397327110700
"""One Hour @ kqHgeLEP9s"" checks",2026-03-20T02:21:10.108Z,177397327010800
"River: 6♦, 10♠, 8♠, 7♠ [7♥]",2026-03-20T02:21:08.840Z,177397326884000
"""Daveo da rula @ hL2HOafVVY"" checks",2026-03-20T02:21:07.961Z,177397326796100
"""blessed @ qCJm12-9Fn"" checks",2026-03-20T02:21:06.940Z,177397326694000
"""kai @ MHudt6juKp"" checks",2026-03-20T02:21:04.727Z,177397326472700
"""One Hour @ kqHgeLEP9s"" checks",2026-03-20T02:21:03.669Z,177397326366900
"Turn: 6♦, 10♠, 8♠ [7♠]",2026-03-20T02:21:02.445Z,177397326244500
"""kai @ MHudt6juKp"" calls 4.25",2026-03-20T02:21:01.620Z,177397326162000
"""One Hour @ kqHgeLEP9s"" calls 4.25",2026-03-20T02:21:00.528Z,177397326052800
"""Daveo da rula @ hL2HOafVVY"" calls 4.25",2026-03-20T02:20:58.662Z,177397325866200
"""blessed @ qCJm12-9Fn"" bets 4.25",2026-03-20T02:20:56.996Z,177397325699600
"""kai @ MHudt6juKp"" checks",2026-03-20T02:20:52.813Z,177397325281300
"""One Hour @ kqHgeLEP9s"" checks",2026-03-20T02:20:51.872Z,177397325187200
"Flop:  [6♦, 10♠, 8♠]",2026-03-20T02:20:50.022Z,177397325002200
"""fede @ qn6PIh4l_8"" folds",2026-03-20T02:20:49.212Z,177397324921200
"""One Hour @ kqHgeLEP9s"" calls 2.00",2026-03-20T02:20:48.277Z,177397324827700
"""Goober @ xKINFe6J18"" folds",2026-03-20T02:20:45.155Z,177397324515500
"""Robopop @ 5W_z5FqSSU"" folds",2026-03-20T02:20:44.213Z,177397324421300
"""Raven @ lgXV8zJd19"" folds",2026-03-20T02:20:43.279Z,177397324327900
"""Daveo da rula @ hL2HOafVVY"" calls 2.00",2026-03-20T02:20:38.327Z,177397323832700
"""blessed @ qCJm12-9Fn"" calls 2.00",2026-03-20T02:20:37.155Z,177397323715500
"""eyz @ PFiA37ihL9"" folds",2026-03-20T02:20:33.768Z,177397323376800
"""kai @ MHudt6juKp"" raises to 2.00",2026-03-20T02:20:32.796Z,177397323279600
"""fede @ qn6PIh4l_8"" posts a big blind of 0.50",2026-03-20T02:20:29.967Z,177397322996712
"""One Hour @ kqHgeLEP9s"" posts a small blind of 0.25",2026-03-20T02:20:29.967Z,177397322996711
"Your hand is 2♦, 4♦",2026-03-20T02:20:29.967Z,177397322996710
"Player stacks: #1 ""blessed @ qCJm12-9Fn"" (140.38) | #2 ""Daveo da rula @ hL2HOafVVY"" (310.16) | #3 ""Raven @ lgXV8zJd19"" (107.75) | #4 ""Robopop @ 5W_z5FqSSU"" (63.50) | #5 ""Goober @ xKINFe6J18"" (234.43) | #7 ""One Hour @ kqHgeLEP9s"" (78.01) | #8 ""fede @ qn6PIh4l_8"" (114.79) | #9 ""kai @ MHudt6juKp"" (133.46) | #10 ""eyz @ PFiA37ihL9"" (73.25)",2026-03-20T02:20:29.967Z,177397322996701
"-- starting hand #56 (id: bkcyrgcftfna)  No Limit Texas Hold'em (dealer: ""Goober @ xKINFe6J18"") --",2026-03-20T02:20:29.967Z,177397322996700
"-- ending hand #55 --",2026-03-20T02:20:27.007Z,177397322700702
"""One Hour @ kqHgeLEP9s"" collected 32.25 from pot",2026-03-20T02:20:27.007Z,177397322700701
"Uncalled bet of 45.76 returned to ""One Hour @ kqHgeLEP9s""",2026-03-20T02:20:27.007Z,177397322700700
"""Daveo da rula @ hL2HOafVVY"" folds",2026-03-20T02:20:26.198Z,177397322619800
"""kai @ MHudt6juKp"" folds",2026-03-20T02:20:25.240Z,177397322524000
"""One Hour @ kqHgeLEP9s"" bets 45.76 and go all in",2026-03-20T02:20:24.152Z,177397322415200
"River: Q♠, A♣, K♥, K♣ [6♠]",2026-03-20T02:20:21.004Z,177397322100400
"""Daveo da rula @ hL2HOafVVY"" checks",2026-03-20T02:20:20.191Z,177397322019100
"""kai @ MHudt6juKp"" checks",2026-03-20T02:20:18.330Z,177397321833000
"""One Hour @ kqHgeLEP9s"" checks",2026-03-20T02:20:17.330Z,177397321733000
"Turn: Q♠, A♣, K♥ [K♣]",2026-03-20T02:20:16.433Z,177397321643300
"""Daveo da rula @ hL2HOafVVY"" checks",2026-03-20T02:20:15.600Z,177397321560000
"""kai @ MHudt6juKp"" checks",2026-03-20T02:20:14.650Z,177397321465000
"""One Hour @ kqHgeLEP9s"" checks",2026-03-20T02:20:13.713Z,177397321371300
"Flop:  [Q♠, A♣, K♥]",2026-03-20T02:20:11.994Z,177397321199400
"""eyz @ PFiA37ihL9"" folds",2026-03-20T02:20:11.191Z,177397321119100
"""kai @ MHudt6juKp"" calls 9.50",2026-03-20T02:20:10.253Z,177397321025300
"""fede @ qn6PIh4l_8"" folds",2026-03-20T02:20:09.176Z,177397320917600
"""One Hour @ kqHgeLEP9s"" calls 9.50",2026-03-20T02:20:07.331Z,177397320733100
"""Goober @ xKINFe6J18"" folds",2026-03-20T02:20:04.208Z,177397320420800
"""Robopop @ 5W_z5FqSSU"" folds",2026-03-20T02:20:00.105Z,177397320010500
"""Raven @ lgXV8zJd19"" folds",2026-03-20T02:19:59.010Z,177397319901000
"""Daveo da rula @ hL2HOafVVY"" raises to 9.50",2026-03-20T02:19:58.020Z,177397319802000
"""blessed @ qCJm12-9Fn"" folds",2026-03-20T02:19:40.590Z,177397318059000
"""eyz @ PFiA37ihL9"" calls 1.75",2026-03-20T02:19:39.690Z,177397317969000
"""kai @ MHudt6juKp"" calls 1.75",2026-03-20T02:19:37.526Z,177397317752600
"""fede @ qn6PIh4l_8"" raises to 1.75",2026-03-20T02:19:36.227Z,177397317622700
"""One Hour @ kqHgeLEP9s"" posts a big blind of 0.50",2026-03-20T02:19:33.038Z,177397317303813
"""Goober @ xKINFe6J18"" posts a small blind of 0.25",2026-03-20T02:19:33.038Z,177397317303812
"Your hand is 5♦, 6♦",2026-03-20T02:19:33.038Z,177397317303811
"Player stacks: #1 ""blessed @ qCJm12-9Fn"" (140.38) | #2 ""Daveo da rula @ hL2HOafVVY"" (319.66) | #3 ""Raven @ lgXV8zJd19"" (107.75) | #4 ""Robopop @ 5W_z5FqSSU"" (63.50) | #5 ""Goober @ xKINFe6J18"" (234.68) | #7 ""One Hour @ kqHgeLEP9s"" (55.26) | #8 ""fede @ qn6PIh4l_8"" (116.54) | #9 ""kai @ MHudt6juKp"" (142.96) | #10 ""eyz @ PFiA37ihL9"" (75.00)",2026-03-20T02:19:33.038Z,177397317303802
"-- starting hand #55 (id: 7vekxu7lari1)  No Limit Texas Hold'em (dealer: ""Robopop @ 5W_z5FqSSU"") --",2026-03-20T02:19:33.038Z,177397317303801
"The player ""eyz @ PFiA37ihL9"" joined the game with a stack of 75.00.",2026-03-20T02:19:33.038Z,177397317303800
"""blessed @ qCJm12-9Fn"" shows a 5♠.",2026-03-20T02:19:31.504Z,177397317150400
"-- ending hand #54 --",2026-03-20T02:19:29.307Z,177397316930702
"""Robopop @ 5W_z5FqSSU"" collected 7.50 from pot",2026-03-20T02:19:29.307Z,177397316930701
"Uncalled bet of 3.75 returned to ""Robopop @ 5W_z5FqSSU""",2026-03-20T02:19:29.307Z,177397316930700
"""blessed @ qCJm12-9Fn"" folds",2026-03-20T02:19:28.482Z,177397316848200
"""Goober @ xKINFe6J18"" folds",2026-03-20T02:19:27.584Z,177397316758400
"""Robopop @ 5W_z5FqSSU"" bets 3.75",2026-03-20T02:19:22.731Z,177397316273100
"River: Q♣, 7♦, A♥, Q♠ [3♣]",2026-03-20T02:19:18.499Z,177397315849900
"""blessed @ qCJm12-9Fn"" checks",2026-03-20T02:19:17.681Z,177397315768100
"""Goober @ xKINFe6J18"" checks",2026-03-20T02:19:16.799Z,177397315679900
"""Robopop @ 5W_z5FqSSU"" checks",2026-03-20T02:19:13.811Z,177397315381100
"Turn: Q♣, 7♦, A♥ [Q♠]",2026-03-20T02:19:11.886Z,177397315188600
"""blessed @ qCJm12-9Fn"" checks",2026-03-20T02:19:11.072Z,177397315107200
"""Goober @ xKINFe6J18"" checks",2026-03-20T02:19:10.138Z,177397315013800
"""Robopop @ 5W_z5FqSSU"" checks",2026-03-20T02:19:04.933Z,177397314493300
"Flop:  [Q♣, 7♦, A♥]",2026-03-20T02:19:02.795Z,177397314279500
"""blessed @ qCJm12-9Fn"" calls 2.50",2026-03-20T02:19:01.980Z,177397314198000
"""Goober @ xKINFe6J18"" calls 2.50",2026-03-20T02:19:00.251Z,177397314025100
"""Robopop @ 5W_z5FqSSU"" raises to 2.50",2026-03-20T02:18:58.751Z,177397313875100
"The admin approved the player ""eyz @ PFiA37ihL9"" participation with a stack of 75.00.",2026-03-20T02:18:58.732Z,177397313873200
"""Raven @ lgXV8zJd19"" folds",2026-03-20T02:18:56.008Z,177397313600800
"""Daveo da rula @ hL2HOafVVY"" folds",2026-03-20T02:18:54.866Z,177397313486600
"""blessed @ qCJm12-9Fn"" calls 0.50",2026-03-20T02:18:53.428Z,177397313342800
"""kai @ MHudt6juKp"" folds",2026-03-20T02:18:51.837Z,177397313183700
"""fede @ qn6PIh4l_8"" folds",2026-03-20T02:18:50.933Z,177397313093300
"""One Hour @ kqHgeLEP9s"" folds",2026-03-20T02:18:49.157Z,177397312915700
"""Goober @ xKINFe6J18"" posts a big blind of 0.50",2026-03-20T02:18:44.733Z,177397312473311
"""Robopop @ 5W_z5FqSSU"" posts a small blind of 0.25",2026-03-20T02:18:44.733Z,177397312473310
"Player stacks: #1 ""blessed @ qCJm12-9Fn"" (142.88) | #2 ""Daveo da rula @ hL2HOafVVY"" (319.66) | #3 ""Raven @ lgXV8zJd19"" (107.75) | #4 ""Robopop @ 5W_z5FqSSU"" (58.50) | #5 ""Goober @ xKINFe6J18"" (237.18) | #7 ""One Hour @ kqHgeLEP9s"" (55.26) | #8 ""fede @ qn6PIh4l_8"" (116.54) | #9 ""kai @ MHudt6juKp"" (142.96)",2026-03-20T02:18:44.733Z,177397312473301
"-- starting hand #54 (id: cltlqrpzeatx)  No Limit Texas Hold'em (dealer: ""Raven @ lgXV8zJd19"") --",2026-03-20T02:18:44.733Z,177397312473300
"-- ending hand #53 --",2026-03-20T02:18:41.731Z,177397312173102
"""Daveo da rula @ hL2HOafVVY"" collected 6.25 from pot",2026-03-20T02:18:41.731Z,177397312173101
"Uncalled bet of 6.25 returned to ""Daveo da rula @ hL2HOafVVY""",2026-03-20T02:18:41.731Z,177397312173100
"""blessed @ qCJm12-9Fn"" folds",2026-03-20T02:18:40.807Z,177397312080700
"""fede @ qn6PIh4l_8"" folds",2026-03-20T02:18:39.949Z,177397311994900
"""Robopop @ 5W_z5FqSSU"" folds",2026-03-20T02:18:36.613Z,177397311661300
"""Daveo da rula @ hL2HOafVVY"" bets 6.25",2026-03-20T02:18:34.992Z,177397311499200
"""blessed @ qCJm12-9Fn"" checks",2026-03-20T02:18:32.700Z,177397311270000
"""fede @ qn6PIh4l_8"" checks",2026-03-20T02:18:30.293Z,177397311029300
"""Robopop @ 5W_z5FqSSU"" checks",2026-03-20T02:18:27.880Z,177397310788000
"Flop:  [10♥, 6♣, A♣]",2026-03-20T02:18:26.123Z,177397310612300
"""fede @ qn6PIh4l_8"" calls 1.50",2026-03-20T02:18:25.246Z,177397310524600
"""Robopop @ 5W_z5FqSSU"" calls 1.50",2026-03-20T02:18:23.633Z,177397310363300
"""Raven @ lgXV8zJd19"" folds",2026-03-20T02:18:22.440Z,177397310244000
"""Daveo da rula @ hL2HOafVVY"" calls 1.50",2026-03-20T02:18:21.389Z,177397310138900
"""blessed @ qCJm12-9Fn"" raises to 1.50",2026-03-20T02:18:19.562Z,177397309956200
"""kai @ MHudt6juKp"" folds",2026-03-20T02:18:16.215Z,177397309621500
"""fede @ qn6PIh4l_8"" calls 0.50",2026-03-20T02:18:15.230Z,177397309523000
"""One Hour @ kqHgeLEP9s"" folds",2026-03-20T02:18:14.211Z,177397309421100
"""Goober @ xKINFe6J18"" folds",2026-03-20T02:18:13.300Z,177397309330000
"The player ""eyz @ PFiA37ihL9"" requested a seat.",2026-03-20T02:18:09.282Z,177397308928200
"""Robopop @ 5W_z5FqSSU"" posts a big blind of 0.50",2026-03-20T02:18:06.700Z,177397308670011
"""Raven @ lgXV8zJd19"" posts a small blind of 0.25",2026-03-20T02:18:06.700Z,177397308670010
"Player stacks: #1 ""blessed @ qCJm12-9Fn"" (144.38) | #2 ""Daveo da rula @ hL2HOafVVY"" (314.91) | #3 ""Raven @ lgXV8zJd19"" (108.00) | #4 ""Robopop @ 5W_z5FqSSU"" (60.00) | #5 ""Goober @ xKINFe6J18"" (237.18) | #7 ""One Hour @ kqHgeLEP9s"" (55.26) | #8 ""fede @ qn6PIh4l_8"" (118.04) | #9 ""kai @ MHudt6juKp"" (142.96)",2026-03-20T02:18:06.700Z,177397308670001
"-- starting hand #53 (id: ayvi0gw5okn6)  No Limit Texas Hold'em (dealer: ""Daveo da rula @ hL2HOafVVY"") --",2026-03-20T02:18:06.700Z,177397308670000
"-- ending hand #52 --",2026-03-20T02:18:03.695Z,177397308369502
"""Goober @ xKINFe6J18"" collected 24.00 from pot",2026-03-20T02:18:03.695Z,177397308369501
"Uncalled bet of 12.00 returned to ""Goober @ xKINFe6J18""",2026-03-20T02:18:03.695Z,177397308369500
"""kai @ MHudt6juKp"" folds",2026-03-20T02:18:02.837Z,177397308283700
"""Goober @ xKINFe6J18"" bets 12.00",2026-03-20T02:18:01.791Z,177397308179100
"River: 4♥, K♣, J♥, K♦ [Q♠]",2026-03-20T02:17:56.411Z,177397307641100
"""kai @ MHudt6juKp"" checks",2026-03-20T02:17:55.547Z,177397307554700
"""Goober @ xKINFe6J18"" checks",2026-03-20T02:17:54.439Z,177397307443900
"Turn: 4♥, K♣, J♥ [K♦]",2026-03-20T02:17:52.410Z,177397307241000
"""Goober @ xKINFe6J18"" calls 5.00",2026-03-20T02:17:51.502Z,177397307150200
"""Daveo da rula @ hL2HOafVVY"" folds",2026-03-20T02:17:49.735Z,177397306973500
"""kai @ MHudt6juKp"" bets 5.00",2026-03-20T02:17:48.729Z,177397306872900
"""Goober @ xKINFe6J18"" checks",2026-03-20T02:17:45.502Z,177397306550200
"""Daveo da rula @ hL2HOafVVY"" checks",2026-03-20T02:17:43.559Z,177397306355900
"Flop:  [4♥, K♣, J♥]",2026-03-20T02:17:42.403Z,177397306240300
"""Goober @ xKINFe6J18"" calls 4.50",2026-03-20T02:17:41.558Z,177397306155800
"""Raven @ lgXV8zJd19"" folds",2026-03-20T02:17:38.722Z,177397305872200
"""Daveo da rula @ hL2HOafVVY"" calls 4.50",2026-03-20T02:17:37.793Z,177397305779300
"""blessed @ qCJm12-9Fn"" folds",2026-03-20T02:17:35.351Z,177397305535100
"""kai @ MHudt6juKp"" raises to 4.50",2026-03-20T02:17:34.446Z,177397305444600
"""fede @ qn6PIh4l_8"" folds",2026-03-20T02:17:30.097Z,177397305009700
"""One Hour @ kqHgeLEP9s"" folds",2026-03-20T02:17:29.145Z,177397304914500
"""Goober @ xKINFe6J18"" raises to 1.50",2026-03-20T02:17:28.221Z,177397304822100
"""Robopop @ 5W_z5FqSSU"" folds",2026-03-20T02:17:16.573Z,177397303657300
"""Raven @ lgXV8zJd19"" posts a big blind of 0.50",2026-03-20T02:17:13.160Z,177397303316012
"""Daveo da rula @ hL2HOafVVY"" posts a small blind of 0.25",2026-03-20T02:17:13.160Z,177397303316011
"Player stacks: #1 ""blessed @ qCJm12-9Fn"" (144.38) | #2 ""Daveo da rula @ hL2HOafVVY"" (319.41) | #3 ""Raven @ lgXV8zJd19"" (108.50) | #4 ""Robopop @ 5W_z5FqSSU"" (60.00) | #5 ""Goober @ xKINFe6J18"" (222.68) | #7 ""One Hour @ kqHgeLEP9s"" (55.26) | #8 ""fede @ qn6PIh4l_8"" (118.04) | #9 ""kai @ MHudt6juKp"" (152.46)",2026-03-20T02:17:13.160Z,177397303316002
"-- starting hand #52 (id: gu7nm4yow2u0)  No Limit Texas Hold'em (dealer: ""blessed @ qCJm12-9Fn"") --",2026-03-20T02:17:13.160Z,177397303316001
"The admin updated the player ""Goober @ xKINFe6J18"" stack from 72.68 to 222.68.",2026-03-20T02:17:13.160Z,177397303316000
"-- ending hand #51 --",2026-03-20T02:17:10.076Z,177397303007604
"""Raven @ lgXV8zJd19"" collected 71.25 from pot with Two Pair, A's & 9's (combination: Q♣, 9♦, 9♥, A♦, A♥)",2026-03-20T02:17:10.076Z,177397303007603
"""Daveo da rula @ hL2HOafVVY"" collected 71.25 from pot with Two Pair, A's & 9's (combination: Q♣, 9♦, 9♥, A♠, A♥)",2026-03-20T02:17:10.076Z,177397303007602
"""Raven @ lgXV8zJd19"" shows a J♥, A♦.",2026-03-20T02:17:10.076Z,177397303007601
"""Daveo da rula @ hL2HOafVVY"" shows a 8♥, A♠.",2026-03-20T02:17:10.076Z,177397303007600
"""Goober @ xKINFe6J18"" folds",2026-03-20T02:17:09.200Z,177397302920000
"""Raven @ lgXV8zJd19"" calls 57.00",2026-03-20T02:17:08.236Z,177397302823600
"""Daveo da rula @ hL2HOafVVY"" raises to 57.00",2026-03-20T02:16:51.234Z,177397301123400
"""Goober @ xKINFe6J18"" calls 9.50",2026-03-20T02:16:44.890Z,177397300489000
"""Raven @ lgXV8zJd19"" bets 9.50",2026-03-20T02:16:42.319Z,177397300231900
"""Daveo da rula @ hL2HOafVVY"" checks",2026-03-20T02:16:38.952Z,177397299895200
"River: 9♦, Q♣, A♥, 9♥ [2♠]",2026-03-20T02:16:35.912Z,177397299591200
"""Goober @ xKINFe6J18"" checks",2026-03-20T02:16:35.063Z,177397299506300
"""Raven @ lgXV8zJd19"" checks",2026-03-20T02:16:32.082Z,177397299208200
"""Daveo da rula @ hL2HOafVVY"" checks",2026-03-20T02:16:26.824Z,177397298682400
"Turn: 9♦, Q♣, A♥ [9♥]",2026-03-20T02:16:25.564Z,177397298556400
"""Daveo da rula @ hL2HOafVVY"" calls 4.00",2026-03-20T02:16:24.740Z,177397298474000
"""blessed @ qCJm12-9Fn"" folds",2026-03-20T02:16:22.135Z,177397298213500
"""Goober @ xKINFe6J18"" calls 4.00",2026-03-20T02:16:21.239Z,177397298123900
"""Raven @ lgXV8zJd19"" bets 4.00",2026-03-20T02:16:15.931Z,177397297593100
"""Daveo da rula @ hL2HOafVVY"" checks",2026-03-20T02:16:12.480Z,177397297248000
"""blessed @ qCJm12-9Fn"" checks",2026-03-20T02:16:10.825Z,177397297082500
"Flop:  [9♦, Q♣, A♥]",2026-03-20T02:16:08.699Z,177397296869900
"""Daveo da rula @ hL2HOafVVY"" calls 1.75",2026-03-20T02:16:07.884Z,177397296788400
"""blessed @ qCJm12-9Fn"" calls 1.75",2026-03-20T02:16:03.595Z,177397296359500
"""kai @ MHudt6juKp"" folds",2026-03-20T02:16:01.259Z,177397296125900
"""fede @ qn6PIh4l_8"" folds",2026-03-20T02:16:00.320Z,177397296032000
"""One Hour @ kqHgeLEP9s"" folds",2026-03-20T02:15:47.446Z,177397294744600
"WARNING: the admin queued the stack change for the player ""Goober @ xKINFe6J18"" adding 150.00 chips in the next hand.",2026-03-20T02:15:38.525Z,177397293852500
"""Goober @ xKINFe6J18"" calls 1.75",2026-03-20T02:15:34.913Z,177397293491300
"""Robopop @ 5W_z5FqSSU"" folds",2026-03-20T02:15:31.435Z,177397293143500
"""Raven @ lgXV8zJd19"" raises to 1.75",2026-03-20T02:15:30.455Z,177397293045500
"""Daveo da rula @ hL2HOafVVY"" posts a big blind of 0.50",2026-03-20T02:15:26.409Z,177397292640911
"""blessed @ qCJm12-9Fn"" posts a small blind of 0.25",2026-03-20T02:15:26.409Z,177397292640910
"Player stacks: #1 ""blessed @ qCJm12-9Fn"" (146.13) | #2 ""Daveo da rula @ hL2HOafVVY"" (310.91) | #3 ""Raven @ lgXV8zJd19"" (100.00) | #4 ""Robopop @ 5W_z5FqSSU"" (60.00) | #5 ""Goober @ xKINFe6J18"" (87.93) | #7 ""One Hour @ kqHgeLEP9s"" (55.26) | #8 ""fede @ qn6PIh4l_8"" (118.04) | #9 ""kai @ MHudt6juKp"" (152.46)",2026-03-20T02:15:26.409Z,177397292640901
"-- starting hand #51 (id: hq2raghkp0lr)  No Limit Texas Hold'em (dealer: ""kai @ MHudt6juKp"") --",2026-03-20T02:15:26.409Z,177397292640900
"-- ending hand #50 --",2026-03-20T02:15:23.403Z,177397292340303
"""One Hour @ kqHgeLEP9s"" collected 38.75 from pot with Flush, J High (combination: 3♦, 5♦, 7♦, 8♦, J♦)",2026-03-20T02:15:23.403Z,177397292340302
"""One Hour @ kqHgeLEP9s"" shows a 5♦, J♦.",2026-03-20T02:15:23.403Z,177397292340301
"""blessed @ qCJm12-9Fn"" shows a 6♦, 6♣.",2026-03-20T02:15:23.403Z,177397292340300
"""One Hour @ kqHgeLEP9s"" checks",2026-03-20T02:15:22.562Z,177397292256200
"""blessed @ qCJm12-9Fn"" checks",2026-03-20T02:15:20.947Z,177397292094700
"River: 8♦, 7♦, 3♦, 2♦ [7♣]",2026-03-20T02:15:18.903Z,177397291890300
"""kai @ MHudt6juKp"" folds",2026-03-20T02:15:18.099Z,177397291809900
"""One Hour @ kqHgeLEP9s"" calls 10.00",2026-03-20T02:15:17.158Z,177397291715800
"""blessed @ qCJm12-9Fn"" bets 10.00",2026-03-20T02:15:15.943Z,177397291594300
"""kai @ MHudt6juKp"" checks",2026-03-20T02:15:10.295Z,177397291029500
"Turn: 8♦, 7♦, 3♦ [2♦]",2026-03-20T02:15:09.781Z,177397290978100
"""Goober @ xKINFe6J18"" folds",2026-03-20T02:15:08.950Z,177397290895000
"""blessed @ qCJm12-9Fn"" calls 3.75",2026-03-20T02:15:03.164Z,177397290316400
"""kai @ MHudt6juKp"" calls 3.75",2026-03-20T02:15:01.607Z,177397290160700
"""fede @ qn6PIh4l_8"" folds",2026-03-20T02:15:00.516Z,177397290051600
"""One Hour @ kqHgeLEP9s"" bets 3.75",2026-03-20T02:14:59.117Z,177397289911700
"""Goober @ xKINFe6J18"" checks",2026-03-20T02:14:56.707Z,177397289670700
"""blessed @ qCJm12-9Fn"" checks",2026-03-20T02:14:53.713Z,177397289371300
"""kai @ MHudt6juKp"" checks",2026-03-20T02:14:52.215Z,177397289221500
"Flop:  [8♦, 7♦, 3♦]",2026-03-20T02:14:51.384Z,177397289138400
"""blessed @ qCJm12-9Fn"" calls 1.50",2026-03-20T02:14:50.545Z,177397289054500
"""kai @ MHudt6juKp"" calls 1.50",2026-03-20T02:14:47.914Z,177397288791400
"""fede @ qn6PIh4l_8"" calls 1.50",2026-03-20T02:14:43.355Z,177397288335500
"""One Hour @ kqHgeLEP9s"" calls 1.50",2026-03-20T02:14:41.058Z,177397288105800
"""Goober @ xKINFe6J18"" raises to 1.50",2026-03-20T02:14:24.169Z,177397286416900
"""Robopop @ 5W_z5FqSSU"" folds",2026-03-20T02:14:18.331Z,177397285833100
"""Raven @ lgXV8zJd19"" folds",2026-03-20T02:14:17.401Z,177397285740100
"""Daveo da rula @ hL2HOafVVY"" folds",2026-03-20T02:14:16.507Z,177397285650700
"""blessed @ qCJm12-9Fn"" posts a big blind of 0.50",2026-03-20T02:14:10.886Z,177397285088612
"""kai @ MHudt6juKp"" posts a small blind of 0.25",2026-03-20T02:14:10.886Z,177397285088611
"Player stacks: #1 ""blessed @ qCJm12-9Fn"" (161.38) | #2 ""Daveo da rula @ hL2HOafVVY"" (310.91) | #3 ""Raven @ lgXV8zJd19"" (100.00) | #4 ""Robopop @ 5W_z5FqSSU"" (60.00) | #5 ""Goober @ xKINFe6J18"" (89.43) | #7 ""One Hour @ kqHgeLEP9s"" (31.76) | #8 ""fede @ qn6PIh4l_8"" (119.54) | #9 ""kai @ MHudt6juKp"" (157.71)",2026-03-20T02:14:10.886Z,177397285088602
"-- starting hand #50 (id: 2q4ynv6ggzdq)  No Limit Texas Hold'em (dealer: ""fede @ qn6PIh4l_8"") --",2026-03-20T02:14:10.886Z,177397285088601
"The player ""Robopop @ 5W_z5FqSSU"" joined the game with a stack of 60.00.",2026-03-20T02:14:10.886Z,177397285088600
"""kai @ MHudt6juKp"" shows a K♦.",2026-03-20T02:14:08.093Z,177397284809300
"-- ending hand #49 --",2026-03-20T02:14:07.281Z,177397284728102
"""One Hour @ kqHgeLEP9s"" collected 11.25 from pot",2026-03-20T02:14:07.281Z,177397284728101
"Uncalled bet of 20.51 returned to ""One Hour @ kqHgeLEP9s""",2026-03-20T02:14:07.281Z,177397284728100
"""Goober @ xKINFe6J18"" folds",2026-03-20T02:14:06.438Z,177397284643800
"""One Hour @ kqHgeLEP9s"" bets 20.51 and go all in",2026-03-20T02:14:03.712Z,177397284371200
"""Goober @ xKINFe6J18"" checks",2026-03-20T02:14:00.973Z,177397284097300
"River: 3♦, 2♠, 7♥, 9♣ [K♠]",2026-03-20T02:13:59.527Z,177397283952700
"""One Hour @ kqHgeLEP9s"" checks",2026-03-20T02:13:58.714Z,177397283871400
"""Goober @ xKINFe6J18"" checks",2026-03-20T02:13:57.508Z,177397283750800
"Turn: 3♦, 2♠, 7♥ [9♣]",2026-03-20T02:13:55.807Z,177397283580700
"""One Hour @ kqHgeLEP9s"" checks",2026-03-20T02:13:54.990Z,177397283499000
"""Goober @ xKINFe6J18"" checks",2026-03-20T02:13:53.344Z,177397283334400
"Flop:  [3♦, 2♠, 7♥]",2026-03-20T02:13:51.092Z,177397283109200
"""Goober @ xKINFe6J18"" calls 5.25",2026-03-20T02:13:50.255Z,177397283025500
"The admin approved the player ""Robopop @ 5W_z5FqSSU"" participation with a stack of 60.00.",2026-03-20T02:13:41.739Z,177397282173900
"""kai @ MHudt6juKp"" folds",2026-03-20T02:13:38.934Z,177397281893400
"""fede @ qn6PIh4l_8"" folds",2026-03-20T02:13:32.889Z,177397281288900
"""One Hour @ kqHgeLEP9s"" raises to 5.25",2026-03-20T02:13:23.949Z,177397280394900
"""Goober @ xKINFe6J18"" raises to 1.50",2026-03-20T02:13:21.942Z,177397280194200
"""Raven @ lgXV8zJd19"" folds",2026-03-20T02:13:17.080Z,177397279708000
"""Daveo da rula @ hL2HOafVVY"" folds",2026-03-20T02:13:16.150Z,177397279615000
"""blessed @ qCJm12-9Fn"" folds",2026-03-20T02:13:15.143Z,177397279514300
"""kai @ MHudt6juKp"" posts a big blind of 0.50",2026-03-20T02:13:12.953Z,177397279295310
"""fede @ qn6PIh4l_8"" posts a small blind of 0.25",2026-03-20T02:13:12.953Z,177397279295309
"Player stacks: #1 ""blessed @ qCJm12-9Fn"" (161.38) | #2 ""Daveo da rula @ hL2HOafVVY"" (310.91) | #3 ""Raven @ lgXV8zJd19"" (100.00) | #5 ""Goober @ xKINFe6J18"" (94.68) | #7 ""One Hour @ kqHgeLEP9s"" (25.76) | #8 ""fede @ qn6PIh4l_8"" (119.79) | #9 ""kai @ MHudt6juKp"" (158.21)",2026-03-20T02:13:12.953Z,177397279295301
"-- starting hand #49 (id: tkarjxe71ytn)  No Limit Texas Hold'em (dealer: ""One Hour @ kqHgeLEP9s"") --",2026-03-20T02:13:12.953Z,177397279295300
"""One Hour @ kqHgeLEP9s"" shows a J♦, A♠.",2026-03-20T02:13:10.574Z,177397279057400
"-- ending hand #48 --",2026-03-20T02:13:09.237Z,177397278923702
"""fede @ qn6PIh4l_8"" collected 94.97 from pot with Two Pair, A's & K's (combination: Q♥, K♠, K♥, A♣, A♥)",2026-03-20T02:13:09.237Z,177397278923701
"""fede @ qn6PIh4l_8"" shows a A♣, Q♥.",2026-03-20T02:13:09.237Z,177397278923700
"""One Hour @ kqHgeLEP9s"" calls 23.74",2026-03-20T02:13:08.426Z,177397278842600
"""fede @ qn6PIh4l_8"" bets 23.74",2026-03-20T02:13:06.933Z,177397278693300
"""One Hour @ kqHgeLEP9s"" checks",2026-03-20T02:13:03.035Z,177397278303500
"River: 8♦, K♠, A♥, K♥ [6♦]",2026-03-20T02:13:00.788Z,177397278078800
"""fede @ qn6PIh4l_8"" checks",2026-03-20T02:12:59.980Z,177397277998000
"""One Hour @ kqHgeLEP9s"" checks",2026-03-20T02:12:56.345Z,177397277634500
"Turn: 8♦, K♠, A♥ [K♥]",2026-03-20T02:12:55.753Z,177397277575300
"""One Hour @ kqHgeLEP9s"" calls 11.87",2026-03-20T02:12:54.926Z,177397277492600
"""Daveo da rula @ hL2HOafVVY"" folds",2026-03-20T02:12:52.880Z,177397277288000
"""fede @ qn6PIh4l_8"" bets 11.87",2026-03-20T02:12:51.919Z,177397277191900
"""One Hour @ kqHgeLEP9s"" checks",2026-03-20T02:12:45.646Z,177397276564600
"Flop:  [8♦, K♠, A♥]",2026-03-20T02:12:42.884Z,177397276288400
"The player ""Robopop @ 5W_z5FqSSU"" requested a seat.",2026-03-20T02:12:42.130Z,177397276213000
"""Daveo da rula @ hL2HOafVVY"" calls 7.75",2026-03-20T02:12:42.000Z,177397276200000
"""blessed @ qCJm12-9Fn"" folds",2026-03-20T02:12:40.804Z,177397276080400
"""fede @ qn6PIh4l_8"" calls 7.75",2026-03-20T02:12:37.443Z,177397275744300
"""One Hour @ kqHgeLEP9s"" raises to 7.75",2026-03-20T02:12:28.057Z,177397274805700
"""Goober @ xKINFe6J18"" folds",2026-03-20T02:12:20.029Z,177397274002900
"""Raven @ lgXV8zJd19"" folds",2026-03-20T02:12:19.112Z,177397273911200
"""Daveo da rula @ hL2HOafVVY"" raises to 2.25",2026-03-20T02:12:15.405Z,177397273540500
"""blessed @ qCJm12-9Fn"" calls 0.50",2026-03-20T02:12:13.181Z,177397273318100
"""kai @ MHudt6juKp"" folds",2026-03-20T02:12:11.847Z,177397273184700
"""fede @ qn6PIh4l_8"" posts a big blind of 0.50",2026-03-20T02:12:10.473Z,177397273047311
"""One Hour @ kqHgeLEP9s"" posts a small blind of 0.25",2026-03-20T02:12:10.473Z,177397273047310
"Player stacks: #1 ""blessed @ qCJm12-9Fn"" (161.88) | #2 ""Daveo da rula @ hL2HOafVVY"" (318.66) | #3 ""Raven @ lgXV8zJd19"" (100.00) | #5 ""Goober @ xKINFe6J18"" (94.68) | #7 ""One Hour @ kqHgeLEP9s"" (69.12) | #8 ""fede @ qn6PIh4l_8"" (68.18) | #9 ""kai @ MHudt6juKp"" (158.21)",2026-03-20T02:12:10.473Z,177397273047302
"-- starting hand #48 (id: jvfkmt8vkgue)  No Limit Texas Hold'em (dealer: ""Goober @ xKINFe6J18"") --",2026-03-20T02:12:10.473Z,177397273047301
"The player ""aden @ ukS_JNj8Jp"" quits the game with a stack of 145.27.",2026-03-20T02:12:10.473Z,177397273047300
"-- ending hand #47 --",2026-03-20T02:12:07.472Z,177397272747202
"""kai @ MHudt6juKp"" collected 1.25 from pot",2026-03-20T02:12:07.472Z,177397272747201
"Uncalled bet of 1.50 returned to ""kai @ MHudt6juKp""",2026-03-20T02:12:07.472Z,177397272747200
"""One Hour @ kqHgeLEP9s"" folds",2026-03-20T02:12:06.574Z,177397272657400
"""Goober @ xKINFe6J18"" folds",2026-03-20T02:12:05.640Z,177397272564000
"""aden @ ukS_JNj8Jp"" folds",2026-03-20T02:12:04.673Z,177397272467300
"""Raven @ lgXV8zJd19"" folds",2026-03-20T02:12:03.856Z,177397272385600
"""Daveo da rula @ hL2HOafVVY"" folds",2026-03-20T02:12:02.871Z,177397272287100
"""blessed @ qCJm12-9Fn"" folds",2026-03-20T02:12:01.728Z,177397272172800
"""kai @ MHudt6juKp"" raises to 2.00",2026-03-20T02:12:00.470Z,177397272047000
"""fede @ qn6PIh4l_8"" folds",2026-03-20T02:11:57.568Z,177397271756800
"""One Hour @ kqHgeLEP9s"" posts a big blind of 0.50",2026-03-20T02:11:55.977Z,177397271597712
"""Goober @ xKINFe6J18"" posts a small blind of 0.25",2026-03-20T02:11:55.977Z,177397271597711
"Player stacks: #1 ""blessed @ qCJm12-9Fn"" (161.88) | #2 ""Daveo da rula @ hL2HOafVVY"" (318.66) | #3 ""Raven @ lgXV8zJd19"" (100.00) | #4 ""aden @ ukS_JNj8Jp"" (145.27) | #5 ""Goober @ xKINFe6J18"" (94.93) | #7 ""One Hour @ kqHgeLEP9s"" (69.62) | #8 ""fede @ qn6PIh4l_8"" (68.18) | #9 ""kai @ MHudt6juKp"" (157.46)",2026-03-20T02:11:55.977Z,177397271597702
"-- starting hand #47 (id: cs6wrpkz02yf)  No Limit Texas Hold'em (dealer: ""aden @ ukS_JNj8Jp"") --",2026-03-20T02:11:55.977Z,177397271597701
"The player ""Raven @ lgXV8zJd19"" joined the game with a stack of 100.00.",2026-03-20T02:11:55.977Z,177397271597700
"-- ending hand #46 --",2026-03-20T02:11:53.068Z,177397271306802
"""blessed @ qCJm12-9Fn"" collected 26.25 from pot",2026-03-20T02:11:53.068Z,177397271306801
"Uncalled bet of 19.68 returned to ""blessed @ qCJm12-9Fn""",2026-03-20T02:11:53.068Z,177397271306800
"""aden @ ukS_JNj8Jp"" folds",2026-03-20T02:11:52.254Z,177397271225400
"""Daveo da rula @ hL2HOafVVY"" folds",2026-03-20T02:11:44.103Z,177397270410300
"""blessed @ qCJm12-9Fn"" bets 19.68",2026-03-20T02:11:43.086Z,177397270308600
"""aden @ ukS_JNj8Jp"" checks",2026-03-20T02:11:39.460Z,177397269946000
"Turn: 3♠, 9♣, 7♠ [8♦]",2026-03-20T02:11:37.917Z,177397269791700
"""Daveo da rula @ hL2HOafVVY"" calls 5.25",2026-03-20T02:11:37.089Z,177397269708900
"""blessed @ qCJm12-9Fn"" calls 5.25",2026-03-20T02:11:34.532Z,177397269453200
"""One Hour @ kqHgeLEP9s"" folds",2026-03-20T02:11:33.209Z,177397269320900
"""aden @ ukS_JNj8Jp"" bets 5.25",2026-03-20T02:11:31.225Z,177397269122500
"Flop:  [3♠, 9♣, 7♠]",2026-03-20T02:11:28.680Z,177397268868000
"""One Hour @ kqHgeLEP9s"" calls 2.50",2026-03-20T02:11:27.873Z,177397268787300
"""Goober @ xKINFe6J18"" folds",2026-03-20T02:11:24.108Z,177397268410800
"""aden @ ukS_JNj8Jp"" calls 2.50",2026-03-20T02:11:23.192Z,177397268319200
"""Daveo da rula @ hL2HOafVVY"" calls 2.50",2026-03-20T02:11:22.019Z,177397268201900
"""blessed @ qCJm12-9Fn"" raises to 2.50",2026-03-20T02:11:20.777Z,177397268077700
"""kai @ MHudt6juKp"" folds",2026-03-20T02:11:17.102Z,177397267710200
"""fede @ qn6PIh4l_8"" folds",2026-03-20T02:11:16.152Z,177397267615200
"""One Hour @ kqHgeLEP9s"" calls 0.50",2026-03-20T02:11:03.265Z,177397266326500
"""Goober @ xKINFe6J18"" posts a big blind of 0.50",2026-03-20T02:11:01.195Z,177397266119510
"""aden @ ukS_JNj8Jp"" posts a small blind of 0.25",2026-03-20T02:11:01.195Z,177397266119509
"Player stacks: #1 ""blessed @ qCJm12-9Fn"" (143.38) | #2 ""Daveo da rula @ hL2HOafVVY"" (326.41) | #4 ""aden @ ukS_JNj8Jp"" (153.02) | #5 ""Goober @ xKINFe6J18"" (95.43) | #7 ""One Hour @ kqHgeLEP9s"" (72.12) | #8 ""fede @ qn6PIh4l_8"" (68.18) | #9 ""kai @ MHudt6juKp"" (157.46)",2026-03-20T02:11:01.195Z,177397266119501
"-- starting hand #46 (id: qs1l1os2qec0)  No Limit Texas Hold'em (dealer: ""Daveo da rula @ hL2HOafVVY"") --",2026-03-20T02:11:01.195Z,177397266119500
"""aden @ ukS_JNj8Jp"" shows a 6♠, 7♠.",2026-03-20T02:10:59.065Z,177397265906500
"-- ending hand #45 --",2026-03-20T02:10:57.577Z,177397265757702
"""aden @ ukS_JNj8Jp"" collected 17.89 from pot",2026-03-20T02:10:57.577Z,177397265757701
"Uncalled bet of 13.41 returned to ""aden @ ukS_JNj8Jp""",2026-03-20T02:10:57.577Z,177397265757700
"""blessed @ qCJm12-9Fn"" folds",2026-03-20T02:10:56.753Z,177397265675300
"""aden @ ukS_JNj8Jp"" bets 13.41",2026-03-20T02:10:55.526Z,177397265552600
"Turn: 8♠, J♦, 2♥ [K♣]",2026-03-20T02:10:51.323Z,177397265132300
"""blessed @ qCJm12-9Fn"" calls 4.47",2026-03-20T02:10:50.451Z,177397265045100
"""fede @ qn6PIh4l_8"" folds",2026-03-20T02:10:49.211Z,177397264921100
"""aden @ ukS_JNj8Jp"" bets 4.47",2026-03-20T02:10:45.203Z,177397264520300
"The admin approved the player ""Raven @ lgXV8zJd19"" participation with a stack of 100.00.",2026-03-20T02:10:41.939Z,177397264193900
"Flop:  [8♠, J♦, 2♥]",2026-03-20T02:10:40.646Z,177397264064600
"""fede @ qn6PIh4l_8"" calls 2.90",2026-03-20T02:10:39.780Z,177397263978000
"""aden @ ukS_JNj8Jp"" calls 2.90",2026-03-20T02:10:35.711Z,177397263571100
"""Daveo da rula @ hL2HOafVVY"" folds",2026-03-20T02:10:32.690Z,177397263269000
"""blessed @ qCJm12-9Fn"" raises to 2.90",2026-03-20T02:10:31.677Z,177397263167700
"""kai @ MHudt6juKp"" folds",2026-03-20T02:10:26.166Z,177397262616600
"""fede @ qn6PIh4l_8"" calls 0.50",2026-03-20T02:10:23.865Z,177397262386500
"""One Hour @ kqHgeLEP9s"" folds",2026-03-20T02:10:22.708Z,177397262270800
"""Goober @ xKINFe6J18"" folds",2026-03-20T02:10:20.052Z,177397262005200
"""aden @ ukS_JNj8Jp"" posts a big blind of 0.50",2026-03-20T02:10:18.420Z,177397261842010
"""Daveo da rula @ hL2HOafVVY"" posts a small blind of 0.25",2026-03-20T02:10:18.420Z,177397261842009
"Player stacks: #1 ""blessed @ qCJm12-9Fn"" (150.75) | #2 ""Daveo da rula @ hL2HOafVVY"" (326.66) | #4 ""aden @ ukS_JNj8Jp"" (142.50) | #5 ""Goober @ xKINFe6J18"" (95.43) | #7 ""One Hour @ kqHgeLEP9s"" (72.12) | #8 ""fede @ qn6PIh4l_8"" (71.08) | #9 ""kai @ MHudt6juKp"" (157.46)",2026-03-20T02:10:18.420Z,177397261842001
"-- starting hand #45 (id: hta7s77aawpy)  No Limit Texas Hold'em (dealer: ""blessed @ qCJm12-9Fn"") --",2026-03-20T02:10:18.420Z,177397261842000
"The player ""Raven @ lgXV8zJd19"" requested a seat.",2026-03-20T02:10:16.051Z,177397261605100
"-- ending hand #44 --",2026-03-20T02:10:15.405Z,177397261540502
"""Daveo da rula @ hL2HOafVVY"" collected 132.77 from pot with Flush, A High (combination: 6♠, 9♠, J♠, K♠, A♠)",2026-03-20T02:10:15.405Z,177397261540501
"""Daveo da rula @ hL2HOafVVY"" shows a K♠, J♠.",2026-03-20T02:10:15.405Z,177397261540500
"""Goober @ xKINFe6J18"" calls 33.19",2026-03-20T02:10:14.581Z,177397261458100
"""aden @ ukS_JNj8Jp"" folds",2026-03-20T02:10:13.081Z,177397261308100
"""Daveo da rula @ hL2HOafVVY"" bets 33.19",2026-03-20T02:10:10.533Z,177397261053300
"River: A♠, 9♠, 6♠, J♦ [5♥]",2026-03-20T02:10:04.468Z,177397260446800
"""Goober @ xKINFe6J18"" calls 11.38",2026-03-20T02:10:03.637Z,177397260363700
"""aden @ ukS_JNj8Jp"" calls 11.38",2026-03-20T02:10:01.271Z,177397260127100
"""Daveo da rula @ hL2HOafVVY"" bets 11.38",2026-03-20T02:09:58.189Z,177397259818900
"Turn: A♠, 9♠, 6♠ [J♦]",2026-03-20T02:09:53.209Z,177397259320900
"""Goober @ xKINFe6J18"" checks",2026-03-20T02:09:52.380Z,177397259238000
"""aden @ ukS_JNj8Jp"" checks",2026-03-20T02:09:49.242Z,177397258924200
"""Daveo da rula @ hL2HOafVVY"" checks",2026-03-20T02:09:48.102Z,177397258810200
"Flop:  [A♠, 9♠, 6♠]",2026-03-20T02:09:45.228Z,177397258522800
"""blessed @ qCJm12-9Fn"" folds",2026-03-20T02:09:44.420Z,177397258442000
"""Goober @ xKINFe6J18"" calls 10.00",2026-03-20T02:09:39.372Z,177397257937200
"""aden @ ukS_JNj8Jp"" calls 10.00",2026-03-20T02:09:34.940Z,177397257494000
"""Daveo da rula @ hL2HOafVVY"" raises to 10.00",2026-03-20T02:09:31.882Z,177397257188200
"""blessed @ qCJm12-9Fn"" calls 2.25",2026-03-20T02:09:29.111Z,177397256911100
"""kai @ MHudt6juKp"" folds",2026-03-20T02:09:25.506Z,177397256550600
"""fede @ qn6PIh4l_8"" folds",2026-03-20T02:08:58.408Z,177397253840800
"""One Hour @ kqHgeLEP9s"" folds",2026-03-20T02:08:57.472Z,177397253747200
"""Goober @ xKINFe6J18"" raises to 2.25",2026-03-20T02:08:56.529Z,177397253652900
"""aden @ ukS_JNj8Jp"" calls 0.50",2026-03-20T02:08:51.957Z,177397253195700
"""Daveo da rula @ hL2HOafVVY"" posts a big blind of 0.50",2026-03-20T02:08:49.958Z,177397252995810
"""blessed @ qCJm12-9Fn"" posts a small blind of 0.25",2026-03-20T02:08:49.958Z,177397252995809
"Player stacks: #1 ""blessed @ qCJm12-9Fn"" (153.00) | #2 ""Daveo da rula @ hL2HOafVVY"" (248.46) | #4 ""aden @ ukS_JNj8Jp"" (163.88) | #5 ""Goober @ xKINFe6J18"" (150.00) | #7 ""One Hour @ kqHgeLEP9s"" (72.12) | #8 ""fede @ qn6PIh4l_8"" (71.08) | #9 ""kai @ MHudt6juKp"" (157.46)",2026-03-20T02:08:49.958Z,177397252995801
"-- starting hand #44 (id: bmcty9p1ksff)  No Limit Texas Hold'em (dealer: ""kai @ MHudt6juKp"") --",2026-03-20T02:08:49.958Z,177397252995800
"-- ending hand #43 --",2026-03-20T02:08:46.986Z,177397252698602
"""One Hour @ kqHgeLEP9s"" collected 3.49 from pot",2026-03-20T02:08:46.986Z,177397252698601
"Uncalled bet of 1.74 returned to ""One Hour @ kqHgeLEP9s""",2026-03-20T02:08:46.986Z,177397252698600
"""fede @ qn6PIh4l_8"" folds",2026-03-20T02:08:46.183Z,177397252618300
"""One Hour @ kqHgeLEP9s"" bets 1.74",2026-03-20T02:08:39.957Z,177397251995700
"River: 10♣, A♠, 4♠, J♥ [2♥]",2026-03-20T02:08:37.059Z,177397251705900
"""fede @ qn6PIh4l_8"" checks",2026-03-20T02:08:36.227Z,177397251622700
"""One Hour @ kqHgeLEP9s"" checks",2026-03-20T02:08:34.951Z,177397251495100
"Turn: 10♣, A♠, 4♠ [J♥]",2026-03-20T02:08:34.528Z,177397251452800
"""One Hour @ kqHgeLEP9s"" calls 0.87",2026-03-20T02:08:33.664Z,177397251366400
"""blessed @ qCJm12-9Fn"" folds",2026-03-20T02:08:31.824Z,177397251182400
"""fede @ qn6PIh4l_8"" bets 0.87",2026-03-20T02:08:30.892Z,177397251089200
"""One Hour @ kqHgeLEP9s"" checks",2026-03-20T02:08:26.992Z,177397250699200
"""blessed @ qCJm12-9Fn"" checks",2026-03-20T02:08:23.366Z,177397250336600
"Flop:  [10♣, A♠, 4♠]",2026-03-20T02:08:22.172Z,177397250217200
"""blessed @ qCJm12-9Fn"" checks",2026-03-20T02:08:21.352Z,177397250135200
"""kai @ MHudt6juKp"" folds",2026-03-20T02:08:19.859Z,177397249985900
"""fede @ qn6PIh4l_8"" calls 0.50",2026-03-20T02:08:18.937Z,177397249893700
"""One Hour @ kqHgeLEP9s"" calls 0.50",2026-03-20T02:08:13.345Z,177397249334500
"""Goober @ xKINFe6J18"" folds",2026-03-20T02:08:06.365Z,177397248636500
"""aden @ ukS_JNj8Jp"" folds",2026-03-20T02:08:05.160Z,177397248516000
"""Daveo da rula @ hL2HOafVVY"" folds",2026-03-20T02:08:02.557Z,177397248255700
"""blessed @ qCJm12-9Fn"" posts a big blind of 0.50",2026-03-20T02:08:00.297Z,177397248029710
"""kai @ MHudt6juKp"" posts a small blind of 0.25",2026-03-20T02:08:00.297Z,177397248029709
"Player stacks: #1 ""blessed @ qCJm12-9Fn"" (153.50) | #2 ""Daveo da rula @ hL2HOafVVY"" (248.46) | #4 ""aden @ ukS_JNj8Jp"" (163.88) | #5 ""Goober @ xKINFe6J18"" (150.00) | #7 ""One Hour @ kqHgeLEP9s"" (70.00) | #8 ""fede @ qn6PIh4l_8"" (72.45) | #9 ""kai @ MHudt6juKp"" (157.71)",2026-03-20T02:08:00.297Z,177397248029701
"-- starting hand #43 (id: suraig1stlzp)  No Limit Texas Hold'em (dealer: ""fede @ qn6PIh4l_8"") --",2026-03-20T02:08:00.297Z,177397248029700
"-- ending hand #42 --",2026-03-20T02:07:57.293Z,177397247729302
"""fede @ qn6PIh4l_8"" collected 15.00 from pot",2026-03-20T02:07:57.293Z,177397247729301
"Uncalled bet of 7.50 returned to ""fede @ qn6PIh4l_8""",2026-03-20T02:07:57.293Z,177397247729300
"""blessed @ qCJm12-9Fn"" folds",2026-03-20T02:07:56.472Z,177397247647200
"""fede @ qn6PIh4l_8"" bets 7.50",2026-03-20T02:07:52.392Z,177397247239200
"River: 8♥, 6♦, 3♦, J♣ [7♥]",2026-03-20T02:07:45.480Z,177397246548000
"""blessed @ qCJm12-9Fn"" checks",2026-03-20T02:07:44.660Z,177397246466000
"""fede @ qn6PIh4l_8"" checks",2026-03-20T02:07:42.323Z,177397246232300
"Turn: 8♥, 6♦, 3♦ [J♣]",2026-03-20T02:07:38.210Z,177397245821000
"""kai @ MHudt6juKp"" folds",2026-03-20T02:07:37.368Z,177397245736800
"""fede @ qn6PIh4l_8"" calls 4.50",2026-03-20T02:07:36.400Z,177397245640000
"""One Hour @ kqHgeLEP9s"" folds",2026-03-20T02:07:32.042Z,177397245204200
"""blessed @ qCJm12-9Fn"" bets 4.50",2026-03-20T02:07:31.051Z,177397245105100
"""kai @ MHudt6juKp"" checks",2026-03-20T02:07:26.356Z,177397244635600
"""fede @ qn6PIh4l_8"" checks",2026-03-20T02:07:25.417Z,177397244541700
"Flop:  [8♥, 6♦, 3♦]",2026-03-20T02:07:20.611Z,177397244061100
"""kai @ MHudt6juKp"" calls 1.50",2026-03-20T02:07:19.787Z,177397243978700
"""fede @ qn6PIh4l_8"" calls 1.50",2026-03-20T02:07:18.454Z,177397243845400
"""One Hour @ kqHgeLEP9s"" calls 1.50",2026-03-20T02:07:16.875Z,177397243687500
"""Goober @ xKINFe6J18"" folds",2026-03-20T02:07:11.680Z,177397243168000
"""aden @ ukS_JNj8Jp"" folds",2026-03-20T02:07:04.403Z,177397242440300
"""Daveo da rula @ hL2HOafVVY"" folds",2026-03-20T02:07:03.366Z,177397242336600
"""blessed @ qCJm12-9Fn"" raises to 1.50",2026-03-20T02:07:00.295Z,177397242029500
"""kai @ MHudt6juKp"" posts a big blind of 0.50",2026-03-20T02:06:55.565Z,177397241556511
"""fede @ qn6PIh4l_8"" posts a small blind of 0.25",2026-03-20T02:06:55.565Z,177397241556510
"Player stacks: #1 ""blessed @ qCJm12-9Fn"" (159.50) | #2 ""Daveo da rula @ hL2HOafVVY"" (248.46) | #4 ""aden @ ukS_JNj8Jp"" (163.88) | #5 ""Goober @ xKINFe6J18"" (150.00) | #7 ""One Hour @ kqHgeLEP9s"" (71.50) | #8 ""fede @ qn6PIh4l_8"" (63.45) | #9 ""kai @ MHudt6juKp"" (159.21)",2026-03-20T02:06:55.565Z,177397241556502
"-- starting hand #42 (id: toxldprfqxkn)  No Limit Texas Hold'em (dealer: ""One Hour @ kqHgeLEP9s"") --",2026-03-20T02:06:55.565Z,177397241556501
"The player ""Goober @ xKINFe6J18"" joined the game with a stack of 150.00.",2026-03-20T02:06:55.565Z,177397241556500
"-- ending hand #41 --",2026-03-20T02:06:52.615Z,177397241261502
"""One Hour @ kqHgeLEP9s"" collected 3.50 from pot",2026-03-20T02:06:52.615Z,177397241261501
"Uncalled bet of 1.75 returned to ""One Hour @ kqHgeLEP9s""",2026-03-20T02:06:52.615Z,177397241261500
"""blessed @ qCJm12-9Fn"" folds",2026-03-20T02:06:51.748Z,177397241174800
"""One Hour @ kqHgeLEP9s"" bets 1.75",2026-03-20T02:06:49.738Z,177397240973800
"River: 8♥, 7♦, Q♥, 9♣ [4♦]",2026-03-20T02:06:47.115Z,177397240711500
"""blessed @ qCJm12-9Fn"" checks",2026-03-20T02:06:46.291Z,177397240629100
"""One Hour @ kqHgeLEP9s"" checks",2026-03-20T02:06:43.557Z,177397240355700
"Turn: 8♥, 7♦, Q♥ [9♣]",2026-03-20T02:06:42.812Z,177397240281200
"""fede @ qn6PIh4l_8"" folds",2026-03-20T02:06:41.978Z,177397240197800
"""One Hour @ kqHgeLEP9s"" calls 1.00",2026-03-20T02:06:41.036Z,177397240103600
"""blessed @ qCJm12-9Fn"" bets 1.00",2026-03-20T02:06:38.396Z,177397239839600
"""fede @ qn6PIh4l_8"" checks",2026-03-20T02:06:30.440Z,177397239044000
"""One Hour @ kqHgeLEP9s"" checks",2026-03-20T02:06:29.483Z,177397238948300
"Flop:  [8♥, 7♦, Q♥]",2026-03-20T02:06:27.092Z,177397238709200
"""fede @ qn6PIh4l_8"" checks",2026-03-20T02:06:26.288Z,177397238628800
"""One Hour @ kqHgeLEP9s"" calls 0.50",2026-03-20T02:06:21.645Z,177397238164500
"""aden @ ukS_JNj8Jp"" folds",2026-03-20T02:06:19.149Z,177397237914900
"""Daveo da rula @ hL2HOafVVY"" folds",2026-03-20T02:06:14.462Z,177397237446200
"""blessed @ qCJm12-9Fn"" calls 0.50",2026-03-20T02:06:10.010Z,177397237001000
"""kai @ MHudt6juKp"" folds",2026-03-20T02:06:08.111Z,177397236811100
"""fede @ qn6PIh4l_8"" posts a big blind of 0.50",2026-03-20T02:06:05.263Z,177397236526310
"""One Hour @ kqHgeLEP9s"" posts a small blind of 0.25",2026-03-20T02:06:05.263Z,177397236526309
"Player stacks: #1 ""blessed @ qCJm12-9Fn"" (161.00) | #2 ""Daveo da rula @ hL2HOafVVY"" (248.46) | #4 ""aden @ ukS_JNj8Jp"" (163.88) | #7 ""One Hour @ kqHgeLEP9s"" (69.50) | #8 ""fede @ qn6PIh4l_8"" (63.95) | #9 ""kai @ MHudt6juKp"" (159.21)",2026-03-20T02:06:05.263Z,177397236526302
"-- starting hand #41 (id: btgpzqaffyep)  No Limit Texas Hold'em (dealer: ""aden @ ukS_JNj8Jp"") --",2026-03-20T02:06:05.263Z,177397236526301
"The player ""blessed @ qCJm12-9Fn"" joined the game with a stack of 161.00.",2026-03-20T02:06:05.263Z,177397236526300
"-- ending hand #40 --",2026-03-20T02:06:02.353Z,177397236235302
"""One Hour @ kqHgeLEP9s"" collected 7.49 from pot",2026-03-20T02:06:02.353Z,177397236235301
"Uncalled bet of 5.61 returned to ""One Hour @ kqHgeLEP9s""",2026-03-20T02:06:02.353Z,177397236235300
"""Daveo da rula @ hL2HOafVVY"" folds",2026-03-20T02:06:01.398Z,177397236139800
"""One Hour @ kqHgeLEP9s"" raises to 7.48",2026-03-20T02:05:59.583Z,177397235958300
"""Daveo da rula @ hL2HOafVVY"" bets 1.87",2026-03-20T02:05:57.212Z,177397235721200
"""One Hour @ kqHgeLEP9s"" checks",2026-03-20T02:05:54.555Z,177397235455500
"River: A♣, K♠, 8♣, 6♣ [5♣]",2026-03-20T02:05:53.543Z,177397235354300
"""Daveo da rula @ hL2HOafVVY"" checks",2026-03-20T02:05:52.721Z,177397235272100
"""One Hour @ kqHgeLEP9s"" checks",2026-03-20T02:05:51.681Z,177397235168100
"Turn: A♣, K♠, 8♣ [6♣]",2026-03-20T02:05:51.086Z,177397235108600
"""Daveo da rula @ hL2HOafVVY"" checks",2026-03-20T02:05:50.280Z,177397235028000
"The admin approved the player ""blessed @ qCJm12-9Fn"" participation with a stack of 161.00.",2026-03-20T02:05:48.718Z,177397234871800
"""One Hour @ kqHgeLEP9s"" checks",2026-03-20T02:05:48.472Z,177397234847200
"Flop:  [A♣, K♠, 8♣]",2026-03-20T02:05:47.264Z,177397234726400
"""One Hour @ kqHgeLEP9s"" calls 1.75",2026-03-20T02:05:46.385Z,177397234638500
"""aden @ ukS_JNj8Jp"" folds",2026-03-20T02:05:44.577Z,177397234457700
"""Daveo da rula @ hL2HOafVVY"" raises to 1.75",2026-03-20T02:05:43.678Z,177397234367800
"""kai @ MHudt6juKp"" folds",2026-03-20T02:05:41.453Z,177397234145300
"""fede @ qn6PIh4l_8"" folds",2026-03-20T02:05:40.548Z,177397234054800
"The admin approved the player ""Goober @ xKINFe6J18"" participation with a stack of 150.00.",2026-03-20T02:05:36.224Z,177397233622400
"""One Hour @ kqHgeLEP9s"" posts a big blind of 0.50",2026-03-20T02:05:34.156Z,177397233415608
"""aden @ ukS_JNj8Jp"" posts a small blind of 0.25",2026-03-20T02:05:34.156Z,177397233415607
"Player stacks: #2 ""Daveo da rula @ hL2HOafVVY"" (252.08) | #4 ""aden @ ukS_JNj8Jp"" (164.13) | #7 ""One Hour @ kqHgeLEP9s"" (65.63) | #8 ""fede @ qn6PIh4l_8"" (63.95) | #9 ""kai @ MHudt6juKp"" (159.21)",2026-03-20T02:05:34.156Z,177397233415601
"-- starting hand #40 (id: ljo1hqqt90zz)  No Limit Texas Hold'em (dealer: ""Daveo da rula @ hL2HOafVVY"") --",2026-03-20T02:05:34.156Z,177397233415600
"""Daveo da rula @ hL2HOafVVY"" shows a 5♣, 8♣.",2026-03-20T02:05:32.521Z,177397233252100
"-- ending hand #39 --",2026-03-20T02:05:30.553Z,177397233055302
"""Daveo da rula @ hL2HOafVVY"" collected 40.00 from pot",2026-03-20T02:05:30.553Z,177397233055301
"Uncalled bet of 20.00 returned to ""Daveo da rula @ hL2HOafVVY""",2026-03-20T02:05:30.553Z,177397233055300
"""fede @ qn6PIh4l_8"" folds",2026-03-20T02:05:29.733Z,177397232973300
"The player ""Goober @ xKINFe6J18"" requested a seat.",2026-03-20T02:05:28.191Z,177397232819100
"""Daveo da rula @ hL2HOafVVY"" bets 20.00",2026-03-20T02:05:24.951Z,177397232495100
"River: 10♥, K♦, 8♠, 5♥ [6♠]",2026-03-20T02:05:11.426Z,177397231142600
"""fede @ qn6PIh4l_8"" calls 12.00",2026-03-20T02:05:10.582Z,177397231058200
"""Daveo da rula @ hL2HOafVVY"" bets 12.00",2026-03-20T02:05:06.913Z,177397230691300
"Turn: 10♥, K♦, 8♠ [5♥]",2026-03-20T02:05:03.013Z,177397230301300
"""kai @ MHudt6juKp"" folds",2026-03-20T02:05:02.185Z,177397230218500
"""fede @ qn6PIh4l_8"" calls 4.00",2026-03-20T02:05:00.515Z,177397230051500
"""Daveo da rula @ hL2HOafVVY"" bets 4.00",2026-03-20T02:04:57.402Z,177397229740200
"Flop:  [10♥, K♦, 8♠]",2026-03-20T02:04:52.091Z,177397229209100
"""kai @ MHudt6juKp"" calls 2.50",2026-03-20T02:04:51.274Z,177397229127400
"""fede @ qn6PIh4l_8"" calls 2.50",2026-03-20T02:04:50.328Z,177397229032800
"""aden @ ukS_JNj8Jp"" folds",2026-03-20T02:04:40.221Z,177397228022100
"""Daveo da rula @ hL2HOafVVY"" raises to 2.50",2026-03-20T02:04:39.175Z,177397227917500
"""kai @ MHudt6juKp"" calls 0.50",2026-03-20T02:04:35.976Z,177397227597600
"""fede @ qn6PIh4l_8"" calls 0.50",2026-03-20T02:04:34.677Z,177397227467700
"""One Hour @ kqHgeLEP9s"" folds",2026-03-20T02:04:33.386Z,177397227338600
"""aden @ ukS_JNj8Jp"" posts a big blind of 0.50",2026-03-20T02:04:30.710Z,177397227071008
"""Daveo da rula @ hL2HOafVVY"" posts a small blind of 0.25",2026-03-20T02:04:30.710Z,177397227071007
"Player stacks: #2 ""Daveo da rula @ hL2HOafVVY"" (230.58) | #4 ""aden @ ukS_JNj8Jp"" (164.63) | #7 ""One Hour @ kqHgeLEP9s"" (65.63) | #8 ""fede @ qn6PIh4l_8"" (82.45) | #9 ""kai @ MHudt6juKp"" (161.71)",2026-03-20T02:04:30.710Z,177397227071001
"-- starting hand #39 (id: qrti1ibhjvos)  No Limit Texas Hold'em (dealer: ""kai @ MHudt6juKp"") --",2026-03-20T02:04:30.710Z,177397227071000
"-- ending hand #38 --",2026-03-20T02:04:27.802Z,177397226780202
"""kai @ MHudt6juKp"" collected 4.50 from pot",2026-03-20T02:04:27.802Z,177397226780201
"Uncalled bet of 4.50 returned to ""kai @ MHudt6juKp""",2026-03-20T02:04:27.802Z,177397226780200
"""fede @ qn6PIh4l_8"" folds",2026-03-20T02:04:26.974Z,177397226697400
"""kai @ MHudt6juKp"" bets 4.50",2026-03-20T02:04:25.461Z,177397226546100
"Turn: A♣, 7♠, 7♦ [Q♣]",2026-03-20T02:04:21.871Z,177397226187100
"""fede @ qn6PIh4l_8"" checks",2026-03-20T02:04:21.040Z,177397226104000
"""kai @ MHudt6juKp"" checks",2026-03-20T02:04:18.910Z,177397225891000
"Flop:  [A♣, 7♠, 7♦]",2026-03-20T02:04:16.665Z,177397225666500
"""fede @ qn6PIh4l_8"" calls 2.00",2026-03-20T02:04:15.831Z,177397225583100
"""Daveo da rula @ hL2HOafVVY"" folds",2026-03-20T02:04:14.482Z,177397225448200
"""kai @ MHudt6juKp"" raises to 2.00",2026-03-20T02:04:13.493Z,177397225349300
"""fede @ qn6PIh4l_8"" calls 0.50",2026-03-20T02:04:10.404Z,177397225040400
"""One Hour @ kqHgeLEP9s"" folds",2026-03-20T02:04:08.393Z,177397224839300
"""aden @ ukS_JNj8Jp"" folds",2026-03-20T02:04:01.157Z,177397224115700
"""Daveo da rula @ hL2HOafVVY"" posts a big blind of 0.50",2026-03-20T02:03:59.633Z,177397223963309
"""kai @ MHudt6juKp"" posts a small blind of 0.25",2026-03-20T02:03:59.633Z,177397223963308
"Player stacks: #2 ""Daveo da rula @ hL2HOafVVY"" (231.08) | #4 ""aden @ ukS_JNj8Jp"" (164.63) | #7 ""One Hour @ kqHgeLEP9s"" (65.63) | #8 ""fede @ qn6PIh4l_8"" (84.45) | #9 ""kai @ MHudt6juKp"" (159.21)",2026-03-20T02:03:59.633Z,177397223963302
"-- starting hand #38 (id: trmbrjgtfyv1)  No Limit Texas Hold'em (dealer: ""fede @ qn6PIh4l_8"") --",2026-03-20T02:03:59.633Z,177397223963301
"The player ""cookies @ -il0pZMFV3"" quits the game with a stack of 0.00.",2026-03-20T02:03:59.633Z,177397223963300
"""kai @ MHudt6juKp"" shows a 10♦, 2♥.",2026-03-20T02:03:56.182Z,177397223618200
"-- ending hand #37 --",2026-03-20T02:03:55.925Z,177397223592501
"""Daveo da rula @ hL2HOafVVY"" collected 16.09 from pot with Pair, 4's (combination: 6♠, J♠, K♣, 4♠, 4♥)",2026-03-20T02:03:55.925Z,177397223592500
"River: J♠, 6♠, 4♥, 2♦ [K♣]",2026-03-20T02:03:51.917Z,177397223191700
"Turn: J♠, 6♠, 4♥ [2♦]",2026-03-20T02:03:47.914Z,177397222791400
"Flop:  [J♠, 6♠, 4♥]",2026-03-20T02:03:43.912Z,177397222391200
"""cookies @ -il0pZMFV3"" shows a Q♦, 10♥.",2026-03-20T02:03:39.906Z,177397221990601
"""Daveo da rula @ hL2HOafVVY"" shows a 5♣, 4♠.",2026-03-20T02:03:39.906Z,177397221990600
"""Daveo da rula @ hL2HOafVVY"" calls 7.67",2026-03-20T02:03:39.099Z,177397221909900
"""kai @ MHudt6juKp"" folds",2026-03-20T02:03:38.116Z,177397221811600
"""fede @ qn6PIh4l_8"" folds",2026-03-20T02:03:37.184Z,177397221718400
"""One Hour @ kqHgeLEP9s"" folds",2026-03-20T02:03:32.346Z,177397221234600
"""cookies @ -il0pZMFV3"" raises to 7.67 and go all in",2026-03-20T02:03:16.169Z,177397219616900
"""aden @ ukS_JNj8Jp"" folds",2026-03-20T02:03:14.265Z,177397219426500
"""Daveo da rula @ hL2HOafVVY"" raises to 1.75",2026-03-20T02:03:07.875Z,177397218787500
"""kai @ MHudt6juKp"" posts a big blind of 0.50",2026-03-20T02:03:04.629Z,177397218462909
"""fede @ qn6PIh4l_8"" posts a small blind of 0.25",2026-03-20T02:03:04.629Z,177397218462908
"Player stacks: #2 ""Daveo da rula @ hL2HOafVVY"" (222.66) | #4 ""aden @ ukS_JNj8Jp"" (164.63) | #6 ""cookies @ -il0pZMFV3"" (7.67) | #7 ""One Hour @ kqHgeLEP9s"" (65.63) | #8 ""fede @ qn6PIh4l_8"" (84.70) | #9 ""kai @ MHudt6juKp"" (159.71)",2026-03-20T02:03:04.629Z,177397218462901
"-- starting hand #37 (id: nberkvagcbmd)  No Limit Texas Hold'em (dealer: ""One Hour @ kqHgeLEP9s"") --",2026-03-20T02:03:04.629Z,177397218462900
"""aden @ ukS_JNj8Jp"" collected 12.50 from the 7-2 bounty",2026-03-20T02:03:01.711Z,177397218171105
"""One Hour @ kqHgeLEP9s"" paid 2.50 for the 7-2 bounty to ""aden @ ukS_JNj8Jp""",2026-03-20T02:03:01.711Z,177397218171104
"""Daveo da rula @ hL2HOafVVY"" paid 2.50 for the 7-2 bounty to ""aden @ ukS_JNj8Jp""",2026-03-20T02:03:01.711Z,177397218171103
"""kai @ MHudt6juKp"" paid 2.50 for the 7-2 bounty to ""aden @ ukS_JNj8Jp""",2026-03-20T02:03:01.711Z,177397218171102
"""fede @ qn6PIh4l_8"" paid 2.50 for the 7-2 bounty to ""aden @ ukS_JNj8Jp""",2026-03-20T02:03:01.711Z,177397218171101
"""cookies @ -il0pZMFV3"" paid 2.50 for the 7-2 bounty to ""aden @ ukS_JNj8Jp""",2026-03-20T02:03:01.711Z,177397218171100
"""aden @ ukS_JNj8Jp"" shows a 2♣, 7♥.",2026-03-20T02:02:58.573Z,177397217857300
"-- ending hand #36 --",2026-03-20T02:02:58.084Z,177397217808402
"""aden @ ukS_JNj8Jp"" collected 7.25 from pot",2026-03-20T02:02:58.084Z,177397217808401
"Uncalled bet of 3.62 returned to ""aden @ ukS_JNj8Jp""",2026-03-20T02:02:58.084Z,177397217808400
"""cookies @ -il0pZMFV3"" folds",2026-03-20T02:02:57.230Z,177397217723000
"""aden @ ukS_JNj8Jp"" bets 3.62",2026-03-20T02:02:55.859Z,177397217585900
"Flop:  [A♦, 7♦, 9♠]",2026-03-20T02:02:49.772Z,177397216977200
"""fede @ qn6PIh4l_8"" folds",2026-03-20T02:02:48.937Z,177397216893700
"""One Hour @ kqHgeLEP9s"" folds",2026-03-20T02:02:46.973Z,177397216697300
"""cookies @ -il0pZMFV3"" calls 3.25",2026-03-20T02:02:20.038Z,177397214003800
"""aden @ ukS_JNj8Jp"" raises to 3.25",2026-03-20T02:02:16.493Z,177397213649300
"""Daveo da rula @ hL2HOafVVY"" folds",2026-03-20T02:02:11.111Z,177397213111100
"""kai @ MHudt6juKp"" folds",2026-03-20T02:02:09.832Z,177397212983200
"""fede @ qn6PIh4l_8"" posts a big blind of 0.50",2026-03-20T02:02:08.442Z,177397212844209
"""One Hour @ kqHgeLEP9s"" posts a small blind of 0.25",2026-03-20T02:02:08.442Z,177397212844208
"Player stacks: #2 ""Daveo da rula @ hL2HOafVVY"" (225.16) | #4 ""aden @ ukS_JNj8Jp"" (148.13) | #6 ""cookies @ -il0pZMFV3"" (13.42) | #7 ""One Hour @ kqHgeLEP9s"" (68.38) | #8 ""fede @ qn6PIh4l_8"" (87.70) | #9 ""kai @ MHudt6juKp"" (162.21)",2026-03-20T02:02:08.442Z,177397212844201
"-- starting hand #36 (id: d58hlaq5qq0g)  No Limit Texas Hold'em (dealer: ""cookies @ -il0pZMFV3"") --",2026-03-20T02:02:08.442Z,177397212844200
"-- ending hand #35 --",2026-03-20T02:02:05.425Z,177397212542503
"""Daveo da rula @ hL2HOafVVY"" collected 7.49 from pot with Pair, 3's (combination: 8♣, J♠, Q♣, 3♣, 3♠)",2026-03-20T02:02:05.425Z,177397212542502
"""Daveo da rula @ hL2HOafVVY"" shows a 4♣, 3♣.",2026-03-20T02:02:05.425Z,177397212542501
"""One Hour @ kqHgeLEP9s"" shows a 9♦, K♠.",2026-03-20T02:02:05.425Z,177397212542500
"""Daveo da rula @ hL2HOafVVY"" checks",2026-03-20T02:02:04.549Z,177397212454900
"""One Hour @ kqHgeLEP9s"" checks",2026-03-20T02:02:03.293Z,177397212329300
"River: 6♦, J♠, Q♣, 3♠ [8♣]",2026-03-20T02:02:02.647Z,177397212264700
"""One Hour @ kqHgeLEP9s"" calls 1.87",2026-03-20T02:02:01.802Z,177397212180200
"""Daveo da rula @ hL2HOafVVY"" bets 1.87",2026-03-20T02:02:00.631Z,177397212063100
"""One Hour @ kqHgeLEP9s"" checks",2026-03-20T02:01:58.124Z,177397211812400
"Turn: 6♦, J♠, Q♣ [3♠]",2026-03-20T02:01:56.856Z,177397211685600
"""Daveo da rula @ hL2HOafVVY"" checks",2026-03-20T02:01:56.044Z,177397211604400
"""One Hour @ kqHgeLEP9s"" checks",2026-03-20T02:01:49.136Z,177397210913600
"Flop:  [6♦, J♠, Q♣]",2026-03-20T02:01:47.788Z,177397210778800
"""One Hour @ kqHgeLEP9s"" calls 1.75",2026-03-20T02:01:46.963Z,177397210696300
"""cookies @ -il0pZMFV3"" folds",2026-03-20T02:01:43.315Z,177397210331500
"""aden @ ukS_JNj8Jp"" folds",2026-03-20T02:01:42.471Z,177397210247100
"""Daveo da rula @ hL2HOafVVY"" raises to 1.75",2026-03-20T02:01:41.544Z,177397210154400
"""kai @ MHudt6juKp"" folds",2026-03-20T02:01:30.839Z,177397209083900
"""fede @ qn6PIh4l_8"" folds",2026-03-20T02:01:29.910Z,177397208991000
"""One Hour @ kqHgeLEP9s"" posts a big blind of 0.50",2026-03-20T02:01:22.167Z,177397208216709
"""cookies @ -il0pZMFV3"" posts a small blind of 0.25",2026-03-20T02:01:22.167Z,177397208216708
"Player stacks: #2 ""Daveo da rula @ hL2HOafVVY"" (221.29) | #4 ""aden @ ukS_JNj8Jp"" (148.13) | #6 ""cookies @ -il0pZMFV3"" (13.67) | #7 ""One Hour @ kqHgeLEP9s"" (72.00) | #8 ""fede @ qn6PIh4l_8"" (87.70) | #9 ""kai @ MHudt6juKp"" (162.21)",2026-03-20T02:01:22.167Z,177397208216701
"-- starting hand #35 (id: vnvnr50h4i5e)  No Limit Texas Hold'em (dealer: ""aden @ ukS_JNj8Jp"") --",2026-03-20T02:01:22.167Z,177397208216700
"""kai @ MHudt6juKp"" shows a A♣.",2026-03-20T02:01:19.036Z,177397207903600
"-- ending hand #34 --",2026-03-20T02:01:18.557Z,177397207855702
"""aden @ ukS_JNj8Jp"" collected 27.00 from pot",2026-03-20T02:01:18.557Z,177397207855701
"Uncalled bet of 13.50 returned to ""aden @ ukS_JNj8Jp""",2026-03-20T02:01:18.557Z,177397207855700
"""kai @ MHudt6juKp"" folds",2026-03-20T02:01:17.723Z,177397207772300
"""aden @ ukS_JNj8Jp"" bets 13.50",2026-03-20T02:01:14.926Z,177397207492600
"River: Q♠, A♠, 3♠, 2♦ [8♠]",2026-03-20T02:01:12.078Z,177397207207800
"The player ""blessed @ qCJm12-9Fn"" requested a seat.",2026-03-20T02:01:11.646Z,177397207164600
"""kai @ MHudt6juKp"" checks",2026-03-20T02:01:11.229Z,177397207122900
"""aden @ ukS_JNj8Jp"" checks",2026-03-20T02:01:10.076Z,177397207007600
"Turn: Q♠, A♠, 3♠ [2♦]",2026-03-20T02:00:57.351Z,177397205735100
"""kai @ MHudt6juKp"" calls 6.75",2026-03-20T02:00:56.474Z,177397205647400
"""aden @ ukS_JNj8Jp"" bets 6.75",2026-03-20T02:00:53.651Z,177397205365100
"Flop:  [Q♠, A♠, 3♠]",2026-03-20T02:00:47.932Z,177397204793200
"""kai @ MHudt6juKp"" calls 6.50",2026-03-20T02:00:47.061Z,177397204706100
"""cookies @ -il0pZMFV3"" folds",2026-03-20T02:00:43.049Z,177397204304900
"""aden @ ukS_JNj8Jp"" raises to 6.50",2026-03-20T02:00:41.930Z,177397204193000
"""Daveo da rula @ hL2HOafVVY"" folds",2026-03-20T02:00:31.609Z,177397203160900
"""kai @ MHudt6juKp"" raises to 2.00",2026-03-20T02:00:30.452Z,177397203045200
"""fede @ qn6PIh4l_8"" folds",2026-03-20T02:00:27.652Z,177397202765200
"""One Hour @ kqHgeLEP9s"" folds",2026-03-20T02:00:24.725Z,177397202472500
"""cookies @ -il0pZMFV3"" posts a big blind of 0.50",2026-03-20T02:00:21.776Z,177397202177609
"""aden @ ukS_JNj8Jp"" posts a small blind of 0.25",2026-03-20T02:00:21.776Z,177397202177608
"Player stacks: #2 ""Daveo da rula @ hL2HOafVVY"" (221.29) | #4 ""aden @ ukS_JNj8Jp"" (134.38) | #6 ""cookies @ -il0pZMFV3"" (14.17) | #7 ""One Hour @ kqHgeLEP9s"" (72.00) | #8 ""fede @ qn6PIh4l_8"" (87.70) | #9 ""kai @ MHudt6juKp"" (175.46)",2026-03-20T02:00:21.776Z,177397202177601
"-- starting hand #34 (id: aowc0qxerfki)  No Limit Texas Hold'em (dealer: ""Daveo da rula @ hL2HOafVVY"") --",2026-03-20T02:00:21.776Z,177397202177600
"-- ending hand #33 --",2026-03-20T02:00:18.756Z,177397201875603
"""kai @ MHudt6juKp"" collected 60.91 from pot with Pair, K's (combination: 6♦, 10♥, Q♣, K♥, K♠)",2026-03-20T02:00:18.756Z,177397201875602
"""kai @ MHudt6juKp"" shows a Q♣, K♥.",2026-03-20T02:00:18.756Z,177397201875601
"""fede @ qn6PIh4l_8"" shows a 5♦, K♦.",2026-03-20T02:00:18.756Z,177397201875600
"""kai @ MHudt6juKp"" checks",2026-03-20T02:00:17.912Z,177397201791200
"""fede @ qn6PIh4l_8"" checks",2026-03-20T02:00:17.008Z,177397201700800
"River: 2♦, 6♦, K♠, 10♥ [3♥]",2026-03-20T02:00:10.306Z,177397201030600
"""fede @ qn6PIh4l_8"" calls 18.27",2026-03-20T02:00:09.482Z,177397200948200
"""kai @ MHudt6juKp"" bets 18.27",2026-03-20T02:00:03.989Z,177397200398900
"""fede @ qn6PIh4l_8"" checks",2026-03-20T01:59:59.572Z,177397199957200
"Turn: 2♦, 6♦, K♠ [10♥]",2026-03-20T01:59:55.750Z,177397199575000
"""fede @ qn6PIh4l_8"" calls 7.31",2026-03-20T01:59:54.892Z,177397199489200
"""One Hour @ kqHgeLEP9s"" folds",2026-03-20T01:59:52.057Z,177397199205700
"""kai @ MHudt6juKp"" bets 7.31",2026-03-20T01:59:49.834Z,177397198983400
"""fede @ qn6PIh4l_8"" checks",2026-03-20T01:59:45.540Z,177397198554000
"The player ""blessed @ qCJm12-9Fn"" canceled the seat request.",2026-03-20T01:59:44.549Z,177397198454900
"""One Hour @ kqHgeLEP9s"" checks",2026-03-20T01:59:40.453Z,177397198045300
"Flop:  [2♦, 6♦, K♠]",2026-03-20T01:59:38.539Z,177397197853900
"""fede @ qn6PIh4l_8"" calls 3.00",2026-03-20T01:59:37.724Z,177397197772400
"""One Hour @ kqHgeLEP9s"" calls 3.00",2026-03-20T01:59:36.042Z,177397197604200
"""aden @ ukS_JNj8Jp"" folds",2026-03-20T01:59:33.531Z,177397197353100
"The player ""blessed @ qCJm12-9Fn"" requested a seat.",2026-03-20T01:59:30.699Z,177397197069900
"""Daveo da rula @ hL2HOafVVY"" folds",2026-03-20T01:59:14.199Z,177397195419900
"""kai @ MHudt6juKp"" raises to 3.00",2026-03-20T01:58:56.871Z,177397193687100
"""fede @ qn6PIh4l_8"" calls 0.50",2026-03-20T01:58:54.174Z,177397193417400
"""One Hour @ kqHgeLEP9s"" calls 0.50",2026-03-20T01:58:52.644Z,177397193264400
"""cookies @ -il0pZMFV3"" folds",2026-03-20T01:58:49.858Z,177397192985800
"""aden @ ukS_JNj8Jp"" posts a big blind of 0.50",2026-03-20T01:58:48.963Z,177397192896309
"""Daveo da rula @ hL2HOafVVY"" posts a small blind of 0.25",2026-03-20T01:58:48.963Z,177397192896308
"Player stacks: #2 ""Daveo da rula @ hL2HOafVVY"" (221.54) | #4 ""aden @ ukS_JNj8Jp"" (134.88) | #6 ""cookies @ -il0pZMFV3"" (14.17) | #7 ""One Hour @ kqHgeLEP9s"" (75.00) | #8 ""fede @ qn6PIh4l_8"" (116.28) | #9 ""kai @ MHudt6juKp"" (143.13)",2026-03-20T01:58:48.963Z,177397192896301
"-- starting hand #33 (id: 7lg3zvdtdse5)  No Limit Texas Hold'em (dealer: ""kai @ MHudt6juKp"") --",2026-03-20T01:58:48.963Z,177397192896300
"-- ending hand #32 --",2026-03-20T01:58:46.045Z,177397192604502
"""fede @ qn6PIh4l_8"" collected 5.25 from pot",2026-03-20T01:58:46.045Z,177397192604501
"Uncalled bet of 14.17 returned to ""fede @ qn6PIh4l_8""",2026-03-20T01:58:46.045Z,177397192604500
"""cookies @ -il0pZMFV3"" folds",2026-03-20T01:58:45.239Z,177397192523900
"""fede @ qn6PIh4l_8"" bets 14.17",2026-03-20T01:58:44.270Z,177397192427000
"""cookies @ -il0pZMFV3"" checks",2026-03-20T01:58:41.839Z,177397192183900
"Flop:  [8♥, A♣, 5♣]",2026-03-20T01:58:39.757Z,177397191975700
"""cookies @ -il0pZMFV3"" calls 2.25",2026-03-20T01:58:38.954Z,177397191895400
"""Daveo da rula @ hL2HOafVVY"" folds",2026-03-20T01:58:38.053Z,177397191805300
"""kai @ MHudt6juKp"" folds",2026-03-20T01:58:21.805Z,177397190180500
"""fede @ qn6PIh4l_8"" raises to 2.25",2026-03-20T01:58:20.881Z,177397190088100
"""One Hour @ kqHgeLEP9s"" folds",2026-03-20T01:58:13.039Z,177397189303900
"""cookies @ -il0pZMFV3"" calls 0.50",2026-03-20T01:58:12.057Z,177397189205700
"""aden @ ukS_JNj8Jp"" folds",2026-03-20T01:58:11.227Z,177397189122700
"""Daveo da rula @ hL2HOafVVY"" posts a big blind of 0.50",2026-03-20T01:58:00.069Z,177397188006910
"""kai @ MHudt6juKp"" posts a small blind of 0.25",2026-03-20T01:58:00.069Z,177397188006909
"Player stacks: #2 ""Daveo da rula @ hL2HOafVVY"" (222.04) | #4 ""aden @ ukS_JNj8Jp"" (134.88) | #6 ""cookies @ -il0pZMFV3"" (16.42) | #7 ""One Hour @ kqHgeLEP9s"" (75.00) | #8 ""fede @ qn6PIh4l_8"" (113.28) | #9 ""kai @ MHudt6juKp"" (143.38)",2026-03-20T01:58:00.069Z,177397188006902
"-- starting hand #32 (id: oajdhfybbxal)  No Limit Texas Hold'em (dealer: ""fede @ qn6PIh4l_8"") --",2026-03-20T01:58:00.069Z,177397188006901
"The player ""One Hour @ kqHgeLEP9s"" joined the game with a stack of 75.00.",2026-03-20T01:58:00.069Z,177397188006900
"-- ending hand #31 --",2026-03-20T01:57:57.090Z,177397187709002
"""kai @ MHudt6juKp"" collected 4.50 from pot",2026-03-20T01:57:57.090Z,177397187709001
"Uncalled bet of 2.25 returned to ""kai @ MHudt6juKp""",2026-03-20T01:57:57.090Z,177397187709000
"""cookies @ -il0pZMFV3"" folds",2026-03-20T01:57:56.287Z,177397187628700
"""kai @ MHudt6juKp"" bets 2.25",2026-03-20T01:57:55.374Z,177397187537400
"Turn: 8♠, J♦, 3♦ [4♥]",2026-03-20T01:57:53.261Z,177397187326100
"""cookies @ -il0pZMFV3"" checks",2026-03-20T01:57:52.430Z,177397187243000
"""kai @ MHudt6juKp"" checks",2026-03-20T01:57:50.901Z,177397187090100
"Flop:  [8♠, J♦, 3♦]",2026-03-20T01:57:49.173Z,177397186917300
"""fede @ qn6PIh4l_8"" folds",2026-03-20T01:57:48.340Z,177397186834000
"""cookies @ -il0pZMFV3"" calls 2.00",2026-03-20T01:57:44.682Z,177397186468200
"""kai @ MHudt6juKp"" raises to 2.00",2026-03-20T01:57:43.565Z,177397186356500
"""fede @ qn6PIh4l_8"" calls 0.50",2026-03-20T01:57:39.108Z,177397185910800
"""cookies @ -il0pZMFV3"" calls 0.50",2026-03-20T01:57:23.828Z,177397184382800
"""aden @ ukS_JNj8Jp"" folds",2026-03-20T01:57:22.956Z,177397184295600
"""Daveo da rula @ hL2HOafVVY"" folds",2026-03-20T01:57:21.989Z,177397184198900
"""kai @ MHudt6juKp"" posts a big blind of 0.50",2026-03-20T01:57:17.496Z,177397183749608
"""fede @ qn6PIh4l_8"" posts a small blind of 0.25",2026-03-20T01:57:17.496Z,177397183749607
"Player stacks: #2 ""Daveo da rula @ hL2HOafVVY"" (222.04) | #4 ""aden @ ukS_JNj8Jp"" (134.88) | #6 ""cookies @ -il0pZMFV3"" (18.42) | #8 ""fede @ qn6PIh4l_8"" (113.78) | #9 ""kai @ MHudt6juKp"" (140.88)",2026-03-20T01:57:17.496Z,177397183749601
"-- starting hand #31 (id: g19gme1nkkma)  No Limit Texas Hold'em (dealer: ""cookies @ -il0pZMFV3"") --",2026-03-20T01:57:17.496Z,177397183749600
"The admin approved the player ""One Hour @ kqHgeLEP9s"" participation with a stack of 75.00.",2026-03-20T01:57:15.859Z,177397183585900
"-- ending hand #30 --",2026-03-20T01:57:14.547Z,177397183454702
"""kai @ MHudt6juKp"" collected 1.25 from pot",2026-03-20T01:57:14.547Z,177397183454701
"Uncalled bet of 1.50 returned to ""kai @ MHudt6juKp""",2026-03-20T01:57:14.547Z,177397183454700
"""fede @ qn6PIh4l_8"" folds",2026-03-20T01:57:13.724Z,177397183372400
"""cookies @ -il0pZMFV3"" folds",2026-03-20T01:57:11.330Z,177397183133000
"""aden @ ukS_JNj8Jp"" folds",2026-03-20T01:57:10.464Z,177397183046400
"""Daveo da rula @ hL2HOafVVY"" folds",2026-03-20T01:57:09.459Z,177397182945900
"""kai @ MHudt6juKp"" raises to 2.00",2026-03-20T01:57:06.409Z,177397182640900
"""fede @ qn6PIh4l_8"" posts a big blind of 0.50",2026-03-20T01:57:03.274Z,177397182327408
"""cookies @ -il0pZMFV3"" posts a small blind of 0.25",2026-03-20T01:57:03.274Z,177397182327407
"Player stacks: #2 ""Daveo da rula @ hL2HOafVVY"" (222.04) | #4 ""aden @ ukS_JNj8Jp"" (134.88) | #6 ""cookies @ -il0pZMFV3"" (18.67) | #8 ""fede @ qn6PIh4l_8"" (114.28) | #9 ""kai @ MHudt6juKp"" (140.13)",2026-03-20T01:57:03.274Z,177397182327401
"-- starting hand #30 (id: snsdnunp6mzp)  No Limit Texas Hold'em (dealer: ""aden @ ukS_JNj8Jp"") --",2026-03-20T01:57:03.274Z,177397182327400
"-- ending hand #29 --",2026-03-20T01:57:00.253Z,177397182025302
"""kai @ MHudt6juKp"" collected 21.75 from pot with Pair, A's (combination: 9♠, 10♥, K♥, A♦, A♠)",2026-03-20T01:57:00.253Z,177397182025301
"""kai @ MHudt6juKp"" shows a K♥, A♦.",2026-03-20T01:57:00.253Z,177397182025300
"""cookies @ -il0pZMFV3"" calls 7.25",2026-03-20T01:56:59.402Z,177397181940200
"""kai @ MHudt6juKp"" bets 7.25",2026-03-20T01:56:58.392Z,177397181839200
"""cookies @ -il0pZMFV3"" checks",2026-03-20T01:56:55.073Z,177397181507300
"River: 6♠, A♠, 10♥, 9♠ [5♣]",2026-03-20T01:56:53.074Z,177397181307400
"""kai @ MHudt6juKp"" checks",2026-03-20T01:56:52.266Z,177397181226600
"""cookies @ -il0pZMFV3"" checks",2026-03-20T01:56:51.354Z,177397181135400
"Turn: 6♠, A♠, 10♥ [9♠]",2026-03-20T01:56:50.329Z,177397181032900
"""cookies @ -il0pZMFV3"" calls 1.50",2026-03-20T01:56:49.482Z,177397180948200
"""kai @ MHudt6juKp"" bets 1.50",2026-03-20T01:56:47.260Z,177397180726000
"""cookies @ -il0pZMFV3"" checks",2026-03-20T01:56:44.221Z,177397180422100
"Flop:  [6♠, A♠, 10♥]",2026-03-20T01:56:42.873Z,177397180287300
"""cookies @ -il0pZMFV3"" calls 2.00",2026-03-20T01:56:42.058Z,177397180205800
"""aden @ ukS_JNj8Jp"" folds",2026-03-20T01:56:40.661Z,177397180066100
"""Daveo da rula @ hL2HOafVVY"" folds",2026-03-20T01:56:34.876Z,177397179487600
"""kai @ MHudt6juKp"" raises to 2.00",2026-03-20T01:56:33.921Z,177397179392100
"""fede @ qn6PIh4l_8"" folds",2026-03-20T01:56:29.645Z,177397178964500
"""cookies @ -il0pZMFV3"" posts a big blind of 0.50",2026-03-20T01:56:25.921Z,177397178592109
"""aden @ ukS_JNj8Jp"" posts a small blind of 0.25",2026-03-20T01:56:25.921Z,177397178592108
"Player stacks: #2 ""Daveo da rula @ hL2HOafVVY"" (222.04) | #4 ""aden @ ukS_JNj8Jp"" (135.13) | #6 ""cookies @ -il0pZMFV3"" (29.42) | #8 ""fede @ qn6PIh4l_8"" (114.28) | #9 ""kai @ MHudt6juKp"" (129.13)",2026-03-20T01:56:25.921Z,177397178592102
"-- starting hand #29 (id: 1pgugqfwwehj)  No Limit Texas Hold'em (dead button) --",2026-03-20T01:56:25.921Z,177397178592101
"The player ""Robopop @ vs_YqdtE2l"" quits the game with a stack of 0.00.",2026-03-20T01:56:25.921Z,177397178592100
"-- ending hand #28 --",2026-03-20T01:56:22.915Z,177397178291503
"""aden @ ukS_JNj8Jp"" collected 70.00 from pot with Pair, 9's (combination: 6♥, 8♥, A♥, 9♣, 9♥)",2026-03-20T01:56:22.915Z,177397178291502
"""aden @ ukS_JNj8Jp"" shows a 9♣, A♥.",2026-03-20T01:56:22.915Z,177397178291501
"""Robopop @ vs_YqdtE2l"" shows a 2♥, 7♣.",2026-03-20T01:56:22.915Z,177397178291500
"""aden @ ukS_JNj8Jp"" calls 21.50",2026-03-20T01:56:22.038Z,177397178203800
"""Robopop @ vs_YqdtE2l"" bets 21.50 and go all in",2026-03-20T01:56:21.091Z,177397178109100
"River: 9♥, 2♣, 4♦, 8♥ [6♥]",2026-03-20T01:56:15.820Z,177397177582000
"""aden @ ukS_JNj8Jp"" checks",2026-03-20T01:56:14.972Z,177397177497200
"""Robopop @ vs_YqdtE2l"" checks",2026-03-20T01:56:14.009Z,177397177400900
"Turn: 9♥, 2♣, 4♦ [8♥]",2026-03-20T01:56:07.297Z,177397176729700
"""aden @ ukS_JNj8Jp"" calls 9.75",2026-03-20T01:56:06.471Z,177397176647100
"""Robopop @ vs_YqdtE2l"" raises to 9.75",2026-03-20T01:56:04.223Z,177397176422300
"""cookies @ -il0pZMFV3"" folds",2026-03-20T01:55:57.700Z,177397175770000
"""aden @ ukS_JNj8Jp"" bets 3.75",2026-03-20T01:55:56.857Z,177397175685700
"""Robopop @ vs_YqdtE2l"" checks",2026-03-20T01:55:54.738Z,177397175473800
"Flop:  [9♥, 2♣, 4♦]",2026-03-20T01:55:52.695Z,177397175269500
"""cookies @ -il0pZMFV3"" calls 2.50",2026-03-20T01:55:51.892Z,177397175189200
"""aden @ ukS_JNj8Jp"" calls 2.50",2026-03-20T01:55:50.701Z,177397175070100
"The player ""One Hour @ kqHgeLEP9s"" requested a seat.",2026-03-20T01:55:50.681Z,177397175068100
"""Robopop @ vs_YqdtE2l"" raises to 2.50",2026-03-20T01:55:40.252Z,177397174025200
"""Daveo da rula @ hL2HOafVVY"" folds",2026-03-20T01:55:36.210Z,177397173621000
"""kai @ MHudt6juKp"" folds",2026-03-20T01:55:35.204Z,177397173520400
"""fede @ qn6PIh4l_8"" folds",2026-03-20T01:55:34.308Z,177397173430800
"""cookies @ -il0pZMFV3"" calls 0.50",2026-03-20T01:55:32.828Z,177397173282800
"""aden @ ukS_JNj8Jp"" posts a big blind of 0.50",2026-03-20T01:55:30.884Z,177397173088409
"""Robopop @ vs_YqdtE2l"" posts a small blind of 0.25",2026-03-20T01:55:30.884Z,177397173088408
"Player stacks: #2 ""Daveo da rula @ hL2HOafVVY"" (222.04) | #3 ""Robopop @ vs_YqdtE2l"" (33.75) | #4 ""aden @ ukS_JNj8Jp"" (98.88) | #6 ""cookies @ -il0pZMFV3"" (31.92) | #8 ""fede @ qn6PIh4l_8"" (114.28) | #9 ""kai @ MHudt6juKp"" (129.13)",2026-03-20T01:55:30.884Z,177397173088401
"-- starting hand #28 (id: x51jpryfy1ev)  No Limit Texas Hold'em (dealer: ""Daveo da rula @ hL2HOafVVY"") --",2026-03-20T01:55:30.884Z,177397173088400
"-- ending hand #27 --",2026-03-20T01:55:27.874Z,177397172787403
"""aden @ ukS_JNj8Jp"" collected 34.49 from pot with Pair, A's (combination: 5♣, 6♥, 10♥, A♦, A♣)",2026-03-20T01:55:27.874Z,177397172787402
"""aden @ ukS_JNj8Jp"" shows a A♦, 10♥.",2026-03-20T01:55:27.874Z,177397172787401
"""Daveo da rula @ hL2HOafVVY"" shows a 8♠, 8♥.",2026-03-20T01:55:27.874Z,177397172787400
"""aden @ ukS_JNj8Jp"" checks",2026-03-20T01:55:27.047Z,177397172704700
"""Daveo da rula @ hL2HOafVVY"" checks",2026-03-20T01:55:26.029Z,177397172602900
"River: 3♣, 4♣, A♣, 6♥ [5♣]",2026-03-20T01:55:25.105Z,177397172510500
"""aden @ ukS_JNj8Jp"" calls 8.62",2026-03-20T01:55:24.282Z,177397172428200
"""Daveo da rula @ hL2HOafVVY"" bets 8.62",2026-03-20T01:55:23.315Z,177397172331500
"Turn: 3♣, 4♣, A♣ [6♥]",2026-03-20T01:55:20.633Z,177397172063300
"""aden @ ukS_JNj8Jp"" checks",2026-03-20T01:55:19.781Z,177397171978100
"""Daveo da rula @ hL2HOafVVY"" checks",2026-03-20T01:55:18.700Z,177397171870000
"Flop:  [3♣, 4♣, A♣]",2026-03-20T01:55:16.230Z,177397171623000
"""fede @ qn6PIh4l_8"" folds",2026-03-20T01:55:15.385Z,177397171538500
"""aden @ ukS_JNj8Jp"" calls 7.50",2026-03-20T01:55:13.260Z,177397171326000
"""Robopop @ vs_YqdtE2l"" folds",2026-03-20T01:55:09.601Z,177397170960100
"""Daveo da rula @ hL2HOafVVY"" raises to 7.50",2026-03-20T01:55:08.670Z,177397170867000
"""kai @ MHudt6juKp"" folds",2026-03-20T01:55:06.487Z,177397170648700
"""fede @ qn6PIh4l_8"" calls 1.75",2026-03-20T01:55:01.867Z,177397170186700
"""cookies @ -il0pZMFV3"" folds",2026-03-20T01:54:58.207Z,177397169820700
"""aden @ ukS_JNj8Jp"" raises to 1.75",2026-03-20T01:54:57.350Z,177397169735000
"""Robopop @ vs_YqdtE2l"" posts a big blind of 0.50",2026-03-20T01:54:54.503Z,177397169450309
"""Daveo da rula @ hL2HOafVVY"" posts a small blind of 0.25",2026-03-20T01:54:54.503Z,177397169450308
"Player stacks: #2 ""Daveo da rula @ hL2HOafVVY"" (238.16) | #3 ""Robopop @ vs_YqdtE2l"" (34.25) | #4 ""aden @ ukS_JNj8Jp"" (80.51) | #6 ""cookies @ -il0pZMFV3"" (31.92) | #8 ""fede @ qn6PIh4l_8"" (116.03) | #9 ""kai @ MHudt6juKp"" (129.13)",2026-03-20T01:54:54.503Z,177397169450301
"-- starting hand #27 (id: mpcwvxss6g7h)  No Limit Texas Hold'em (dealer: ""kai @ MHudt6juKp"") --",2026-03-20T01:54:54.503Z,177397169450300
"-- ending hand #26 --",2026-03-20T01:54:51.587Z,177397169158702
"""fede @ qn6PIh4l_8"" collected 42.41 from pot",2026-03-20T01:54:51.587Z,177397169158701
"Uncalled bet of 31.92 returned to ""fede @ qn6PIh4l_8""",2026-03-20T01:54:51.587Z,177397169158700
"""cookies @ -il0pZMFV3"" folds",2026-03-20T01:54:50.745Z,177397169074500
"""fede @ qn6PIh4l_8"" raises to 42.52",2026-03-20T01:54:49.273Z,177397168927300
"""cookies @ -il0pZMFV3"" bets 10.60",2026-03-20T01:54:37.736Z,177397167773600
"River: 7♠, 7♦, K♦, A♠ [2♥]",2026-03-20T01:54:32.612Z,177397167261200
"""fede @ qn6PIh4l_8"" calls 6.36",2026-03-20T01:54:31.806Z,177397167180600
"""cookies @ -il0pZMFV3"" bets 6.36",2026-03-20T01:54:27.330Z,177397166733000
"Turn: 7♠, 7♦, K♦ [A♠]",2026-03-20T01:54:21.483Z,177397166148300
"""fede @ qn6PIh4l_8"" calls 2.12",2026-03-20T01:54:20.638Z,177397166063800
"""cookies @ -il0pZMFV3"" bets 2.12",2026-03-20T01:54:17.003Z,177397165700300
"Flop:  [7♠, 7♦, K♦]",2026-03-20T01:54:12.707Z,177397165270700
"""Daveo da rula @ hL2HOafVVY"" folds",2026-03-20T01:54:11.904Z,177397165190400
"""kai @ MHudt6juKp"" folds",2026-03-20T01:54:10.897Z,177397165089700
"""fede @ qn6PIh4l_8"" calls 1.75",2026-03-20T01:54:09.951Z,177397164995100
"""cookies @ -il0pZMFV3"" raises to 1.75",2026-03-20T01:54:05.639Z,177397164563900
"""aden @ ukS_JNj8Jp"" folds",2026-03-20T01:54:03.825Z,177397164382500
"""Robopop @ vs_YqdtE2l"" folds",2026-03-20T01:53:53.181Z,177397163318100
"""Daveo da rula @ hL2HOafVVY"" posts a big blind of 0.50",2026-03-20T01:53:52.156Z,177397163215609
"""kai @ MHudt6juKp"" posts a small blind of 0.25",2026-03-20T01:53:52.156Z,177397163215608
"Player stacks: #2 ""Daveo da rula @ hL2HOafVVY"" (238.66) | #3 ""Robopop @ vs_YqdtE2l"" (34.25) | #4 ""aden @ ukS_JNj8Jp"" (80.51) | #6 ""cookies @ -il0pZMFV3"" (52.75) | #8 ""fede @ qn6PIh4l_8"" (94.45) | #9 ""kai @ MHudt6juKp"" (129.38)",2026-03-20T01:53:52.156Z,177397163215601
"-- starting hand #26 (id: gingwxhkq4hf)  No Limit Texas Hold'em (dealer: ""fede @ qn6PIh4l_8"") --",2026-03-20T01:53:52.156Z,177397163215600
"-- ending hand #25 --",2026-03-20T01:53:49.157Z,177397162915702
"""aden @ ukS_JNj8Jp"" collected 5.25 from pot",2026-03-20T01:53:49.157Z,177397162915701
"Uncalled bet of 2.62 returned to ""aden @ ukS_JNj8Jp""",2026-03-20T01:53:49.157Z,177397162915700
"""Robopop @ vs_YqdtE2l"" folds",2026-03-20T01:53:48.330Z,177397162833000
"""aden @ ukS_JNj8Jp"" bets 2.62",2026-03-20T01:53:46.924Z,177397162692400
"""Robopop @ vs_YqdtE2l"" checks",2026-03-20T01:53:44.633Z,177397162463300
"Flop:  [4♦, 6♣, 2♠]",2026-03-20T01:53:42.549Z,177397162254900
"""Robopop @ vs_YqdtE2l"" calls 2.25",2026-03-20T01:53:41.698Z,177397162169800
"""kai @ MHudt6juKp"" folds",2026-03-20T01:53:39.445Z,177397161944500
"""fede @ qn6PIh4l_8"" folds",2026-03-20T01:53:38.479Z,177397161847900
"""cookies @ -il0pZMFV3"" folds",2026-03-20T01:53:36.762Z,177397161676200
"""aden @ ukS_JNj8Jp"" raises to 2.25",2026-03-20T01:53:35.920Z,177397161592000
"""Robopop @ vs_YqdtE2l"" calls 0.50",2026-03-20T01:53:32.255Z,177397161225500
"""Daveo da rula @ hL2HOafVVY"" folds",2026-03-20T01:53:31.021Z,177397161102100
"""kai @ MHudt6juKp"" posts a big blind of 0.50",2026-03-20T01:53:30.005Z,177397161000510
"""fede @ qn6PIh4l_8"" posts a small blind of 0.25",2026-03-20T01:53:30.005Z,177397161000509
"Player stacks: #2 ""Daveo da rula @ hL2HOafVVY"" (238.66) | #3 ""Robopop @ vs_YqdtE2l"" (36.50) | #4 ""aden @ ukS_JNj8Jp"" (77.51) | #6 ""cookies @ -il0pZMFV3"" (52.75) | #8 ""fede @ qn6PIh4l_8"" (94.70) | #9 ""kai @ MHudt6juKp"" (129.88)",2026-03-20T01:53:30.005Z,177397161000502
"-- starting hand #25 (id: 0oeslm85ncdm)  No Limit Texas Hold'em (dealer: ""cookies @ -il0pZMFV3"") --",2026-03-20T01:53:30.005Z,177397161000501
"The player ""jyt @ vz-F2AWZjE"" quits the game with a stack of 0.00.",2026-03-20T01:53:30.005Z,177397161000500
"""aden @ ukS_JNj8Jp"" shows a 7♥, A♥.",2026-03-20T01:53:27.381Z,177397160738100
"""kai @ MHudt6juKp"" shows a Q♦.",2026-03-20T01:53:26.467Z,177397160646700
"-- ending hand #24 --",2026-03-20T01:53:25.600Z,177397160560001
"""Daveo da rula @ hL2HOafVVY"" collected 85.07 from pot with Straight, A High (combination: 10♥, J♣, Q♠, K♦, A♠)",2026-03-20T01:53:25.600Z,177397160560000
"River: K♦, 6♥, 10♥, Q♠ [7♣]",2026-03-20T01:53:21.591Z,177397160159100
"Turn: K♦, 6♥, 10♥ [Q♠]",2026-03-20T01:53:17.565Z,177397159756500
"Flop:  [K♦, 6♥, 10♥]",2026-03-20T01:53:13.562Z,177397159356200
"""jyt @ vz-F2AWZjE"" shows a A♦, Q♥.",2026-03-20T01:53:09.556Z,177397158955601
"""Daveo da rula @ hL2HOafVVY"" shows a A♠, J♣.",2026-03-20T01:53:09.556Z,177397158955600
"""cookies @ -il0pZMFV3"" folds",2026-03-20T01:53:08.743Z,177397158874300
"""aden @ ukS_JNj8Jp"" folds",2026-03-20T01:53:07.769Z,177397158776900
"""Robopop @ vs_YqdtE2l"" folds",2026-03-20T01:52:52.127Z,177397157212700
"""Daveo da rula @ hL2HOafVVY"" calls 38.41",2026-03-20T01:52:50.525Z,177397157052500
"""jyt @ vz-F2AWZjE"" raises to 38.41 and go all in",2026-03-20T01:52:48.459Z,177397156845900
"""fede @ qn6PIh4l_8"" folds",2026-03-20T01:52:42.757Z,177397156275700
"""cookies @ -il0pZMFV3"" calls 2.50",2026-03-20T01:52:37.215Z,177397155721500
"""aden @ ukS_JNj8Jp"" calls 2.50",2026-03-20T01:52:36.315Z,177397155631500
"""Robopop @ vs_YqdtE2l"" calls 2.50",2026-03-20T01:52:33.893Z,177397155389300
"""Daveo da rula @ hL2HOafVVY"" raises to 2.50",2026-03-20T01:52:32.166Z,177397155216600
"""jyt @ vz-F2AWZjE"" calls 0.50",2026-03-20T01:52:29.462Z,177397154946200
"""kai @ MHudt6juKp"" folds",2026-03-20T01:52:28.257Z,177397154825700
"""Daveo da rula @ hL2HOafVVY"" posts a missed big blind of 0.50",2026-03-20T01:52:15.450Z,177397153545013
"""Daveo da rula @ hL2HOafVVY"" posts a missing small blind of 0.25",2026-03-20T01:52:15.450Z,177397153545012
"""fede @ qn6PIh4l_8"" posts a big blind of 0.50",2026-03-20T01:52:15.450Z,177397153545011
"""cookies @ -il0pZMFV3"" posts a small blind of 0.25",2026-03-20T01:52:15.450Z,177397153545010
"Player stacks: #2 ""Daveo da rula @ hL2HOafVVY"" (192.25) | #3 ""Robopop @ vs_YqdtE2l"" (39.00) | #4 ""aden @ ukS_JNj8Jp"" (80.01) | #6 ""cookies @ -il0pZMFV3"" (55.25) | #8 ""fede @ qn6PIh4l_8"" (95.20) | #9 ""kai @ MHudt6juKp"" (129.88) | #10 ""jyt @ vz-F2AWZjE"" (38.41)",2026-03-20T01:52:15.450Z,177397153545002
"-- starting hand #24 (id: 1s0zrjo6ks7g)  No Limit Texas Hold'em (dealer: ""aden @ ukS_JNj8Jp"") --",2026-03-20T01:52:15.450Z,177397153545001
"The player ""Daveo da rula @ hL2HOafVVY"" joined the game with a stack of 192.25.",2026-03-20T01:52:15.450Z,177397153545000
"-- ending hand #23 --",2026-03-20T01:52:12.538Z,177397153253802
"""cookies @ -il0pZMFV3"" collected 13.25 from pot",2026-03-20T01:52:12.538Z,177397153253801
"Uncalled bet of 42.00 returned to ""cookies @ -il0pZMFV3""",2026-03-20T01:52:12.538Z,177397153253800
"""aden @ ukS_JNj8Jp"" folds",2026-03-20T01:52:11.728Z,177397153172800
"""Robopop @ vs_YqdtE2l"" folds",2026-03-20T01:51:45.258Z,177397150525800
"""cookies @ -il0pZMFV3"" raises to 47.75 and go all in",2026-03-20T01:51:43.354Z,177397150335400
"""aden @ ukS_JNj8Jp"" raises to 5.75",2026-03-20T01:51:35.269Z,177397149526900
"""Robopop @ vs_YqdtE2l"" raises to 1.75",2026-03-20T01:51:21.145Z,177397148114500
"""jyt @ vz-F2AWZjE"" folds",2026-03-20T01:51:18.161Z,177397147816100
"""kai @ MHudt6juKp"" folds",2026-03-20T01:51:17.187Z,177397147718700
"The player ""Daveo da rula @ hL2HOafVVY"" sit back with the stack of 192.25.",2026-03-20T01:50:54.769Z,177397145476900
"""fede @ qn6PIh4l_8"" folds",2026-03-20T01:50:39.356Z,177397143935600
"""cookies @ -il0pZMFV3"" posts a big blind of 0.50",2026-03-20T01:50:37.756Z,177397143775609
"""aden @ ukS_JNj8Jp"" posts a small blind of 0.25",2026-03-20T01:50:37.756Z,177397143775608
"Player stacks: #3 ""Robopop @ vs_YqdtE2l"" (40.75) | #4 ""aden @ ukS_JNj8Jp"" (85.76) | #6 ""cookies @ -il0pZMFV3"" (47.75) | #8 ""fede @ qn6PIh4l_8"" (95.20) | #9 ""kai @ MHudt6juKp"" (129.88) | #10 ""jyt @ vz-F2AWZjE"" (38.41)",2026-03-20T01:50:37.756Z,177397143775601
"-- starting hand #23 (id: c7jugnz5w5d3)  No Limit Texas Hold'em (dealer: ""Robopop @ vs_YqdtE2l"") --",2026-03-20T01:50:37.756Z,177397143775600
"-- ending hand #22 --",2026-03-20T01:50:34.807Z,177397143480702
"""Robopop @ vs_YqdtE2l"" collected 7.25 from pot",2026-03-20T01:50:34.807Z,177397143480701
"Uncalled bet of 5.43 returned to ""Robopop @ vs_YqdtE2l""",2026-03-20T01:50:34.807Z,177397143480700
"""fede @ qn6PIh4l_8"" folds",2026-03-20T01:50:33.974Z,177397143397400
"""cookies @ -il0pZMFV3"" folds",2026-03-20T01:50:32.029Z,177397143202900
"""Robopop @ vs_YqdtE2l"" bets 5.43",2026-03-20T01:50:31.158Z,177397143115800
"Turn: 6♣, J♣, 5♥ [5♦]",2026-03-20T01:50:28.027Z,177397142802700
"""fede @ qn6PIh4l_8"" checks",2026-03-20T01:50:27.220Z,177397142722000
"""cookies @ -il0pZMFV3"" checks",2026-03-20T01:50:25.146Z,177397142514600
"""Robopop @ vs_YqdtE2l"" checks",2026-03-20T01:50:24.291Z,177397142429100
"Flop:  [6♣, J♣, 5♥]",2026-03-20T01:50:19.444Z,177397141944400
"""cookies @ -il0pZMFV3"" calls 2.25",2026-03-20T01:50:18.625Z,177397141862500
"""aden @ ukS_JNj8Jp"" folds",2026-03-20T01:50:17.786Z,177397141778600
"""Robopop @ vs_YqdtE2l"" calls 2.25",2026-03-20T01:50:16.757Z,177397141675700
"""jyt @ vz-F2AWZjE"" folds",2026-03-20T01:50:15.250Z,177397141525000
"""kai @ MHudt6juKp"" folds",2026-03-20T01:50:14.246Z,177397141424600
"""fede @ qn6PIh4l_8"" raises to 2.25",2026-03-20T01:50:13.248Z,177397141324800
"""cookies @ -il0pZMFV3"" calls 0.50",2026-03-20T01:50:09.234Z,177397140923400
"""aden @ ukS_JNj8Jp"" posts a big blind of 0.50",2026-03-20T01:50:06.908Z,177397140690809
"""Robopop @ vs_YqdtE2l"" posts a small blind of 0.25",2026-03-20T01:50:06.908Z,177397140690808
"Player stacks: #3 ""Robopop @ vs_YqdtE2l"" (35.75) | #4 ""aden @ ukS_JNj8Jp"" (86.26) | #6 ""cookies @ -il0pZMFV3"" (50.00) | #8 ""fede @ qn6PIh4l_8"" (97.45) | #9 ""kai @ MHudt6juKp"" (129.88) | #10 ""jyt @ vz-F2AWZjE"" (38.41)",2026-03-20T01:50:06.908Z,177397140690801
"-- starting hand #22 (id: lp7btaojw8dv)  No Limit Texas Hold'em (dealer: ""jyt @ vz-F2AWZjE"") --",2026-03-20T01:50:06.908Z,177397140690800
"-- ending hand #21 --",2026-03-20T01:50:03.990Z,177397140399002
"""jyt @ vz-F2AWZjE"" collected 1.00 from pot",2026-03-20T01:50:03.990Z,177397140399001
"Uncalled bet of 1.00 returned to ""jyt @ vz-F2AWZjE""",2026-03-20T01:50:03.990Z,177397140399000
"""Robopop @ vs_YqdtE2l"" folds",2026-03-20T01:50:03.187Z,177397140318700
"""jyt @ vz-F2AWZjE"" raises to 1.50",2026-03-20T01:50:02.139Z,177397140213900
"""kai @ MHudt6juKp"" folds",2026-03-20T01:50:00.272Z,177397140027200
"""fede @ qn6PIh4l_8"" folds",2026-03-20T01:49:59.242Z,177397139924200
"""cookies @ -il0pZMFV3"" folds",2026-03-20T01:49:57.123Z,177397139712300
"""aden @ ukS_JNj8Jp"" folds",2026-03-20T01:49:56.279Z,177397139627900
"""Robopop @ vs_YqdtE2l"" posts a big blind of 0.50",2026-03-20T01:49:55.498Z,177397139549809
"""jyt @ vz-F2AWZjE"" posts a small blind of 0.25",2026-03-20T01:49:55.498Z,177397139549808
"Player stacks: #3 ""Robopop @ vs_YqdtE2l"" (36.25) | #4 ""aden @ ukS_JNj8Jp"" (86.26) | #6 ""cookies @ -il0pZMFV3"" (50.00) | #8 ""fede @ qn6PIh4l_8"" (97.45) | #9 ""kai @ MHudt6juKp"" (129.88) | #10 ""jyt @ vz-F2AWZjE"" (37.91)",2026-03-20T01:49:55.498Z,177397139549801
"-- starting hand #21 (id: 4havxpwupkkp)  No Limit Texas Hold'em (dealer: ""kai @ MHudt6juKp"") --",2026-03-20T01:49:55.498Z,177397139549800
"-- ending hand #20 --",2026-03-20T01:49:52.474Z,177397139247403
"""aden @ ukS_JNj8Jp"" collected 27.00 from pot with Straight, A High (combination: 10♠, J♣, Q♦, K♦, A♣)",2026-03-20T01:49:52.474Z,177397139247402
"""aden @ ukS_JNj8Jp"" shows a K♦, 10♠.",2026-03-20T01:49:52.474Z,177397139247401
"""kai @ MHudt6juKp"" shows a A♥, 2♦.",2026-03-20T01:49:52.474Z,177397139247400
"""aden @ ukS_JNj8Jp"" checks",2026-03-20T01:49:51.671Z,177397139167100
"""kai @ MHudt6juKp"" checks",2026-03-20T01:49:50.682Z,177397139068200
"River: Q♦, J♣, A♦, A♣ [8♦]",2026-03-20T01:49:50.234Z,177397139023400
"""kai @ MHudt6juKp"" calls 9.00",2026-03-20T01:49:49.419Z,177397138941900
"""aden @ ukS_JNj8Jp"" bets 9.00",2026-03-20T01:49:41.528Z,177397138152800
"""kai @ MHudt6juKp"" checks",2026-03-20T01:49:39.194Z,177397137919400
"Turn: Q♦, J♣, A♦ [A♣]",2026-03-20T01:49:38.665Z,177397137866500
"""Robopop @ vs_YqdtE2l"" folds",2026-03-20T01:49:37.832Z,177397137783200
"""jyt @ vz-F2AWZjE"" folds",2026-03-20T01:49:36.920Z,177397137692000
"""kai @ MHudt6juKp"" calls 3.00",2026-03-20T01:49:35.984Z,177397137598400
"""fede @ qn6PIh4l_8"" folds",2026-03-20T01:49:35.074Z,177397137507400
"""cookies @ -il0pZMFV3"" folds",2026-03-20T01:49:30.107Z,177397137010700
"""aden @ ukS_JNj8Jp"" bets 3.00",2026-03-20T01:49:29.265Z,177397136926500
"""Robopop @ vs_YqdtE2l"" checks",2026-03-20T01:49:25.627Z,177397136562700
"""jyt @ vz-F2AWZjE"" checks",2026-03-20T01:49:19.812Z,177397135981200
"""kai @ MHudt6juKp"" checks",2026-03-20T01:49:18.854Z,177397135885400
"Flop:  [Q♦, J♣, A♦]",2026-03-20T01:49:18.212Z,177397135821200
"""jyt @ vz-F2AWZjE"" checks",2026-03-20T01:49:17.371Z,177397135737100
"""kai @ MHudt6juKp"" calls 0.50",2026-03-20T01:49:16.461Z,177397135646100
"""fede @ qn6PIh4l_8"" calls 0.50",2026-03-20T01:49:12.548Z,177397135254800
"""cookies @ -il0pZMFV3"" calls 0.50",2026-03-20T01:49:10.567Z,177397135056700
"""aden @ ukS_JNj8Jp"" calls 0.50",2026-03-20T01:49:09.676Z,177397134967600
"""Robopop @ vs_YqdtE2l"" calls 0.50",2026-03-20T01:49:08.437Z,177397134843700
"""jyt @ vz-F2AWZjE"" posts a big blind of 0.50",2026-03-20T01:49:07.242Z,177397134724209
"""kai @ MHudt6juKp"" posts a small blind of 0.25",2026-03-20T01:49:07.242Z,177397134724208
"Player stacks: #3 ""Robopop @ vs_YqdtE2l"" (36.75) | #4 ""aden @ ukS_JNj8Jp"" (71.76) | #6 ""cookies @ -il0pZMFV3"" (50.50) | #8 ""fede @ qn6PIh4l_8"" (97.95) | #9 ""kai @ MHudt6juKp"" (142.38) | #10 ""jyt @ vz-F2AWZjE"" (38.41)",2026-03-20T01:49:07.242Z,177397134724201
"-- starting hand #20 (id: gyielouxajyj)  No Limit Texas Hold'em (dealer: ""fede @ qn6PIh4l_8"") --",2026-03-20T01:49:07.242Z,177397134724200
"""kai @ MHudt6juKp"" shows a J♠.",2026-03-20T01:49:05.152Z,177397134515200
"-- ending hand #19 --",2026-03-20T01:49:03.607Z,177397134360702
"""fede @ qn6PIh4l_8"" collected 14.00 from pot",2026-03-20T01:49:03.607Z,177397134360701
"Uncalled bet of 10.50 returned to ""fede @ qn6PIh4l_8""",2026-03-20T01:49:03.607Z,177397134360700
"""kai @ MHudt6juKp"" folds",2026-03-20T01:49:02.713Z,177397134271300
"""fede @ qn6PIh4l_8"" bets 10.50",2026-03-20T01:49:01.698Z,177397134169800
"Turn: Q♦, K♥, 3♣ [3♦]",2026-03-20T01:48:50.759Z,177397133075900
"""kai @ MHudt6juKp"" calls 3.50",2026-03-20T01:48:49.925Z,177397132992500
"""fede @ qn6PIh4l_8"" bets 3.50",2026-03-20T01:48:47.204Z,177397132720400
"Flop:  [Q♦, K♥, 3♣]",2026-03-20T01:48:41.303Z,177397132130300
"""cookies @ -il0pZMFV3"" folds",2026-03-20T01:48:40.488Z,177397132048800
"""Robopop @ vs_YqdtE2l"" folds",2026-03-20T01:48:39.247Z,177397131924700
"""kai @ MHudt6juKp"" calls 3.00",2026-03-20T01:48:37.441Z,177397131744100
"""fede @ qn6PIh4l_8"" raises to 3.00",2026-03-20T01:48:36.382Z,177397131638200
"""cookies @ -il0pZMFV3"" calls 0.50",2026-03-20T01:48:32.681Z,177397131268100
"""aden @ ukS_JNj8Jp"" folds",2026-03-20T01:48:31.805Z,177397131180500
"""Robopop @ vs_YqdtE2l"" calls 0.50",2026-03-20T01:48:17.436Z,177397129743600
"""jyt @ vz-F2AWZjE"" folds",2026-03-20T01:48:16.171Z,177397129617100
"""kai @ MHudt6juKp"" posts a big blind of 0.50",2026-03-20T01:48:14.984Z,177397129498409
"""fede @ qn6PIh4l_8"" posts a small blind of 0.25",2026-03-20T01:48:14.984Z,177397129498408
"Player stacks: #3 ""Robopop @ vs_YqdtE2l"" (37.25) | #4 ""aden @ ukS_JNj8Jp"" (71.76) | #6 ""cookies @ -il0pZMFV3"" (51.00) | #8 ""fede @ qn6PIh4l_8"" (90.45) | #9 ""kai @ MHudt6juKp"" (148.88) | #10 ""jyt @ vz-F2AWZjE"" (38.41)",2026-03-20T01:48:14.984Z,177397129498401
"-- starting hand #19 (id: 3tmcyet7mvyg)  No Limit Texas Hold'em (dealer: ""cookies @ -il0pZMFV3"") --",2026-03-20T01:48:14.984Z,177397129498400
"-- ending hand #18 --",2026-03-20T01:48:12.079Z,177397129207902
"""Robopop @ vs_YqdtE2l"" collected 1.75 from pot",2026-03-20T01:48:12.079Z,177397129207901
"Uncalled bet of 1.75 returned to ""Robopop @ vs_YqdtE2l""",2026-03-20T01:48:12.079Z,177397129207900
"""fede @ qn6PIh4l_8"" folds",2026-03-20T01:48:11.267Z,177397129126700
"""aden @ ukS_JNj8Jp"" folds",2026-03-20T01:48:10.195Z,177397129019500
"""Robopop @ vs_YqdtE2l"" bets 1.75",2026-03-20T01:48:09.147Z,177397128914700
"""fede @ qn6PIh4l_8"" checks",2026-03-20T01:48:06.654Z,177397128665400
"Flop:  [10♥, Q♣, 5♠]",2026-03-20T01:48:04.977Z,177397128497700
"""fede @ qn6PIh4l_8"" checks",2026-03-20T01:48:04.146Z,177397128414600
"""cookies @ -il0pZMFV3"" folds",2026-03-20T01:47:56.616Z,177397127661600
"""aden @ ukS_JNj8Jp"" calls 0.50",2026-03-20T01:47:55.766Z,177397127576600
"""Robopop @ vs_YqdtE2l"" calls 0.50",2026-03-20T01:47:49.646Z,177397126964600
"""jyt @ vz-F2AWZjE"" folds",2026-03-20T01:47:48.342Z,177397126834200
"""kai @ MHudt6juKp"" folds",2026-03-20T01:47:47.353Z,177397126735300
"""fede @ qn6PIh4l_8"" posts a big blind of 0.50",2026-03-20T01:47:39.564Z,177397125956410
"""cookies @ -il0pZMFV3"" posts a small blind of 0.25",2026-03-20T01:47:39.564Z,177397125956409
"Player stacks: #3 ""Robopop @ vs_YqdtE2l"" (36.00) | #4 ""aden @ ukS_JNj8Jp"" (72.26) | #6 ""cookies @ -il0pZMFV3"" (51.25) | #8 ""fede @ qn6PIh4l_8"" (90.95) | #9 ""kai @ MHudt6juKp"" (148.88) | #10 ""jyt @ vz-F2AWZjE"" (38.41)",2026-03-20T01:47:39.564Z,177397125956402
"-- starting hand #18 (id: 2nfbonawxq50)  No Limit Texas Hold'em (dealer: ""aden @ ukS_JNj8Jp"") --",2026-03-20T01:47:39.564Z,177397125956401
"The player ""Daveo da rula @ hL2HOafVVY"" stand up with the stack of 192.25.",2026-03-20T01:47:39.564Z,177397125956400
"""aden @ ukS_JNj8Jp"" collected 15.00 from the 7-2 bounty",2026-03-20T01:47:36.651Z,177397125665106
"""Robopop @ vs_YqdtE2l"" paid 2.50 for the 7-2 bounty to ""aden @ ukS_JNj8Jp""",2026-03-20T01:47:36.651Z,177397125665105
"""Daveo da rula @ hL2HOafVVY"" paid 2.50 for the 7-2 bounty to ""aden @ ukS_JNj8Jp""",2026-03-20T01:47:36.651Z,177397125665104
"""kai @ MHudt6juKp"" paid 2.50 for the 7-2 bounty to ""aden @ ukS_JNj8Jp""",2026-03-20T01:47:36.651Z,177397125665103
"""fede @ qn6PIh4l_8"" paid 2.50 for the 7-2 bounty to ""aden @ ukS_JNj8Jp""",2026-03-20T01:47:36.651Z,177397125665102
"""cookies @ -il0pZMFV3"" paid 2.50 for the 7-2 bounty to ""aden @ ukS_JNj8Jp""",2026-03-20T01:47:36.651Z,177397125665101
"""jyt @ vz-F2AWZjE"" paid 2.50 for the 7-2 bounty to ""aden @ ukS_JNj8Jp""",2026-03-20T01:47:36.651Z,177397125665100
"-- ending hand #17 --",2026-03-20T01:47:33.598Z,177397125359801
"""aden @ ukS_JNj8Jp"" collected 57.26 from pot with Straight, 5 High (combination: A♠, 2♥, 3♦, 4♠, 5♣)",2026-03-20T01:47:33.598Z,177397125359800
"River: A♠, 4♠, 3♦, J♥ [5♣]",2026-03-20T01:47:29.594Z,177397124959400
"Turn: A♠, 4♠, 3♦ [J♥]",2026-03-20T01:47:25.558Z,177397124555800
"Flop:  [A♠, 4♠, 3♦]",2026-03-20T01:47:21.553Z,177397124155300
"""jyt @ vz-F2AWZjE"" shows a K♦, K♣.",2026-03-20T01:47:17.524Z,177397123752401
"""aden @ ukS_JNj8Jp"" shows a 2♥, 7♠.",2026-03-20T01:47:17.524Z,177397123752400
"""jyt @ vz-F2AWZjE"" calls 28.38",2026-03-20T01:47:16.640Z,177397123664000
"""cookies @ -il0pZMFV3"" folds",2026-03-20T01:47:15.744Z,177397123574400
"""aden @ ukS_JNj8Jp"" raises to 28.38 and go all in",2026-03-20T01:47:14.830Z,177397123483000
"""Robopop @ vs_YqdtE2l"" folds",2026-03-20T01:47:12.238Z,177397123223800
"""Daveo da rula @ hL2HOafVVY"" folds",2026-03-20T01:47:10.428Z,177397123042801
"The admin ""aden @ ukS_JNj8Jp"" forced the player ""Daveo da rula @ hL2HOafVVY"" to away mode in the next hand.",2026-03-20T01:47:10.428Z,177397123042800
"""jyt @ vz-F2AWZjE"" raises to 1.50",2026-03-20T01:47:00.725Z,177397122072500
"""kai @ MHudt6juKp"" folds",2026-03-20T01:46:58.927Z,177397121892700
"""fede @ qn6PIh4l_8"" folds",2026-03-20T01:46:58.005Z,177397121800500
"""cookies @ -il0pZMFV3"" posts a big blind of 0.50",2026-03-20T01:46:55.736Z,177397121573610
"""aden @ ukS_JNj8Jp"" posts a small blind of 0.25",2026-03-20T01:46:55.736Z,177397121573609
"Player stacks: #2 ""Daveo da rula @ hL2HOafVVY"" (194.75) | #3 ""Robopop @ vs_YqdtE2l"" (38.50) | #4 ""aden @ ukS_JNj8Jp"" (28.38) | #6 ""cookies @ -il0pZMFV3"" (54.25) | #8 ""fede @ qn6PIh4l_8"" (93.45) | #9 ""kai @ MHudt6juKp"" (151.38) | #10 ""jyt @ vz-F2AWZjE"" (69.29)",2026-03-20T01:46:55.736Z,177397121573601
"-- starting hand #17 (id: bmehtxuyfl8s)  No Limit Texas Hold'em (dealer: ""Robopop @ vs_YqdtE2l"") --",2026-03-20T01:46:55.736Z,177397121573600
"-- ending hand #16 --",2026-03-20T01:46:52.723Z,177397121272303
"""jyt @ vz-F2AWZjE"" collected 43.49 from pot with Pair, 10's (combination: 8♦, 9♥, K♦, 10♣, 10♦)",2026-03-20T01:46:52.723Z,177397121272302
"""jyt @ vz-F2AWZjE"" shows a K♦, 10♣.",2026-03-20T01:46:52.723Z,177397121272301
"""aden @ ukS_JNj8Jp"" shows a Q♦, 7♦.",2026-03-20T01:46:52.723Z,177397121272300
"""jyt @ vz-F2AWZjE"" checks",2026-03-20T01:46:51.902Z,177397121190200
"""aden @ ukS_JNj8Jp"" checks",2026-03-20T01:46:42.428Z,177397120242800
"River: 10♦, 8♦, 5♥, 9♥ [2♥]",2026-03-20T01:46:41.101Z,177397120110100
"""jyt @ vz-F2AWZjE"" calls 10.87",2026-03-20T01:46:40.211Z,177397120021100
"""aden @ ukS_JNj8Jp"" bets 10.87",2026-03-20T01:46:30.617Z,177397119061700
"Turn: 10♦, 8♦, 5♥ [9♥]",2026-03-20T01:46:27.369Z,177397118736900
"""jyt @ vz-F2AWZjE"" calls 9.25",2026-03-20T01:46:26.562Z,177397118656200
"""aden @ ukS_JNj8Jp"" raises to 9.25",2026-03-20T01:46:18.796Z,177397117879600
"""jyt @ vz-F2AWZjE"" bets 2.00",2026-03-20T01:46:16.084Z,177397117608400
"""aden @ ukS_JNj8Jp"" checks",2026-03-20T01:46:12.188Z,177397117218800
"Flop:  [10♦, 8♦, 5♥]",2026-03-20T01:46:11.687Z,177397117168700
"""aden @ ukS_JNj8Jp"" calls 1.50",2026-03-20T01:46:10.853Z,177397117085300
"""Robopop @ vs_YqdtE2l"" folds",2026-03-20T01:46:09.884Z,177397116988400
"""Daveo da rula @ hL2HOafVVY"" folds",2026-03-20T01:46:07.485Z,177397116748500
"""jyt @ vz-F2AWZjE"" raises to 1.50",2026-03-20T01:45:52.480Z,177397115248000
"""kai @ MHudt6juKp"" folds",2026-03-20T01:45:50.341Z,177397115034100
"""fede @ qn6PIh4l_8"" folds",2026-03-20T01:45:46.087Z,177397114608700
"""cookies @ -il0pZMFV3"" folds",2026-03-20T01:45:44.482Z,177397114448200
"""aden @ ukS_JNj8Jp"" posts a big blind of 0.50",2026-03-20T01:45:43.563Z,177397114356310
"""Robopop @ vs_YqdtE2l"" posts a small blind of 0.25",2026-03-20T01:45:43.563Z,177397114356309
"Player stacks: #2 ""Daveo da rula @ hL2HOafVVY"" (194.75) | #3 ""Robopop @ vs_YqdtE2l"" (38.75) | #4 ""aden @ ukS_JNj8Jp"" (50.00) | #6 ""cookies @ -il0pZMFV3"" (54.25) | #8 ""fede @ qn6PIh4l_8"" (93.45) | #9 ""kai @ MHudt6juKp"" (151.38) | #10 ""jyt @ vz-F2AWZjE"" (47.42)",2026-03-20T01:45:43.563Z,177397114356301
"-- starting hand #16 (id: zhcbsgrujqol)  No Limit Texas Hold'em (dealer: ""Daveo da rula @ hL2HOafVVY"") --",2026-03-20T01:45:43.563Z,177397114356300
"-- ending hand #15 --",2026-03-20T01:45:40.624Z,177397114062402
"""kai @ MHudt6juKp"" collected 1.75 from pot",2026-03-20T01:45:40.624Z,177397114062401
"Uncalled bet of 0.87 returned to ""kai @ MHudt6juKp""",2026-03-20T01:45:40.624Z,177397114062400
"""fede @ qn6PIh4l_8"" folds",2026-03-20T01:45:39.802Z,177397113980200
"""Robopop @ vs_YqdtE2l"" folds",2026-03-20T01:45:38.789Z,177397113878900
"""kai @ MHudt6juKp"" bets 0.87",2026-03-20T01:45:37.423Z,177397113742300
"""fede @ qn6PIh4l_8"" checks",2026-03-20T01:45:35.333Z,177397113533300
"""Robopop @ vs_YqdtE2l"" checks",2026-03-20T01:45:33.228Z,177397113322800
"River: 3♣, 3♦, 3♥, 3♠ [9♣]",2026-03-20T01:45:29.752Z,177397112975200
"""kai @ MHudt6juKp"" checks",2026-03-20T01:45:28.946Z,177397112894600
"""fede @ qn6PIh4l_8"" checks",2026-03-20T01:45:28.018Z,177397112801800
"""Robopop @ vs_YqdtE2l"" checks",2026-03-20T01:45:26.696Z,177397112669600
"Turn: 3♣, 3♦, 3♥ [3♠]",2026-03-20T01:45:24.912Z,177397112491200
"""kai @ MHudt6juKp"" checks",2026-03-20T01:45:24.046Z,177397112404600
"""fede @ qn6PIh4l_8"" checks",2026-03-20T01:45:23.015Z,177397112301500
"""Robopop @ vs_YqdtE2l"" checks",2026-03-20T01:45:21.309Z,177397112130900
"Flop:  [3♣, 3♦, 3♥]",2026-03-20T01:45:20.011Z,177397112001100
"""Robopop @ vs_YqdtE2l"" checks",2026-03-20T01:45:19.191Z,177397111919100
"""Daveo da rula @ hL2HOafVVY"" folds",2026-03-20T01:45:17.769Z,177397111776900
"""jyt @ vz-F2AWZjE"" folds",2026-03-20T01:45:16.801Z,177397111680100
"""kai @ MHudt6juKp"" calls 0.50",2026-03-20T01:45:15.873Z,177397111587300
"""fede @ qn6PIh4l_8"" calls 0.50",2026-03-20T01:45:11.068Z,177397111106800
"""cookies @ -il0pZMFV3"" folds",2026-03-20T01:45:07.440Z,177397110744000
"""aden @ ukS_JNj8Jp"" folds",2026-03-20T01:45:06.613Z,177397110661300
"""Robopop @ vs_YqdtE2l"" posts a big blind of 0.50",2026-03-20T01:45:02.720Z,177397110272010
"""Daveo da rula @ hL2HOafVVY"" posts a small blind of 0.25",2026-03-20T01:45:02.720Z,177397110272009
"Player stacks: #2 ""Daveo da rula @ hL2HOafVVY"" (195.00) | #3 ""Robopop @ vs_YqdtE2l"" (39.25) | #4 ""aden @ ukS_JNj8Jp"" (50.00) | #6 ""cookies @ -il0pZMFV3"" (54.25) | #8 ""fede @ qn6PIh4l_8"" (93.95) | #9 ""kai @ MHudt6juKp"" (150.13) | #10 ""jyt @ vz-F2AWZjE"" (47.42)",2026-03-20T01:45:02.720Z,177397110272001
"-- starting hand #15 (id: 9dmctlmngl4t)  No Limit Texas Hold'em (dealer: ""jyt @ vz-F2AWZjE"") --",2026-03-20T01:45:02.720Z,177397110272000
"-- ending hand #14 --",2026-03-20T01:44:59.765Z,177397109976502
"""Daveo da rula @ hL2HOafVVY"" collected 15.49 from pot",2026-03-20T01:44:59.765Z,177397109976501
"Uncalled bet of 15.49 returned to ""Daveo da rula @ hL2HOafVVY""",2026-03-20T01:44:59.765Z,177397109976500
"""kai @ MHudt6juKp"" folds",2026-03-20T01:44:58.910Z,177397109891000
"""Daveo da rula @ hL2HOafVVY"" bets 15.49",2026-03-20T01:44:58.005Z,177397109800500
"Turn: 9♣, 6♠, 10♠ [10♦]",2026-03-20T01:44:50.530Z,177397109053000
"""kai @ MHudt6juKp"" calls 3.87",2026-03-20T01:44:49.672Z,177397108967200
"""fede @ qn6PIh4l_8"" folds",2026-03-20T01:44:43.026Z,177397108302600
"""Daveo da rula @ hL2HOafVVY"" bets 3.87",2026-03-20T01:44:41.525Z,177397108152500
"Flop:  [9♣, 6♠, 10♠]",2026-03-20T01:44:36.526Z,177397107652600
"""fede @ qn6PIh4l_8"" calls 2.50",2026-03-20T01:44:35.675Z,177397107567500
"""Daveo da rula @ hL2HOafVVY"" calls 2.50",2026-03-20T01:44:33.828Z,177397107382800
"""jyt @ vz-F2AWZjE"" folds",2026-03-20T01:44:23.647Z,177397106364700
"""kai @ MHudt6juKp"" raises to 2.50",2026-03-20T01:44:22.655Z,177397106265500
"""fede @ qn6PIh4l_8"" calls 0.50",2026-03-20T01:44:17.660Z,177397105766000
"""cookies @ -il0pZMFV3"" folds",2026-03-20T01:44:13.807Z,177397105380700
"""aden @ ukS_JNj8Jp"" folds",2026-03-20T01:44:12.962Z,177397105296200
"""Robopop @ vs_YqdtE2l"" folds",2026-03-20T01:44:06.768Z,177397104676800
"""Daveo da rula @ hL2HOafVVY"" posts a big blind of 0.50",2026-03-20T01:44:05.815Z,177397104581510
"""jyt @ vz-F2AWZjE"" posts a small blind of 0.25",2026-03-20T01:44:05.815Z,177397104581509
"Player stacks: #2 ""Daveo da rula @ hL2HOafVVY"" (185.88) | #3 ""Robopop @ vs_YqdtE2l"" (39.25) | #4 ""aden @ ukS_JNj8Jp"" (50.00) | #6 ""cookies @ -il0pZMFV3"" (54.25) | #8 ""fede @ qn6PIh4l_8"" (96.45) | #9 ""kai @ MHudt6juKp"" (156.50) | #10 ""jyt @ vz-F2AWZjE"" (47.67)",2026-03-20T01:44:05.815Z,177397104581501
"-- starting hand #14 (id: ikr6psqfnsmv)  No Limit Texas Hold'em (dealer: ""kai @ MHudt6juKp"") --",2026-03-20T01:44:05.815Z,177397104581500
"-- ending hand #13 --",2026-03-20T01:44:02.890Z,177397104289002
"""Robopop @ vs_YqdtE2l"" collected 1.25 from pot",2026-03-20T01:44:02.890Z,177397104289001
"Uncalled bet of 1.25 returned to ""Robopop @ vs_YqdtE2l""",2026-03-20T01:44:02.890Z,177397104289000
"""jyt @ vz-F2AWZjE"" folds",2026-03-20T01:44:02.045Z,177397104204500
"""Robopop @ vs_YqdtE2l"" bets 1.25",2026-03-20T01:43:59.995Z,177397103999500
"""jyt @ vz-F2AWZjE"" checks",2026-03-20T01:43:57.820Z,177397103782000
"Turn: 9♦, 9♠, 2♦ [7♥]",2026-03-20T01:43:54.749Z,177397103474900
"""Robopop @ vs_YqdtE2l"" checks",2026-03-20T01:43:53.929Z,177397103392900
"""jyt @ vz-F2AWZjE"" checks",2026-03-20T01:43:50.556Z,177397103055600
"Flop:  [9♦, 9♠, 2♦]",2026-03-20T01:43:49.617Z,177397102961700
"""jyt @ vz-F2AWZjE"" checks",2026-03-20T01:43:48.761Z,177397102876100
"""kai @ MHudt6juKp"" folds",2026-03-20T01:43:45.651Z,177397102565100
"""fede @ qn6PIh4l_8"" folds",2026-03-20T01:43:42.231Z,177397102223100
"""cookies @ -il0pZMFV3"" folds",2026-03-20T01:43:39.352Z,177397101935200
"""aden @ ukS_JNj8Jp"" folds",2026-03-20T01:43:38.526Z,177397101852600
"""Robopop @ vs_YqdtE2l"" calls 0.50",2026-03-20T01:43:37.538Z,177397101753800
"""Daveo da rula @ hL2HOafVVY"" folds",2026-03-20T01:43:36.323Z,177397101632300
"""jyt @ vz-F2AWZjE"" posts a big blind of 0.50",2026-03-20T01:43:22.152Z,177397100215210
"""kai @ MHudt6juKp"" posts a small blind of 0.25",2026-03-20T01:43:22.152Z,177397100215209
"Player stacks: #2 ""Daveo da rula @ hL2HOafVVY"" (185.88) | #3 ""Robopop @ vs_YqdtE2l"" (38.50) | #4 ""aden @ ukS_JNj8Jp"" (50.00) | #6 ""cookies @ -il0pZMFV3"" (54.25) | #8 ""fede @ qn6PIh4l_8"" (96.45) | #9 ""kai @ MHudt6juKp"" (156.75) | #10 ""jyt @ vz-F2AWZjE"" (48.17)",2026-03-20T01:43:22.152Z,177397100215201
"-- starting hand #13 (id: unxeqsixsmyj)  No Limit Texas Hold'em (dealer: ""fede @ qn6PIh4l_8"") --",2026-03-20T01:43:22.152Z,177397100215200
"-- ending hand #12 --",2026-03-20T01:43:19.233Z,177397099923302
"""cookies @ -il0pZMFV3"" collected 16.75 from pot",2026-03-20T01:43:19.233Z,177397099923301
"Uncalled bet of 12.56 returned to ""cookies @ -il0pZMFV3""",2026-03-20T01:43:19.233Z,177397099923300
"""jyt @ vz-F2AWZjE"" folds",2026-03-20T01:43:18.333Z,177397099833300
"""cookies @ -il0pZMFV3"" bets 12.56",2026-03-20T01:43:05.225Z,177397098522500
"""jyt @ vz-F2AWZjE"" checks",2026-03-20T01:42:59.818Z,177397097981800
"River: 5♣, 2♦, Q♣, 8♥ [Q♥]",2026-03-20T01:42:52.772Z,177397097277200
"""kai @ MHudt6juKp"" folds",2026-03-20T01:42:51.943Z,177397097194300
"""cookies @ -il0pZMFV3"" calls 5.25",2026-03-20T01:42:51.036Z,177397097103600
"""Robopop @ vs_YqdtE2l"" folds",2026-03-20T01:42:49.363Z,177397096936300
"""jyt @ vz-F2AWZjE"" bets 5.25",2026-03-20T01:42:47.499Z,177397096749900
"""kai @ MHudt6juKp"" checks",2026-03-20T01:42:40.108Z,177397096010800
"Turn: 5♣, 2♦, Q♣ [8♥]",2026-03-20T01:42:39.229Z,177397095922900
"""cookies @ -il0pZMFV3"" checks",2026-03-20T01:42:38.393Z,177397095839300
"""Robopop @ vs_YqdtE2l"" checks",2026-03-20T01:42:36.829Z,177397095682900
"""jyt @ vz-F2AWZjE"" checks",2026-03-20T01:42:35.242Z,177397095524200
"""kai @ MHudt6juKp"" checks",2026-03-20T01:42:31.850Z,177397095185000
"Flop:  [5♣, 2♦, Q♣]",2026-03-20T01:42:30.740Z,177397095074000
"""kai @ MHudt6juKp"" calls 1.50",2026-03-20T01:42:29.844Z,177397094984400
"""fede @ qn6PIh4l_8"" folds",2026-03-20T01:42:28.922Z,177397094892200
"""cookies @ -il0pZMFV3"" calls 1.50",2026-03-20T01:42:27.996Z,177397094799600
"""aden @ ukS_JNj8Jp"" folds",2026-03-20T01:42:27.146Z,177397094714600
"""Robopop @ vs_YqdtE2l"" calls 1.50",2026-03-20T01:42:26.170Z,177397094617000
"""Daveo da rula @ hL2HOafVVY"" folds",2026-03-20T01:42:20.845Z,177397094084500
"""jyt @ vz-F2AWZjE"" raises to 1.50",2026-03-20T01:42:16.113Z,177397093611300
"""kai @ MHudt6juKp"" posts a big blind of 0.50",2026-03-20T01:42:12.925Z,177397093292512
"""fede @ qn6PIh4l_8"" posts a small blind of 0.25",2026-03-20T01:42:12.925Z,177397093292511
"Player stacks: #2 ""Daveo da rula @ hL2HOafVVY"" (185.88) | #3 ""Robopop @ vs_YqdtE2l"" (40.00) | #4 ""aden @ ukS_JNj8Jp"" (50.00) | #6 ""cookies @ -il0pZMFV3"" (44.25) | #8 ""fede @ qn6PIh4l_8"" (96.70) | #9 ""kai @ MHudt6juKp"" (158.25) | #10 ""jyt @ vz-F2AWZjE"" (54.92)",2026-03-20T01:42:12.925Z,177397093292503
"-- starting hand #12 (id: wnftkjldkq3k)  No Limit Texas Hold'em (dealer: ""cookies @ -il0pZMFV3"") --",2026-03-20T01:42:12.925Z,177397093292502
"The player ""Robopop @ vs_YqdtE2l"" joined the game with a stack of 40.00.",2026-03-20T01:42:12.925Z,177397093292501
"The player ""aden @ ukS_JNj8Jp"" joined the game with a stack of 50.00.",2026-03-20T01:42:12.925Z,177397093292500
"-- ending hand #11 --",2026-03-20T01:42:09.940Z,177397092994002
"""fede @ qn6PIh4l_8"" collected 11.50 from pot",2026-03-20T01:42:09.940Z,177397092994001
"Uncalled bet of 5.75 returned to ""fede @ qn6PIh4l_8""",2026-03-20T01:42:09.940Z,177397092994000
"""jyt @ vz-F2AWZjE"" folds",2026-03-20T01:42:09.130Z,177397092913000
"""fede @ qn6PIh4l_8"" bets 5.75",2026-03-20T01:42:02.570Z,177397092257000
"River: 4♠, 2♦, K♥, A♥ [10♠]",2026-03-20T01:41:59.534Z,177397091953400
"""jyt @ vz-F2AWZjE"" checks",2026-03-20T01:41:58.732Z,177397091873200
"""fede @ qn6PIh4l_8"" checks",2026-03-20T01:41:55.151Z,177397091515100
"Turn: 4♠, 2♦, K♥ [A♥]",2026-03-20T01:41:49.610Z,177397090961000
"""jyt @ vz-F2AWZjE"" checks",2026-03-20T01:41:48.785Z,177397090878500
"""fede @ qn6PIh4l_8"" checks",2026-03-20T01:41:45.202Z,177397090520200
"Flop:  [4♠, 2♦, K♥]",2026-03-20T01:41:42.457Z,177397090245700
"""cookies @ -il0pZMFV3"" folds",2026-03-20T01:41:41.632Z,177397090163200
"""jyt @ vz-F2AWZjE"" calls 5.00",2026-03-20T01:41:40.768Z,177397090076800
"""fede @ qn6PIh4l_8"" raises to 5.00",2026-03-20T01:41:35.504Z,177397089550400
"""cookies @ -il0pZMFV3"" calls 1.50",2026-03-20T01:41:26.615Z,177397088661500
"""Daveo da rula @ hL2HOafVVY"" folds",2026-03-20T01:41:23.317Z,177397088331700
"""jyt @ vz-F2AWZjE"" raises to 1.50",2026-03-20T01:41:18.651Z,177397087865100
"""kai @ MHudt6juKp"" folds",2026-03-20T01:41:16.798Z,177397087679800
"""fede @ qn6PIh4l_8"" posts a big blind of 0.50",2026-03-20T01:41:14.530Z,177397087453008
"""cookies @ -il0pZMFV3"" posts a small blind of 0.25",2026-03-20T01:41:14.530Z,177397087453007
"Player stacks: #2 ""Daveo da rula @ hL2HOafVVY"" (185.88) | #6 ""cookies @ -il0pZMFV3"" (45.75) | #8 ""fede @ qn6PIh4l_8"" (90.20) | #9 ""kai @ MHudt6juKp"" (158.25) | #10 ""jyt @ vz-F2AWZjE"" (59.92)",2026-03-20T01:41:14.530Z,177397087453001
"-- starting hand #11 (id: idoj9vmljixy)  No Limit Texas Hold'em (dealer: ""Daveo da rula @ hL2HOafVVY"") --",2026-03-20T01:41:14.530Z,177397087453000
"-- ending hand #10 --",2026-03-20T01:41:11.528Z,177397087152803
"""jyt @ vz-F2AWZjE"" collected 16.50 from pot with A High (combination: 6♣, 7♥, Q♣, K♥, A♣)",2026-03-20T01:41:11.528Z,177397087152802
"""jyt @ vz-F2AWZjE"" shows a A♣, 6♣.",2026-03-20T01:41:11.528Z,177397087152801
"""Daveo da rula @ hL2HOafVVY"" shows a J♣, 10♣.",2026-03-20T01:41:11.528Z,177397087152800
"""jyt @ vz-F2AWZjE"" checks",2026-03-20T01:41:10.683Z,177397087068300
"""Daveo da rula @ hL2HOafVVY"" checks",2026-03-20T01:41:09.304Z,177397086930400
"The admin approved the player ""aden @ ukS_JNj8Jp"" participation with a stack of 50.00.",2026-03-20T01:41:06.289Z,177397086628901
"The player ""aden @ ukS_JNj8Jp"" requested a seat.",2026-03-20T01:41:06.289Z,177397086628900
"River: 3♦, K♥, Q♣, 5♠ [7♥]",2026-03-20T01:41:06.234Z,177397086623400
"""jyt @ vz-F2AWZjE"" checks",2026-03-20T01:41:05.412Z,177397086541200
"""Daveo da rula @ hL2HOafVVY"" checks",2026-03-20T01:41:00.630Z,177397086063000
"The admin approved the player ""Robopop @ vs_YqdtE2l"" participation with a stack of 40.00.",2026-03-20T01:40:58.016Z,177397085801600
"Turn: 3♦, K♥, Q♣ [5♠]",2026-03-20T01:40:56.633Z,177397085663300
"""jyt @ vz-F2AWZjE"" checks",2026-03-20T01:40:55.819Z,177397085581900
"""Daveo da rula @ hL2HOafVVY"" checks",2026-03-20T01:40:50.057Z,177397085005700
"Flop:  [3♦, K♥, Q♣]",2026-03-20T01:40:37.334Z,177397083733400
"""jyt @ vz-F2AWZjE"" calls 7.75",2026-03-20T01:40:36.447Z,177397083644700
"""fede @ qn6PIh4l_8"" folds",2026-03-20T01:40:32.161Z,177397083216100
"""cookies @ -il0pZMFV3"" folds",2026-03-20T01:40:28.561Z,177397082856100
"""Daveo da rula @ hL2HOafVVY"" raises to 7.75",2026-03-20T01:40:27.639Z,177397082763900
"The player ""Robopop @ vs_YqdtE2l"" requested a seat.",2026-03-20T01:40:23.257Z,177397082325700
"""jyt @ vz-F2AWZjE"" raises to 2.25",2026-03-20T01:40:22.051Z,177397082205100
"""kai @ MHudt6juKp"" folds",2026-03-20T01:40:17.416Z,177397081741600
"""fede @ qn6PIh4l_8"" calls 0.50",2026-03-20T01:40:14.954Z,177397081495400
"""cookies @ -il0pZMFV3"" posts a big blind of 0.50",2026-03-20T01:40:12.570Z,177397081257008
"""Daveo da rula @ hL2HOafVVY"" posts a small blind of 0.25",2026-03-20T01:40:12.570Z,177397081257007
"Player stacks: #2 ""Daveo da rula @ hL2HOafVVY"" (193.63) | #6 ""cookies @ -il0pZMFV3"" (46.25) | #8 ""fede @ qn6PIh4l_8"" (90.70) | #9 ""kai @ MHudt6juKp"" (158.25) | #10 ""jyt @ vz-F2AWZjE"" (51.17)",2026-03-20T01:40:12.570Z,177397081257001
"-- starting hand #10 (id: vzzovbab6chd)  No Limit Texas Hold'em (dealer: ""jyt @ vz-F2AWZjE"") --",2026-03-20T01:40:12.570Z,177397081257000
"-- ending hand #9 --",2026-03-20T01:40:09.631Z,177397080963102
"""fede @ qn6PIh4l_8"" collected 1.25 from pot",2026-03-20T01:40:09.631Z,177397080963101
"Uncalled bet of 1.75 returned to ""fede @ qn6PIh4l_8""",2026-03-20T01:40:09.631Z,177397080963100
"""Daveo da rula @ hL2HOafVVY"" folds",2026-03-20T01:40:08.786Z,177397080878600
"""jyt @ vz-F2AWZjE"" folds",2026-03-20T01:39:55.241Z,177397079524100
"""kai @ MHudt6juKp"" folds",2026-03-20T01:39:54.273Z,177397079427300
"""fede @ qn6PIh4l_8"" raises to 2.25",2026-03-20T01:39:53.343Z,177397079334300
"""cookies @ -il0pZMFV3"" folds",2026-03-20T01:39:48.386Z,177397078838600
"""Daveo da rula @ hL2HOafVVY"" posts a big blind of 0.50",2026-03-20T01:39:47.407Z,177397078740708
"""jyt @ vz-F2AWZjE"" posts a small blind of 0.25",2026-03-20T01:39:47.407Z,177397078740707
"Player stacks: #2 ""Daveo da rula @ hL2HOafVVY"" (194.13) | #6 ""cookies @ -il0pZMFV3"" (46.25) | #8 ""fede @ qn6PIh4l_8"" (89.95) | #9 ""kai @ MHudt6juKp"" (158.25) | #10 ""jyt @ vz-F2AWZjE"" (51.42)",2026-03-20T01:39:47.407Z,177397078740701
"-- starting hand #9 (id: hvjs5mcfmkb2)  No Limit Texas Hold'em (dealer: ""kai @ MHudt6juKp"") --",2026-03-20T01:39:47.407Z,177397078740700
"-- ending hand #8 --",2026-03-20T01:39:44.401Z,177397078440103
"""fede @ qn6PIh4l_8"" collected 7.50 from pot with Pair, 9's (combination: 4♠, 10♥, J♦, 9♠, 9♣)",2026-03-20T01:39:44.401Z,177397078440102
"""fede @ qn6PIh4l_8"" shows a 10♥, 9♠.",2026-03-20T01:39:44.401Z,177397078440101
"""cookies @ -il0pZMFV3"" shows a 6♣, 4♦.",2026-03-20T01:39:44.401Z,177397078440100
"""fede @ qn6PIh4l_8"" checks",2026-03-20T01:39:43.598Z,177397078359800
"""cookies @ -il0pZMFV3"" checks",2026-03-20T01:39:40.675Z,177397078067500
"River: 2♣, 4♠, J♦, 9♣ [3♠]",2026-03-20T01:39:38.922Z,177397077892200
"""cookies @ -il0pZMFV3"" calls 2.50",2026-03-20T01:39:38.027Z,177397077802700
"""Daveo da rula @ hL2HOafVVY"" folds",2026-03-20T01:39:36.069Z,177397077606900
"""jyt @ vz-F2AWZjE"" folds",2026-03-20T01:39:27.671Z,177397076767100
"""kai @ MHudt6juKp"" folds",2026-03-20T01:39:26.746Z,177397076674600
"""fede @ qn6PIh4l_8"" bets 2.50",2026-03-20T01:39:24.304Z,177397076430400
"""cookies @ -il0pZMFV3"" checks",2026-03-20T01:39:20.869Z,177397076086900
"""Daveo da rula @ hL2HOafVVY"" checks",2026-03-20T01:39:18.878Z,177397075887800
"""jyt @ vz-F2AWZjE"" checks",2026-03-20T01:38:57.842Z,177397073784200
"""kai @ MHudt6juKp"" checks",2026-03-20T01:38:55.106Z,177397073510600
"Turn: 2♣, 4♠, J♦ [9♣]",2026-03-20T01:38:52.838Z,177397073283800
"""fede @ qn6PIh4l_8"" checks",2026-03-20T01:38:51.990Z,177397073199000
"""cookies @ -il0pZMFV3"" checks",2026-03-20T01:38:50.669Z,177397073066900
"""Daveo da rula @ hL2HOafVVY"" checks",2026-03-20T01:38:49.770Z,177397072977000
"""jyt @ vz-F2AWZjE"" checks",2026-03-20T01:38:48.732Z,177397072873200
"""kai @ MHudt6juKp"" checks",2026-03-20T01:38:47.629Z,177397072762900
"Flop:  [2♣, 4♠, J♦]",2026-03-20T01:38:46.352Z,177397072635200
"""jyt @ vz-F2AWZjE"" checks",2026-03-20T01:38:45.530Z,177397072553000
"""kai @ MHudt6juKp"" calls 0.50",2026-03-20T01:38:42.486Z,177397072248600
"""fede @ qn6PIh4l_8"" calls 0.50",2026-03-20T01:38:40.438Z,177397072043800
"""cookies @ -il0pZMFV3"" calls 0.50",2026-03-20T01:38:38.487Z,177397071848700
"""Daveo da rula @ hL2HOafVVY"" calls 0.50",2026-03-20T01:38:37.493Z,177397071749300
"""jyt @ vz-F2AWZjE"" posts a big blind of 0.50",2026-03-20T01:38:35.019Z,177397071501908
"""kai @ MHudt6juKp"" posts a small blind of 0.25",2026-03-20T01:38:35.019Z,177397071501907
"Player stacks: #2 ""Daveo da rula @ hL2HOafVVY"" (194.63) | #6 ""cookies @ -il0pZMFV3"" (49.25) | #8 ""fede @ qn6PIh4l_8"" (85.45) | #9 ""kai @ MHudt6juKp"" (158.75) | #10 ""jyt @ vz-F2AWZjE"" (51.92)",2026-03-20T01:38:35.019Z,177397071501901
"-- starting hand #8 (id: bmrgusprjqji)  No Limit Texas Hold'em (dealer: ""fede @ qn6PIh4l_8"") --",2026-03-20T01:38:35.019Z,177397071501900
"-- ending hand #7 --",2026-03-20T01:38:32.098Z,177397071209802
"""kai @ MHudt6juKp"" collected 6.25 from pot",2026-03-20T01:38:32.098Z,177397071209801
"Uncalled bet of 4.68 returned to ""kai @ MHudt6juKp""",2026-03-20T01:38:32.098Z,177397071209800
"""jyt @ vz-F2AWZjE"" folds",2026-03-20T01:38:31.287Z,177397071128700
"""kai @ MHudt6juKp"" raises to 6.18",2026-03-20T01:38:30.206Z,177397071020600
"""jyt @ vz-F2AWZjE"" bets 1.50",2026-03-20T01:38:24.770Z,177397070477000
"""kai @ MHudt6juKp"" checks",2026-03-20T01:38:21.316Z,177397070131600
"Flop:  [7♦, 2♣, 7♠]",2026-03-20T01:38:19.597Z,177397069959700
"""kai @ MHudt6juKp"" calls 1.50",2026-03-20T01:38:18.737Z,177397069873700
"""fede @ qn6PIh4l_8"" folds",2026-03-20T01:38:16.467Z,177397069646700
"""cookies @ -il0pZMFV3"" folds",2026-03-20T01:38:12.442Z,177397069244200
"""Daveo da rula @ hL2HOafVVY"" folds",2026-03-20T01:38:11.529Z,177397069152900
"""jyt @ vz-F2AWZjE"" raises to 1.50",2026-03-20T01:38:10.417Z,177397069041700
"""kai @ MHudt6juKp"" posts a big blind of 0.50",2026-03-20T01:38:04.395Z,177397068439508
"""fede @ qn6PIh4l_8"" posts a small blind of 0.25",2026-03-20T01:38:04.395Z,177397068439507
"Player stacks: #2 ""Daveo da rula @ hL2HOafVVY"" (194.63) | #6 ""cookies @ -il0pZMFV3"" (49.25) | #8 ""fede @ qn6PIh4l_8"" (85.70) | #9 ""kai @ MHudt6juKp"" (155.50) | #10 ""jyt @ vz-F2AWZjE"" (54.92)",2026-03-20T01:38:04.395Z,177397068439501
"-- starting hand #7 (id: ym5vmjumhr7v)  No Limit Texas Hold'em (dealer: ""cookies @ -il0pZMFV3"") --",2026-03-20T01:38:04.395Z,177397068439500
"-- ending hand #6 --",2026-03-20T01:38:01.393Z,177397068139302
"""fede @ qn6PIh4l_8"" collected 3.75 from pot",2026-03-20T01:38:01.393Z,177397068139301
"Uncalled bet of 3.75 returned to ""fede @ qn6PIh4l_8""",2026-03-20T01:38:01.393Z,177397068139300
"""Daveo da rula @ hL2HOafVVY"" folds",2026-03-20T01:38:00.519Z,177397068051900
"""fede @ qn6PIh4l_8"" bets 3.75",2026-03-20T01:37:58.057Z,177397067805700
"Flop:  [2♠, Q♥, 6♣]",2026-03-20T01:37:51.987Z,177397067198700
"""fede @ qn6PIh4l_8"" calls 1.75",2026-03-20T01:37:51.097Z,177397067109700
"""cookies @ -il0pZMFV3"" folds",2026-03-20T01:37:47.614Z,177397066761400
"""Daveo da rula @ hL2HOafVVY"" raises to 1.75",2026-03-20T01:37:46.744Z,177397066674400
"""jyt @ vz-F2AWZjE"" folds",2026-03-20T01:37:42.650Z,177397066265000
"""kai @ MHudt6juKp"" folds",2026-03-20T01:37:41.666Z,177397066166600
"""fede @ qn6PIh4l_8"" posts a big blind of 0.50",2026-03-20T01:37:37.540Z,177397065754008
"""cookies @ -il0pZMFV3"" posts a small blind of 0.25",2026-03-20T01:37:37.540Z,177397065754007
"Player stacks: #2 ""Daveo da rula @ hL2HOafVVY"" (196.38) | #6 ""cookies @ -il0pZMFV3"" (49.50) | #8 ""fede @ qn6PIh4l_8"" (83.70) | #9 ""kai @ MHudt6juKp"" (155.50) | #10 ""jyt @ vz-F2AWZjE"" (54.92)",2026-03-20T01:37:37.540Z,177397065754001
"-- starting hand #6 (id: 4mbors9wsr0k)  No Limit Texas Hold'em (dead button) --",2026-03-20T01:37:37.540Z,177397065754000
"-- ending hand #5 --",2026-03-20T01:37:34.579Z,177397065457902
"""jyt @ vz-F2AWZjE"" collected 1.00 from pot",2026-03-20T01:37:34.579Z,177397065457901
"Uncalled bet of 1.00 returned to ""jyt @ vz-F2AWZjE""",2026-03-20T01:37:34.579Z,177397065457900
"""cookies @ -il0pZMFV3"" folds",2026-03-20T01:37:33.765Z,177397065376500
"""Daveo da rula @ hL2HOafVVY"" folds",2026-03-20T01:37:32.839Z,177397065283900
"""jyt @ vz-F2AWZjE"" raises to 1.50",2026-03-20T01:37:08.605Z,177397062860500
"""kai @ MHudt6juKp"" folds",2026-03-20T01:37:05.614Z,177397062561400
"""fede @ qn6PIh4l_8"" folds",2026-03-20T01:37:04.640Z,177397062464000
"""cookies @ -il0pZMFV3"" posts a big blind of 0.50",2026-03-20T01:37:01.691Z,177397062169109
"Dead Small Blind",2026-03-20T01:37:01.691Z,177397062169108
"Player stacks: #2 ""Daveo da rula @ hL2HOafVVY"" (196.38) | #6 ""cookies @ -il0pZMFV3"" (50.00) | #8 ""fede @ qn6PIh4l_8"" (83.70) | #9 ""kai @ MHudt6juKp"" (155.50) | #10 ""jyt @ vz-F2AWZjE"" (54.42)",2026-03-20T01:37:01.691Z,177397062169102
"-- starting hand #5 (id: otfmfflmcv5x)  No Limit Texas Hold'em (dealer: ""Daveo da rula @ hL2HOafVVY"") --",2026-03-20T01:37:01.691Z,177397062169101
"The player ""Boateng @ vs_YqdtE2l"" quits the game with a stack of 0.00.",2026-03-20T01:37:01.691Z,177397062169100
"-- ending hand #4 --",2026-03-20T01:36:58.676Z,177397061867601
"""kai @ MHudt6juKp"" collected 108.50 from pot with Three of a Kind, 10's (combination: 7♥, K♣, 10♥, 10♦, 10♠)",2026-03-20T01:36:58.676Z,177397061867600
"River: 10♦, 10♠, 5♠, 6♦ [7♥]",2026-03-20T01:36:54.673Z,177397061467300
"""kai @ MHudt6juKp"" shows a 10♥, K♣.",2026-03-20T01:36:50.587Z,177397061058701
"""Boateng @ vs_YqdtE2l"" shows a 8♠, 8♣.",2026-03-20T01:36:50.587Z,177397061058700
"""kai @ MHudt6juKp"" calls 43.75",2026-03-20T01:36:49.777Z,177397060977700
"""fede @ qn6PIh4l_8"" folds",2026-03-20T01:36:48.718Z,177397060871800
"""Boateng @ vs_YqdtE2l"" raises to 43.75 and go all in",2026-03-20T01:36:44.872Z,177397060487200
"""kai @ MHudt6juKp"" bets 15.75",2026-03-20T01:36:38.933Z,177397059893300
"""fede @ qn6PIh4l_8"" checks",2026-03-20T01:36:34.169Z,177397059416900
"""Boateng @ vs_YqdtE2l"" checks",2026-03-20T01:36:31.640Z,177397059164000
"Turn: 10♦, 10♠, 5♠ [6♦]",2026-03-20T01:36:29.863Z,177397058986300
"""fede @ qn6PIh4l_8"" calls 4.00",2026-03-20T01:36:29.013Z,177397058901300
"""Boateng @ vs_YqdtE2l"" calls 4.00",2026-03-20T01:36:26.006Z,177397058600600
"""Daveo da rula @ hL2HOafVVY"" folds",2026-03-20T01:36:23.815Z,177397058381500
"""kai @ MHudt6juKp"" bets 4.00",2026-03-20T01:36:15.718Z,177397057571800
"""fede @ qn6PIh4l_8"" checks",2026-03-20T01:36:12.199Z,177397057219900
"""Boateng @ vs_YqdtE2l"" checks",2026-03-20T01:36:06.499Z,177397056649900
"""Daveo da rula @ hL2HOafVVY"" checks",2026-03-20T01:36:04.578Z,177397056457800
"Flop:  [10♦, 10♠, 5♠]",2026-03-20T01:36:03.301Z,177397056330100
"""fede @ qn6PIh4l_8"" calls 2.25",2026-03-20T01:36:02.487Z,177397056248700
"""Boateng @ vs_YqdtE2l"" calls 2.25",2026-03-20T01:35:59.972Z,177397055997200
"""Daveo da rula @ hL2HOafVVY"" calls 2.25",2026-03-20T01:35:57.744Z,177397055774400
"""jyt @ vz-F2AWZjE"" folds",2026-03-20T01:35:54.329Z,177397055432900
"""kai @ MHudt6juKp"" raises to 2.25",2026-03-20T01:35:53.391Z,177397055339100
"""fede @ qn6PIh4l_8"" calls 0.50",2026-03-20T01:35:38.992Z,177397053899200
"""cookies @ -il0pZMFV3"" folds",2026-03-20T01:35:36.448Z,177397053644800
"""Boateng @ vs_YqdtE2l"" posts a big blind of 0.50",2026-03-20T01:35:35.290Z,177397053529009
"""Daveo da rula @ hL2HOafVVY"" posts a small blind of 0.25",2026-03-20T01:35:35.290Z,177397053529008
"Player stacks: #2 ""Daveo da rula @ hL2HOafVVY"" (198.63) | #3 ""Boateng @ vs_YqdtE2l"" (50.00) | #6 ""cookies @ -il0pZMFV3"" (50.00) | #8 ""fede @ qn6PIh4l_8"" (89.95) | #9 ""kai @ MHudt6juKp"" (97.00) | #10 ""jyt @ vz-F2AWZjE"" (54.42)",2026-03-20T01:35:35.290Z,177397053529001
"-- starting hand #4 (id: ykewmzu3r8hi)  No Limit Texas Hold'em (dealer: ""jyt @ vz-F2AWZjE"") --",2026-03-20T01:35:35.290Z,177397053529000
"-- ending hand #3 --",2026-03-20T01:35:32.362Z,177397053236202
"""jyt @ vz-F2AWZjE"" collected 1.00 from pot",2026-03-20T01:35:32.362Z,177397053236201
"Uncalled bet of 1.00 returned to ""jyt @ vz-F2AWZjE""",2026-03-20T01:35:32.362Z,177397053236200
"""Daveo da rula @ hL2HOafVVY"" folds",2026-03-20T01:35:31.540Z,177397053154000
"""jyt @ vz-F2AWZjE"" raises to 1.50",2026-03-20T01:35:30.460Z,177397053046000
"""kai @ MHudt6juKp"" folds",2026-03-20T01:35:28.029Z,177397052802900
"""fede @ qn6PIh4l_8"" folds",2026-03-20T01:35:23.408Z,177397052340800
"""cookies @ -il0pZMFV3"" folds",2026-03-20T01:35:21.971Z,177397052197100
"""Boateng @ vs_YqdtE2l"" folds",2026-03-20T01:35:21.105Z,177397052110500
"""Daveo da rula @ hL2HOafVVY"" posts a big blind of 0.50",2026-03-20T01:35:19.862Z,177397051986209
"""jyt @ vz-F2AWZjE"" posts a small blind of 0.25",2026-03-20T01:35:19.862Z,177397051986208
"Player stacks: #2 ""Daveo da rula @ hL2HOafVVY"" (199.13) | #3 ""Boateng @ vs_YqdtE2l"" (50.00) | #6 ""cookies @ -il0pZMFV3"" (50.00) | #8 ""fede @ qn6PIh4l_8"" (89.95) | #9 ""kai @ MHudt6juKp"" (97.00) | #10 ""jyt @ vz-F2AWZjE"" (53.92)",2026-03-20T01:35:19.862Z,177397051986201
"-- starting hand #3 (id: fufdhtcz04bg)  No Limit Texas Hold'em (dealer: ""kai @ MHudt6juKp"") --",2026-03-20T01:35:19.862Z,177397051986200
"-- ending hand #2 --",2026-03-20T01:35:16.950Z,177397051695002
"""jyt @ vz-F2AWZjE"" collected 23.72 from pot",2026-03-20T01:35:16.950Z,177397051695001
"Uncalled bet of 30.20 returned to ""jyt @ vz-F2AWZjE""",2026-03-20T01:35:16.950Z,177397051695000
"""fede @ qn6PIh4l_8"" folds",2026-03-20T01:35:16.124Z,177397051612400
"""Daveo da rula @ hL2HOafVVY"" folds",2026-03-20T01:35:14.003Z,177397051400300
"""jyt @ vz-F2AWZjE"" raises to 36.13 and go all in",2026-03-20T01:35:13.022Z,177397051302200
"""fede @ qn6PIh4l_8"" bets 5.93",2026-03-20T01:34:57.266Z,177397049726600
"""Daveo da rula @ hL2HOafVVY"" checks",2026-03-20T01:34:53.388Z,177397049338800
"""jyt @ vz-F2AWZjE"" checks",2026-03-20T01:34:52.004Z,177397049200400
"River: Q♠, 9♦, Q♥, 2♠ [A♠]",2026-03-20T01:34:49.068Z,177397048906800
"""fede @ qn6PIh4l_8"" checks",2026-03-20T01:34:48.240Z,177397048824000
"""Daveo da rula @ hL2HOafVVY"" checks",2026-03-20T01:34:46.739Z,177397048673900
"""jyt @ vz-F2AWZjE"" checks",2026-03-20T01:34:45.341Z,177397048534100
"Turn: Q♠, 9♦, Q♥ [2♠]",2026-03-20T01:34:39.933Z,177397047993300
"""Daveo da rula @ hL2HOafVVY"" calls 2.37",2026-03-20T01:34:39.064Z,177397047906400
"""jyt @ vz-F2AWZjE"" calls 2.37",2026-03-20T01:34:37.513Z,177397047751300
"""fede @ qn6PIh4l_8"" bets 2.37",2026-03-20T01:34:33.228Z,177397047322800
"""Daveo da rula @ hL2HOafVVY"" checks",2026-03-20T01:34:26.050Z,177397046605000
"""jyt @ vz-F2AWZjE"" checks",2026-03-20T01:34:24.564Z,177397046456400
"Flop:  [Q♠, 9♦, Q♥]",2026-03-20T01:34:23.254Z,177397046325400
"""jyt @ vz-F2AWZjE"" calls 1.50",2026-03-20T01:34:22.452Z,177397046245200
"""kai @ MHudt6juKp"" folds",2026-03-20T01:34:21.212Z,177397046121200
"""fede @ qn6PIh4l_8"" calls 1.50",2026-03-20T01:34:20.316Z,177397046031600
"""cookies @ -il0pZMFV3"" folds",2026-03-20T01:34:18.784Z,177397045878400
"""Boateng @ vs_YqdtE2l"" folds",2026-03-20T01:34:17.590Z,177397045759000
"""Daveo da rula @ hL2HOafVVY"" raises to 1.50",2026-03-20T01:34:14.099Z,177397045409900
"""jyt @ vz-F2AWZjE"" posts a big blind of 0.50",2026-03-20T01:34:12.344Z,177397045234409
"""kai @ MHudt6juKp"" posts a small blind of 0.25",2026-03-20T01:34:12.344Z,177397045234408
"Player stacks: #2 ""Daveo da rula @ hL2HOafVVY"" (203.00) | #3 ""Boateng @ vs_YqdtE2l"" (50.00) | #6 ""cookies @ -il0pZMFV3"" (50.00) | #8 ""fede @ qn6PIh4l_8"" (99.75) | #9 ""kai @ MHudt6juKp"" (97.25) | #10 ""jyt @ vz-F2AWZjE"" (40.00)",2026-03-20T01:34:12.344Z,177397045234401
"-- starting hand #2 (id: djy8gxtdmxwq)  No Limit Texas Hold'em (dealer: ""fede @ qn6PIh4l_8"") --",2026-03-20T01:34:12.344Z,177397045234400
"-- ending hand #1 --",2026-03-20T01:34:09.308Z,177397044930802
"""Daveo da rula @ hL2HOafVVY"" collected 5.75 from pot with Pair, K's (combination: 6♠, 8♥, 10♣, K♣, K♦)",2026-03-20T01:34:09.308Z,177397044930801
"""Daveo da rula @ hL2HOafVVY"" shows a K♣, 10♣.",2026-03-20T01:34:09.308Z,177397044930800
"""kai @ MHudt6juKp"" calls 1.00",2026-03-20T01:34:08.454Z,177397044845400
"""Daveo da rula @ hL2HOafVVY"" bets 1.00",2026-03-20T01:34:07.522Z,177397044752200
"""kai @ MHudt6juKp"" checks",2026-03-20T01:34:05.061Z,177397044506100
"River: 8♥, 2♠, 6♠, 4♥ [K♦]",2026-03-20T01:34:04.645Z,177397044464500
"""Daveo da rula @ hL2HOafVVY"" checks",2026-03-20T01:34:03.814Z,177397044381400
"""kai @ MHudt6juKp"" checks",2026-03-20T01:34:02.744Z,177397044274400
"Turn: 8♥, 2♠, 6♠ [4♥]",2026-03-20T01:34:01.831Z,177397044183100
"""Daveo da rula @ hL2HOafVVY"" checks",2026-03-20T01:34:00.925Z,177397044092500
"""kai @ MHudt6juKp"" checks",2026-03-20T01:33:59.107Z,177397043910700
"Flop:  [8♥, 2♠, 6♠]",2026-03-20T01:33:58.631Z,177397043863100
"""kai @ MHudt6juKp"" calls 1.75",2026-03-20T01:33:57.816Z,177397043781600
"""fede @ qn6PIh4l_8"" folds",2026-03-20T01:33:56.906Z,177397043690600
"""cookies @ -il0pZMFV3"" folds",2026-03-20T01:33:52.950Z,177397043295000
"""Boateng @ vs_YqdtE2l"" folds",2026-03-20T01:33:52.068Z,177397043206800
"""Daveo da rula @ hL2HOafVVY"" raises to 1.75",2026-03-20T01:33:49.644Z,177397042964400
"""jyt @ vz-F2AWZjE"" folds",2026-03-20T01:33:26.381Z,177397040638100
"""kai @ MHudt6juKp"" posts a big blind of 0.50",2026-03-20T01:33:24.452Z,177397040445215
"""fede @ qn6PIh4l_8"" posts a small blind of 0.25",2026-03-20T01:33:24.452Z,177397040445214
"Player stacks: #2 ""Daveo da rula @ hL2HOafVVY"" (200.00) | #3 ""Boateng @ vs_YqdtE2l"" (50.00) | #6 ""cookies @ -il0pZMFV3"" (50.00) | #8 ""fede @ qn6PIh4l_8"" (100.00) | #9 ""kai @ MHudt6juKp"" (100.00) | #10 ""jyt @ vz-F2AWZjE"" (40.00)",2026-03-20T01:33:24.452Z,177397040445207
"The player ""jyt @ vz-F2AWZjE"" joined the game with a stack of 40.00.",2026-03-20T01:33:24.452Z,177397040445206
"The player ""kai @ MHudt6juKp"" joined the game with a stack of 100.00.",2026-03-20T01:33:24.452Z,177397040445205
"The player ""fede @ qn6PIh4l_8"" joined the game with a stack of 100.00.",2026-03-20T01:33:24.452Z,177397040445204
"The player ""cookies @ -il0pZMFV3"" joined the game with a stack of 50.00.",2026-03-20T01:33:24.452Z,177397040445203
"The player ""Boateng @ vs_YqdtE2l"" joined the game with a stack of 50.00.",2026-03-20T01:33:24.452Z,177397040445202
"The player ""Daveo da rula @ hL2HOafVVY"" joined the game with a stack of 200.00.",2026-03-20T01:33:24.452Z,177397040445201
"-- starting hand #1 (id: o3swk773mvoi)  No Limit Texas Hold'em (dealer: ""cookies @ -il0pZMFV3"") --",2026-03-20T01:33:24.452Z,177397040445200
"The admin approved the player ""Boateng @ vs_YqdtE2l"" participation with a stack of 50.00.",2026-03-20T01:33:02.142Z,177397038214200
"The player ""Boateng @ vs_YqdtE2l"" requested a seat.",2026-03-20T01:32:41.048Z,177397036104800
"The player ""solo @ _2i5F0Icr8"" quits the game with a stack of 100.00.",2026-03-20T01:30:51.224Z,177397025122401
"The admin ""aden @ ukS_JNj8Jp"" enqueued the removal of the player ""solo @ _2i5F0Icr8"".",2026-03-20T01:30:51.224Z,177397025122400
"The player ""cookies @ -il0pZMFV3"" sit back with the stack of 50.00.",2026-03-20T01:24:21.759Z,177396986175900
"The admin approved the player ""Daveo da rula @ hL2HOafVVY"" participation with a stack of 200.00.",2026-03-20T01:21:06.821Z,177396966682100
"The player ""Daveo da rula @ hL2HOafVVY"" requested a seat.",2026-03-20T01:19:30.968Z,177396957096800
"The admin approved the player ""kai @ MHudt6juKp"" participation with a stack of 100.00.",2026-03-20T01:17:30.921Z,177396945092100
"The player ""kai @ MHudt6juKp"" requested a seat.",2026-03-20T01:15:37.491Z,177396933749100
"The player ""cookies @ -il0pZMFV3"" stand up with the stack of 50.00.",2026-03-20T01:14:37.384Z,177396927738400
"The admin approved the player ""cookies @ -il0pZMFV3"" participation with a stack of 50.00.",2026-03-20T01:11:13.674Z,177396907367400
"The admin approved the player ""fede @ qn6PIh4l_8"" participation with a stack of 100.00.",2026-03-20T01:11:12.552Z,177396907255200
"The player ""fede @ qn6PIh4l_8"" requested a seat.",2026-03-20T01:11:09.788Z,177396906978800
"The player ""cookies @ -il0pZMFV3"" requested a seat.",2026-03-20T01:11:09.366Z,177396906936600
"The admin approved the player ""jyt @ vz-F2AWZjE"" participation with a stack of 40.00.",2026-03-20T01:09:34.248Z,177396897424800
"The admin approved the player ""solo @ _2i5F0Icr8"" participation with a stack of 100.00.",2026-03-20T01:09:32.504Z,177396897250400
"The player ""jyt @ vz-F2AWZjE"" requested a seat.",2026-03-20T01:09:27.921Z,177396896792100
"The player ""solo @ _2i5F0Icr8"" requested a seat.",2026-03-20T01:09:14.962Z,177396895496200
"The game's ante was changed from 0.00 to 0.00.",2026-03-20T01:02:40.945Z,177396856094503
"The game's big blind was changed from 0.20 to 0.50.",2026-03-20T01:02:40.945Z,177396856094502
"The game's small blind was changed from 0.10 to 0.25.",2026-03-20T01:02:40.945Z,177396856094501
"Game Config Changes
* Allow Straddle: off » on
* Showdown Speed: Normal » Fast
* Cents Mode: off » on
* blind schedule: L1: 10/20 » L1: 25/50
* Decision Limit Time: 20s » 12s
* Allow Player Guest Chat: on » off
* Max Time Bank: 10s » 25s
* Hands to Full Refill Time Bank: 10 » 35
* 7-2 bounty: off » 250
* Auto Trim Excess Bets: off » on
* Restart Blind Schedule at Level: none » 1",2026-03-20T01:02:40.945Z,177396856094500
